date,france_10y,france_30y
2006-10-02,0.0375,0.039599999999999996
2006-10-03,0.0371,0.0391
2006-10-04,0.037599999999999995,0.039599999999999996
2006-10-05,0.037200000000000004,0.0393
2006-10-06,0.0371,0.0392
2006-10-09,0.0378,0.0397
2006-10-10,0.0381,0.039900000000000005
2006-10-11,0.0382,0.04
2006-10-12,0.0385,0.04019999999999999
2006-10-13,0.0383,0.0401
2006-10-16,0.0385,0.04019999999999999
2006-10-17,0.0384,0.0401
2006-10-18,0.0383,0.039900000000000005
2006-10-19,0.0384,0.0401
2006-10-20,0.0384,0.04019999999999999
2006-10-23,0.038900000000000004,0.0405
2006-10-24,0.0388,0.0404
2006-10-25,0.0388,0.0404
2006-10-26,0.039,0.0404
2006-10-27,0.038599999999999995,0.04
2006-10-30,0.0382,0.039599999999999996
2006-10-31,0.0381,0.0393
2006-11-01,0.0377,0.038900000000000004
2006-11-02,0.0375,0.038599999999999995
2006-11-03,0.0375,0.038900000000000004
2006-11-06,0.038,0.0393
2006-11-07,0.0379,0.0391
2006-11-08,0.0375,0.0387
2006-11-09,0.0378,0.039
2006-11-10,0.0375,0.0388
2006-11-13,0.037200000000000004,0.038599999999999995
2006-11-14,0.037599999999999995,0.039
2006-11-15,0.0374,0.038599999999999995
2006-11-16,0.037599999999999995,0.0388
2006-11-17,0.0378,0.039
2006-11-20,0.0373,0.038599999999999995
2006-11-21,0.037200000000000004,0.0384
2006-11-22,0.0373,0.0385
2006-11-23,0.0375,0.038900000000000004
2006-11-24,0.037200000000000004,0.038599999999999995
2006-11-27,0.0374,0.039
2006-11-28,0.0373,0.038900000000000004
2006-11-29,0.0373,0.0388
2006-11-30,0.0375,0.039
2006-12-01,0.0373,0.0388
2006-12-04,0.0369,0.0385
2006-12-05,0.037000000000000005,0.038599999999999995
2006-12-06,0.0371,0.038599999999999995
2006-12-07,0.0371,0.038599999999999995
2006-12-08,0.0373,0.0387
2006-12-11,0.0375,0.038900000000000004
2006-12-12,0.0377,0.039
2006-12-13,0.0373,0.038599999999999995
2006-12-14,0.0378,0.0391
2006-12-15,0.0383,0.0393
2006-12-18,0.0384,0.039599999999999996
2006-12-19,0.0387,0.039900000000000005
2006-12-20,0.038900000000000004,0.0401
2006-12-21,0.039,0.0403
2006-12-22,0.038900000000000004,0.04019999999999999
2006-12-27,0.0393,0.0405
2006-12-28,0.0398,0.040999999999999995
2006-12-29,0.0398,0.040999999999999995
2007-01-02,0.039599999999999996,0.0408
2007-01-03,0.0398,0.0409
2007-01-04,0.0397,0.0409
2007-01-05,0.039599999999999996,0.0408
2007-01-08,0.0401,0.041299999999999996
2007-01-09,0.04019999999999999,0.0415
2007-01-10,0.0403,0.0416
2007-01-11,0.0406,0.04190000000000001
2007-01-12,0.0406,0.04190000000000001
2007-01-15,0.0409,0.042300000000000004
2007-01-16,0.0409,0.042199999999999994
2007-01-17,0.0405,0.0418
2007-01-18,0.040999999999999995,0.042300000000000004
2007-01-19,0.0407,0.04190000000000001
2007-01-22,0.0408,0.04190000000000001
2007-01-23,0.0405,0.0416
2007-01-24,0.0406,0.0417
2007-01-25,0.0406,0.0417
2007-01-26,0.0412,0.042199999999999994
2007-01-29,0.0414,0.0425
2007-01-30,0.0414,0.042699999999999995
2007-01-31,0.041299999999999996,0.0425
2007-02-01,0.041100000000000005,0.0425
2007-02-02,0.0414,0.0426
2007-02-05,0.0408,0.042199999999999994
2007-02-06,0.0407,0.042
2007-02-07,0.0407,0.0421
2007-02-08,0.0407,0.042
2007-02-09,0.040999999999999995,0.042199999999999994
2007-02-12,0.0414,0.042699999999999995
2007-02-13,0.0416,0.0429
2007-02-14,0.0416,0.042800000000000005
2007-02-15,0.040999999999999995,0.042300000000000004
2007-02-16,0.0407,0.0421
2007-02-19,0.040999999999999995,0.042300000000000004
2007-02-20,0.041299999999999996,0.0425
2007-02-21,0.0409,0.042199999999999994
2007-02-22,0.0409,0.042199999999999994
2007-02-23,0.040999999999999995,0.042199999999999994
2007-02-26,0.0405,0.0417
2007-02-27,0.0401,0.041299999999999996
2007-02-28,0.039900000000000005,0.041299999999999996
2007-03-01,0.0401,0.0414
2007-03-02,0.0398,0.041299999999999996
2007-03-05,0.0394,0.041100000000000005
2007-03-06,0.0397,0.0412
2007-03-07,0.0397,0.0414
2007-03-08,0.0397,0.0414
2007-03-09,0.039599999999999996,0.041299999999999996
2007-03-12,0.0401,0.0417
2007-03-13,0.039599999999999996,0.0414
2007-03-14,0.0392,0.040999999999999995
2007-03-15,0.0395,0.041299999999999996
2007-03-16,0.0394,0.041100000000000005
2007-03-19,0.039599999999999996,0.041299999999999996
2007-03-20,0.0397,0.0414
2007-03-21,0.0394,0.041100000000000005
2007-03-22,0.0395,0.041299999999999996
2007-03-23,0.04,0.042
2007-03-26,0.0405,0.0424
2007-03-27,0.0406,0.0426
2007-03-28,0.0408,0.0426
2007-03-29,0.040999999999999995,0.043
2007-03-30,0.0409,0.042699999999999995
2007-04-02,0.040999999999999995,0.042800000000000005
2007-04-03,0.0412,0.0431
2007-04-04,0.041299999999999996,0.0433
2007-04-05,0.041299999999999996,0.0433
2007-04-10,0.0417,0.0437
2007-04-11,0.0417,0.0437
2007-04-12,0.04190000000000001,0.043899999999999995
2007-04-13,0.0425,0.044500000000000005
2007-04-16,0.042699999999999995,0.0447
2007-04-17,0.042800000000000005,0.0449
2007-04-18,0.0421,0.044000000000000004
2007-04-19,0.0418,0.0437
2007-04-20,0.0424,0.044199999999999996
2007-04-23,0.042199999999999994,0.043899999999999995
2007-04-24,0.042,0.0436
2007-04-25,0.042300000000000004,0.044000000000000004
2007-04-26,0.0425,0.0441
2007-04-27,0.0426,0.0441
2007-04-30,0.0426,0.0441
2007-05-02,0.0424,0.044000000000000004
2007-05-03,0.0426,0.0443
2007-05-04,0.0426,0.0443
2007-05-07,0.0426,0.044199999999999996
2007-05-08,0.0425,0.0441
2007-05-09,0.0425,0.044199999999999996
2007-05-10,0.042699999999999995,0.0443
2007-05-11,0.0421,0.0437
2007-05-14,0.043,0.0446
2007-05-15,0.0434,0.045
2007-05-16,0.0434,0.0449
2007-05-17,0.0434,0.044800000000000006
2007-05-18,0.0435,0.045
2007-05-21,0.0436,0.045
2007-05-22,0.0437,0.0451
2007-05-23,0.0441,0.0455
2007-05-24,0.043899999999999995,0.0453
2007-05-25,0.044000000000000004,0.0454
2007-05-28,0.044000000000000004,0.0454
2007-05-29,0.044199999999999996,0.0455
2007-05-30,0.044199999999999996,0.0455
2007-05-31,0.0443,0.045599999999999995
2007-06-01,0.0446,0.045700000000000005
2007-06-04,0.044800000000000006,0.0461
2007-06-05,0.045,0.0462
2007-06-06,0.0452,0.0464
2007-06-07,0.0454,0.0467
2007-06-08,0.0461,0.0475
2007-06-11,0.045899999999999996,0.0473
2007-06-12,0.0462,0.047599999999999996
2007-06-13,0.047,0.048600000000000004
2007-06-14,0.046900000000000004,0.048600000000000004
2007-06-15,0.0471,0.048799999999999996
2007-06-18,0.0467,0.0484
2007-06-19,0.046799999999999994,0.048600000000000004
2007-06-20,0.0462,0.0478
2007-06-21,0.0471,0.048499999999999995
2007-06-22,0.046799999999999994,0.0483
2007-06-25,0.0466,0.0481
2007-06-26,0.0463,0.04769999999999999
2007-06-27,0.045899999999999996,0.0473
2007-06-28,0.0464,0.04769999999999999
2007-06-29,0.046,0.0473
2007-07-02,0.045700000000000005,0.047
2007-07-03,0.0458,0.0471
2007-07-04,0.04650000000000001,0.04769999999999999
2007-07-05,0.046799999999999994,0.048
2007-07-06,0.0471,0.0482
2007-07-09,0.047400000000000005,0.048499999999999995
2007-07-10,0.0471,0.0481
2007-07-11,0.0462,0.0473
2007-07-12,0.0466,0.0479
2007-07-13,0.047,0.0481
2007-07-16,0.0466,0.0478
2007-07-17,0.0462,0.0473
2007-07-18,0.0463,0.047400000000000005
2007-07-19,0.0464,0.047599999999999996
2007-07-20,0.045700000000000005,0.046799999999999994
2007-07-23,0.0449,0.0461
2007-07-24,0.045,0.0462
2007-07-25,0.044800000000000006,0.0462
2007-07-26,0.044800000000000006,0.0461
2007-07-27,0.0443,0.045599999999999995
2007-07-30,0.044199999999999996,0.0455
2007-07-31,0.044500000000000005,0.0458
2007-08-01,0.043899999999999995,0.0451
2007-08-02,0.0444,0.045599999999999995
2007-08-03,0.044500000000000005,0.045700000000000005
2007-08-06,0.0441,0.0454
2007-08-07,0.0444,0.045599999999999995
2007-08-08,0.0449,0.0461
2007-08-09,0.0447,0.045899999999999996
2007-08-10,0.0443,0.045599999999999995
2007-08-13,0.0444,0.046
2007-08-14,0.0444,0.045899999999999996
2007-08-15,0.0441,0.0458
2007-08-16,0.0437,0.0455
2007-08-17,0.0434,0.0454
2007-08-20,0.044000000000000004,0.0461
2007-08-21,0.0432,0.0432
2007-08-22,0.0436,0.045899999999999996
2007-08-23,0.044000000000000004,0.045899999999999996
2007-08-24,0.0434,0.045599999999999995
2007-08-27,0.043899999999999995,0.0458
2007-08-28,0.0434,0.0455
2007-08-29,0.0429,0.0453
2007-08-30,0.0434,0.045899999999999996
2007-08-31,0.0436,0.045899999999999996
2007-09-03,0.0434,0.0458
2007-09-04,0.0434,0.045700000000000005
2007-09-05,0.0436,0.0461
2007-09-06,0.0434,0.0458
2007-09-07,0.0433,0.0458
2007-09-10,0.0425,0.0451
2007-09-11,0.042300000000000004,0.044800000000000006
2007-09-12,0.0424,0.0451
2007-09-13,0.042300000000000004,0.045
2007-09-14,0.0426,0.0452
2007-09-17,0.0425,0.045
2007-09-18,0.042699999999999995,0.0451
2007-09-19,0.0436,0.046
2007-09-20,0.0437,0.0463
2007-09-21,0.0444,0.047
2007-09-24,0.0447,0.047400000000000005
2007-09-25,0.044199999999999996,0.046799999999999994
2007-09-26,0.044500000000000005,0.047
2007-09-27,0.0449,0.0472
2007-09-28,0.0444,0.046799999999999994
2007-10-01,0.0447,0.046799999999999994
2007-10-02,0.0446,0.046799999999999994
2007-10-03,0.0441,0.0463
2007-10-04,0.0444,0.04650000000000001
2007-10-05,0.043899999999999995,0.046
2007-10-08,0.044500000000000005,0.04650000000000001
2007-10-09,0.0444,0.0463
2007-10-10,0.044199999999999996,0.0462
2007-10-11,0.0447,0.0466
2007-10-12,0.0446,0.0466
2007-10-15,0.0452,0.047
2007-10-16,0.0451,0.0472
2007-10-17,0.0451,0.0472
2007-10-18,0.0447,0.046799999999999994
2007-10-19,0.044000000000000004,0.0462
2007-10-22,0.0429,0.0453
2007-10-23,0.0431,0.0454
2007-10-24,0.042800000000000005,0.0452
2007-10-25,0.042699999999999995,0.0451
2007-10-26,0.042699999999999995,0.045
2007-10-29,0.043,0.0453
2007-10-30,0.043,0.0453
2007-10-31,0.043,0.0452
2007-11-01,0.0443,0.0463
2007-11-02,0.0431,0.0453
2007-11-05,0.042699999999999995,0.045
2007-11-06,0.0432,0.0455
2007-11-07,0.042699999999999995,0.0452
2007-11-08,0.0426,0.0452
2007-11-09,0.0425,0.0453
2007-11-12,0.042300000000000004,0.0452
2007-11-13,0.042199999999999994,0.0451
2007-11-14,0.043,0.045700000000000005
2007-11-15,0.0426,0.0454
2007-11-16,0.042199999999999994,0.0451
2007-11-19,0.042199999999999994,0.0453
2007-11-20,0.0417,0.0449
2007-11-21,0.0414,0.0451
2007-11-22,0.0416,0.0455
2007-11-23,0.0417,0.045700000000000005
2007-11-26,0.0418,0.0458
2007-11-27,0.0414,0.0453
2007-11-28,0.0418,0.045700000000000005
2007-11-29,0.0424,0.0461
2007-11-30,0.042199999999999994,0.046
2007-12-03,0.0425,0.0464
2007-12-04,0.042,0.045899999999999996
2007-12-05,0.0415,0.0455
2007-12-06,0.0417,0.0455
2007-12-07,0.0424,0.046
2007-12-10,0.0429,0.0464
2007-12-11,0.0437,0.046900000000000004
2007-12-12,0.0435,0.046799999999999994
2007-12-13,0.044000000000000004,0.047
2007-12-14,0.0441,0.046799999999999994
2007-12-17,0.044000000000000004,0.04650000000000001
2007-12-18,0.043899999999999995,0.04650000000000001
2007-12-19,0.0437,0.0461
2007-12-20,0.044000000000000004,0.0463
2007-12-21,0.0438,0.0462
2007-12-24,0.0438,0.0462
2007-12-26,0.0438,0.0462
2007-12-27,0.044500000000000005,0.046799999999999994
2007-12-28,0.0447,0.047
2007-12-31,0.0447,0.047
2008-01-02,0.044500000000000005,0.0471
2008-01-03,0.0432,0.0462
2008-01-04,0.042800000000000005,0.045899999999999996
2008-01-07,0.0425,0.0458
2008-01-08,0.0425,0.045899999999999996
2008-01-09,0.042300000000000004,0.0458
2008-01-10,0.042199999999999994,0.045700000000000005
2008-01-11,0.0424,0.0462
2008-01-14,0.0416,0.0454
2008-01-15,0.0416,0.045599999999999995
2008-01-16,0.041100000000000005,0.0453
2008-01-17,0.041100000000000005,0.0452
2008-01-18,0.0407,0.0451
2008-01-21,0.0406,0.0452
2008-01-22,0.04,0.0447
2008-01-23,0.0406,0.0454
2008-01-24,0.0408,0.0458
2008-01-25,0.0416,0.0462
2008-01-28,0.0408,0.0454
2008-01-29,0.041100000000000005,0.045700000000000005
2008-01-30,0.0412,0.046
2008-01-31,0.041100000000000005,0.0458
2008-02-01,0.0407,0.0453
2008-02-04,0.0406,0.0451
2008-02-05,0.0404,0.045
2008-02-06,0.039900000000000005,0.044500000000000005
2008-02-07,0.0403,0.0449
2008-02-08,0.0405,0.0454
2008-02-11,0.04019999999999999,0.044800000000000006
2008-02-12,0.04,0.044800000000000006
2008-02-13,0.0407,0.045599999999999995
2008-02-14,0.0412,0.046
2008-02-15,0.0414,0.0461
2008-02-18,0.041299999999999996,0.0461
2008-02-19,0.0412,0.046
2008-02-20,0.0418,0.04650000000000001
2008-02-21,0.0418,0.0463
2008-02-22,0.0414,0.046
2008-02-25,0.0418,0.04650000000000001
2008-02-26,0.0421,0.046900000000000004
2008-02-27,0.04190000000000001,0.046900000000000004
2008-02-28,0.042,0.047
2008-02-29,0.0409,0.0461
2008-03-03,0.0401,0.045599999999999995
2008-03-04,0.0403,0.045899999999999996
2008-03-05,0.0407,0.0463
2008-03-06,0.040999999999999995,0.046900000000000004
2008-03-07,0.0408,0.046900000000000004
2008-03-10,0.0403,0.0463
2008-03-11,0.039900000000000005,0.046
2008-03-12,0.0403,0.0462
2008-03-13,0.039599999999999996,0.045599999999999995
2008-03-14,0.0398,0.046
2008-03-17,0.0392,0.045599999999999995
2008-03-18,0.0397,0.0464
2008-03-19,0.0401,0.0461
2008-03-20,0.0398,0.0454
2008-03-25,0.0407,0.0453
2008-03-26,0.040999999999999995,0.0458
2008-03-27,0.0415,0.0467
2008-03-28,0.04190000000000001,0.047
2008-03-31,0.0417,0.046799999999999994
2008-04-01,0.0416,0.0466
2008-04-02,0.0418,0.04650000000000001
2008-04-03,0.042,0.0466
2008-04-04,0.04190000000000001,0.0466
2008-04-07,0.0421,0.04650000000000001
2008-04-08,0.042,0.0464
2008-04-09,0.0421,0.0466
2008-04-10,0.04190000000000001,0.0463
2008-04-11,0.0421,0.04650000000000001
2008-04-14,0.0412,0.0458
2008-04-15,0.041299999999999996,0.0458
2008-04-16,0.042,0.04650000000000001
2008-04-17,0.042800000000000005,0.0473
2008-04-18,0.0431,0.04769999999999999
2008-04-21,0.0431,0.047599999999999996
2008-04-22,0.0435,0.0478
2008-04-23,0.0434,0.047599999999999996
2008-04-24,0.042800000000000005,0.047400000000000005
2008-04-25,0.044000000000000004,0.0484
2008-04-28,0.0438,0.0484
2008-04-29,0.0438,0.0481
2008-04-30,0.0433,0.047599999999999996
2008-05-02,0.0432,0.0473
2008-05-05,0.0436,0.047400000000000005
2008-05-06,0.0434,0.0472
2008-05-07,0.0437,0.0475
2008-05-08,0.0432,0.047
2008-05-09,0.042300000000000004,0.0464
2008-05-12,0.0425,0.04650000000000001
2008-05-13,0.0424,0.0464
2008-05-14,0.0438,0.0479
2008-05-15,0.044500000000000005,0.0473
2008-05-16,0.0441,0.048
2008-05-19,0.0435,0.0473
2008-05-20,0.0438,0.047599999999999996
2008-05-21,0.0443,0.0479
2008-05-22,0.0444,0.0481
2008-05-23,0.044500000000000005,0.048
2008-05-26,0.0446,0.048
2008-05-27,0.0447,0.0481
2008-05-28,0.0452,0.0487
2008-05-29,0.045899999999999996,0.0493
2008-05-30,0.0461,0.0495
2008-06-02,0.0455,0.048799999999999996
2008-06-03,0.0454,0.049
2008-06-04,0.045599999999999995,0.049100000000000005
2008-06-05,0.0462,0.0495
2008-06-06,0.0463,0.048499999999999995
2008-06-09,0.045899999999999996,0.0466
2008-06-10,0.0472,0.048499999999999995
2008-06-11,0.0471,0.049100000000000005
2008-06-12,0.048,0.049800000000000004
2008-06-13,0.0482,0.0496
2008-06-16,0.0482,0.0493
2008-06-17,0.0479,0.048799999999999996
2008-06-18,0.0479,0.048799999999999996
2008-06-19,0.048,0.0483
2008-06-20,0.0482,0.0484
2008-06-23,0.047400000000000005,0.0481
2008-06-24,0.0479,0.0489
2008-06-25,0.0479,0.049100000000000005
2008-06-26,0.04769999999999999,0.049
2008-06-27,0.047,0.0492
2008-06-30,0.047400000000000005,0.049400000000000006
2008-07-01,0.0479,0.0495
2008-07-02,0.048499999999999995,0.0499
2008-07-03,0.048600000000000004,0.0496
2008-07-04,0.047400000000000005,0.0496
2008-07-07,0.0467,0.048799999999999996
2008-07-08,0.0463,0.0487
2008-07-09,0.0467,0.048799999999999996
2008-07-10,0.0461,0.0483
2008-07-11,0.0464,0.048600000000000004
2008-07-14,0.0467,0.049
2008-07-15,0.0458,0.0484
2008-07-16,0.045899999999999996,0.048600000000000004
2008-07-17,0.0466,0.0487
2008-07-18,0.0466,0.0489
2008-07-21,0.0479,0.0495
2008-07-22,0.0479,0.0496
2008-07-23,0.048499999999999995,0.05
2008-07-24,0.04769999999999999,0.049400000000000006
2008-07-25,0.047,0.049
2008-07-28,0.047599999999999996,0.049400000000000006
2008-07-29,0.047,0.0492
2008-07-30,0.0463,0.048499999999999995
2008-07-31,0.0461,0.0483
2008-08-01,0.045599999999999995,0.0478
2008-08-04,0.0452,0.04769999999999999
2008-08-05,0.0454,0.0478
2008-08-06,0.045,0.0475
2008-08-07,0.045,0.04769999999999999
2008-08-08,0.0443,0.048
2008-08-11,0.044199999999999996,0.048
2008-08-12,0.0441,0.04769999999999999
2008-08-13,0.044199999999999996,0.04769999999999999
2008-08-14,0.044000000000000004,0.047599999999999996
2008-08-15,0.0438,0.047400000000000005
2008-08-18,0.0433,0.047
2008-08-19,0.0432,0.047
2008-08-20,0.0437,0.047400000000000005
2008-08-21,0.0434,0.0472
2008-08-22,0.0438,0.0473
2008-08-25,0.0438,0.0473
2008-08-26,0.043,0.046900000000000004
2008-08-27,0.0432,0.0471
2008-08-28,0.0437,0.0472
2008-08-29,0.0436,0.04650000000000001
2008-09-01,0.0435,0.04650000000000001
2008-09-02,0.0443,0.0471
2008-09-03,0.0435,0.0467
2008-09-04,0.0438,0.0471
2008-09-05,0.0425,0.0464
2008-09-08,0.0435,0.047
2008-09-09,0.0432,0.047
2008-09-10,0.0431,0.046900000000000004
2008-09-11,0.0433,0.047400000000000005
2008-09-12,0.0438,0.0478
2008-09-15,0.042699999999999995,0.0472
2008-09-16,0.042699999999999995,0.0472
2008-09-17,0.0433,0.0471
2008-09-18,0.0437,0.0479
2008-09-19,0.044500000000000005,0.0489
2008-09-22,0.045,0.0496
2008-09-23,0.0452,0.0499
2008-09-24,0.0447,0.049400000000000006
2008-09-25,0.044800000000000006,0.049
2008-09-26,0.0447,0.048799999999999996
2008-09-29,0.0441,0.0483
2008-09-30,0.0435,0.047400000000000005
2008-10-01,0.0438,0.0467
2008-10-02,0.0443,0.046799999999999994
2008-10-03,0.042699999999999995,0.0449
2008-10-06,0.0414,0.0433
2008-10-07,0.040999999999999995,0.0426
2008-10-08,0.0406,0.041100000000000005
2008-10-09,0.042699999999999995,0.0441
2008-10-10,0.0421,0.042800000000000005
2008-10-13,0.044500000000000005,0.04650000000000001
2008-10-14,0.044199999999999996,0.046
2008-10-15,0.0436,0.04650000000000001
2008-10-16,0.043899999999999995,0.04769999999999999
2008-10-17,0.0435,0.0471
2008-10-20,0.0433,0.0466
2008-10-21,0.042699999999999995,0.0462
2008-10-22,0.04190000000000001,0.045599999999999995
2008-10-23,0.0414,0.044800000000000006
2008-10-24,0.040999999999999995,0.043
2008-10-27,0.041100000000000005,0.0437
2008-10-28,0.042,0.0446
2008-10-29,0.0418,0.044199999999999996
2008-10-30,0.043,0.0449
2008-10-31,0.042300000000000004,0.044500000000000005
2008-11-03,0.0436,0.0463
2008-11-04,0.0436,0.045899999999999996
2008-11-05,0.0429,0.0452
2008-11-06,0.042699999999999995,0.0464
2008-11-07,0.0409,0.0449
2008-11-10,0.0409,0.0441
2008-11-11,0.0407,0.044500000000000005
2008-11-12,0.0404,0.0444
2008-11-13,0.0405,0.0449
2008-11-14,0.0406,0.0454
2008-11-17,0.0401,0.045
2008-11-18,0.0397,0.0447
2008-11-19,0.039,0.043899999999999995
2008-11-20,0.0382,0.042699999999999995
2008-11-21,0.0381,0.04190000000000001
2008-11-24,0.0383,0.0417
2008-11-25,0.0383,0.0416
2008-11-26,0.0373,0.0401
2008-11-27,0.037200000000000004,0.0395
2008-11-28,0.0366,0.038599999999999995
2008-12-01,0.0364,0.038599999999999995
2008-12-02,0.0358,0.0377
2008-12-03,0.0346,0.0354
2008-12-04,0.0342,0.0345
2008-12-05,0.0353,0.0361
2008-12-08,0.036000000000000004,0.0373
2008-12-09,0.0364,0.0374
2008-12-10,0.0366,0.0379
2008-12-11,0.036000000000000004,0.038900000000000004
2008-12-12,0.0358,0.0383
2008-12-15,0.0364,0.0393
2008-12-16,0.0365,0.0391
2008-12-17,0.0348,0.0371
2008-12-18,0.0351,0.038
2008-12-19,0.0346,0.0366
2008-12-22,0.0347,0.0375
2008-12-23,0.0339,0.037200000000000004
2008-12-24,0.0339,0.037200000000000004
2008-12-26,0.0339,0.037200000000000004
2008-12-29,0.0339,0.037000000000000005
2008-12-30,0.0342,0.0371
2008-12-31,0.0342,0.0371
2009-01-02,0.0345,0.0373
2009-01-05,0.0349,0.0378
2009-01-06,0.0353,0.0385
2009-01-07,0.036000000000000004,0.0395
2009-01-08,0.0369,0.0412
2009-01-09,0.0356,0.04019999999999999
2009-01-12,0.0352,0.04019999999999999
2009-01-13,0.0353,0.0404
2009-01-14,0.0355,0.0414
2009-01-15,0.0341,0.0403
2009-01-16,0.0345,0.04019999999999999
2009-01-19,0.0355,0.041299999999999996
2009-01-20,0.0356,0.040999999999999995
2009-01-21,0.035699999999999996,0.041299999999999996
2009-01-22,0.0368,0.042
2009-01-23,0.0371,0.0429
2009-01-26,0.0383,0.0446
2009-01-27,0.038599999999999995,0.043899999999999995
2009-01-28,0.0381,0.042699999999999995
2009-01-29,0.0373,0.0416
2009-01-30,0.0381,0.040999999999999995
2009-02-02,0.0378,0.0418
2009-02-03,0.0381,0.0414
2009-02-04,0.0383,0.04190000000000001
2009-02-05,0.0384,0.0421
2009-02-06,0.0379,0.0417
2009-02-09,0.0382,0.0421
2009-02-10,0.0379,0.0418
2009-02-11,0.0373,0.0412
2009-02-12,0.0364,0.0405
2009-02-13,0.0363,0.0406
2009-02-16,0.0359,0.039900000000000005
2009-02-17,0.0358,0.0398
2009-02-18,0.0352,0.0391
2009-02-19,0.0361,0.0412
2009-02-20,0.035699999999999996,0.0408
2009-02-23,0.0362,0.041299999999999996
2009-02-24,0.0353,0.0407
2009-02-25,0.0358,0.0408
2009-02-26,0.0365,0.0407
2009-02-27,0.036699999999999997,0.040999999999999995
2009-03-02,0.0362,0.0405
2009-03-03,0.0365,0.040999999999999995
2009-03-04,0.0374,0.0418
2009-03-05,0.037599999999999995,0.042300000000000004
2009-03-06,0.0356,0.0405
2009-03-09,0.0355,0.0403
2009-03-10,0.0362,0.0406
2009-03-11,0.037000000000000005,0.0414
2009-03-12,0.0365,0.041299999999999996
2009-03-13,0.0366,0.042300000000000004
2009-03-16,0.0366,0.042800000000000005
2009-03-17,0.0366,0.042699999999999995
2009-03-18,0.0375,0.0437
2009-03-19,0.0361,0.042
2009-03-20,0.0358,0.04190000000000001
2009-03-23,0.0356,0.0416
2009-03-24,0.0363,0.0421
2009-03-25,0.036699999999999997,0.042800000000000005
2009-03-26,0.036699999999999997,0.0432
2009-03-27,0.0362,0.042699999999999995
2009-03-30,0.0361,0.0417
2009-03-31,0.0364,0.0415
2009-04-01,0.0361,0.041100000000000005
2009-04-02,0.0362,0.0417
2009-04-03,0.0369,0.042
2009-04-06,0.037200000000000004,0.042800000000000005
2009-04-07,0.037200000000000004,0.0429
2009-04-08,0.0369,0.0425
2009-04-09,0.0374,0.043
2009-04-14,0.0369,0.0424
2009-04-15,0.0366,0.042300000000000004
2009-04-16,0.036699999999999997,0.042699999999999995
2009-04-17,0.0368,0.042300000000000004
2009-04-20,0.037000000000000005,0.0424
2009-04-21,0.036000000000000004,0.0416
2009-04-22,0.0362,0.0417
2009-04-23,0.0365,0.0418
2009-04-24,0.0361,0.0414
2009-04-27,0.0356,0.041100000000000005
2009-04-28,0.0356,0.041100000000000005
2009-04-29,0.0362,0.0415
2009-04-30,0.0362,0.0412
2009-05-04,0.036000000000000004,0.0414
2009-05-05,0.0362,0.0418
2009-05-06,0.0362,0.042
2009-05-07,0.0366,0.042699999999999995
2009-05-08,0.0379,0.0441
2009-05-11,0.0377,0.0438
2009-05-12,0.037599999999999995,0.0436
2009-05-13,0.038,0.044000000000000004
2009-05-14,0.0373,0.044000000000000004
2009-05-15,0.0371,0.0438
2009-05-18,0.0374,0.0436
2009-05-19,0.038,0.0441
2009-05-20,0.0383,0.0444
2009-05-21,0.038,0.0447
2009-05-22,0.0384,0.044800000000000006
2009-05-25,0.0391,0.045599999999999995
2009-05-26,0.039,0.0452
2009-05-27,0.039599999999999996,0.045700000000000005
2009-05-28,0.04,0.045599999999999995
2009-05-29,0.0398,0.0452
2009-06-01,0.0397,0.0454
2009-06-02,0.039900000000000005,0.0462
2009-06-03,0.0397,0.0461
2009-06-04,0.0394,0.0453
2009-06-05,0.039900000000000005,0.0455
2009-06-08,0.0404,0.0453
2009-06-09,0.039900000000000005,0.045
2009-06-10,0.04,0.045
2009-06-11,0.04019999999999999,0.0454
2009-06-12,0.0395,0.045
2009-06-15,0.0391,0.044800000000000006
2009-06-16,0.0387,0.044800000000000006
2009-06-17,0.0385,0.044500000000000005
2009-06-18,0.0385,0.0447
2009-06-19,0.0393,0.045599999999999995
2009-06-22,0.0383,0.044800000000000006
2009-06-23,0.0384,0.0449
2009-06-24,0.0382,0.044500000000000005
2009-06-25,0.0381,0.044800000000000006
2009-06-26,0.038,0.0444
2009-06-29,0.0374,0.043899999999999995
2009-06-30,0.037200000000000004,0.0437
2009-07-01,0.0374,0.0437
2009-07-02,0.0374,0.0437
2009-07-03,0.0369,0.0431
2009-07-06,0.0366,0.042800000000000005
2009-07-07,0.0368,0.042800000000000005
2009-07-08,0.0363,0.0426
2009-07-09,0.0363,0.042699999999999995
2009-07-10,0.0365,0.0425
2009-07-13,0.036000000000000004,0.042199999999999994
2009-07-14,0.0366,0.042300000000000004
2009-07-15,0.0368,0.0425
2009-07-16,0.0371,0.042800000000000005
2009-07-17,0.0371,0.0425
2009-07-20,0.0374,0.0437
2009-07-21,0.0368,0.0435
2009-07-22,0.0369,0.0432
2009-07-23,0.0364,0.0434
2009-07-24,0.036699999999999997,0.043899999999999995
2009-07-27,0.037000000000000005,0.044000000000000004
2009-07-28,0.0368,0.0438
2009-07-29,0.0361,0.042800000000000005
2009-07-30,0.0363,0.0431
2009-07-31,0.0355,0.0421
2009-08-03,0.0354,0.0414
2009-08-04,0.035699999999999996,0.0414
2009-08-05,0.0356,0.0416
2009-08-06,0.0353,0.0412
2009-08-07,0.0354,0.0414
2009-08-10,0.0369,0.0421
2009-08-11,0.036699999999999997,0.042
2009-08-12,0.0363,0.04190000000000001
2009-08-13,0.036699999999999997,0.042199999999999994
2009-08-14,0.0359,0.0418
2009-08-17,0.0351,0.041100000000000005
2009-08-18,0.0353,0.0412
2009-08-19,0.0352,0.0408
2009-08-20,0.0351,0.0408
2009-08-21,0.035,0.0409
2009-08-24,0.0356,0.0412
2009-08-25,0.0352,0.0412
2009-08-26,0.0349,0.041100000000000005
2009-08-27,0.0348,0.0409
2009-08-28,0.0353,0.0414
2009-08-31,0.0351,0.0412
2009-09-01,0.0351,0.041100000000000005
2009-09-02,0.0353,0.0412
2009-09-03,0.0355,0.0415
2009-09-04,0.0358,0.0418
2009-09-07,0.0358,0.04190000000000001
2009-09-08,0.0358,0.0421
2009-09-09,0.0359,0.0425
2009-09-10,0.0365,0.0432
2009-09-11,0.0356,0.042
2009-09-14,0.0352,0.0417
2009-09-15,0.0355,0.0418
2009-09-16,0.0354,0.0418
2009-09-17,0.0361,0.042199999999999994
2009-09-18,0.0358,0.042300000000000004
2009-09-21,0.0362,0.0429
2009-09-22,0.036699999999999997,0.0433
2009-09-23,0.0365,0.042800000000000005
2009-09-24,0.035699999999999996,0.042199999999999994
2009-09-25,0.0353,0.042
2009-09-28,0.0351,0.0412
2009-09-29,0.0353,0.041299999999999996
2009-09-30,0.0353,0.0408
2009-10-01,0.035699999999999996,0.0415
2009-10-02,0.0351,0.0412
2009-10-05,0.0347,0.0407
2009-10-06,0.0349,0.0407
2009-10-07,0.0348,0.0405
2009-10-08,0.0346,0.0404
2009-10-09,0.0349,0.0407
2009-10-12,0.0354,0.041299999999999996
2009-10-13,0.0353,0.0412
2009-10-14,0.0355,0.0417
2009-10-15,0.0363,0.042
2009-10-16,0.0366,0.0424
2009-10-19,0.0363,0.042300000000000004
2009-10-20,0.0358,0.04190000000000001
2009-10-21,0.035699999999999996,0.042199999999999994
2009-10-22,0.035699999999999996,0.042300000000000004
2009-10-23,0.036000000000000004,0.0426
2009-10-26,0.0364,0.0429
2009-10-27,0.0361,0.0429
2009-10-28,0.0353,0.042199999999999994
2009-10-29,0.0356,0.042199999999999994
2009-10-30,0.035699999999999996,0.0421
2009-11-02,0.0354,0.0418
2009-11-03,0.0353,0.0418
2009-11-04,0.0361,0.0426
2009-11-05,0.0363,0.043
2009-11-06,0.0362,0.042800000000000005
2009-11-09,0.0365,0.043
2009-11-10,0.036000000000000004,0.0426
2009-11-11,0.0361,0.0425
2009-11-12,0.0355,0.042
2009-11-13,0.0358,0.0421
2009-11-16,0.0359,0.0421
2009-11-17,0.0358,0.0418
2009-11-18,0.0355,0.041299999999999996
2009-11-19,0.03581,0.04139
2009-11-20,0.03566,0.04125
2009-11-23,0.03565,0.04125
2009-11-24,0.035539999999999995,0.04131
2009-11-25,0.03525,0.041479999999999996
2009-11-26,0.03465,0.041299999999999996
2009-11-27,0.0345,0.04099
2009-11-30,0.03418,0.040830000000000005
2009-12-01,0.03444,0.04085
2009-12-02,0.03451,0.040780000000000004
2009-12-03,0.0348,0.04128999999999999
2009-12-04,0.0346,0.040970000000000006
2009-12-07,0.03471,0.04119
2009-12-08,0.03463,0.04096
2009-12-09,0.03444,0.04059
2009-12-10,0.03475,0.04106
2009-12-11,0.03503,0.04149
2009-12-14,0.03459,0.04115
2009-12-15,0.03449,0.04108
2009-12-16,0.03483,0.041420000000000005
2009-12-17,0.03444,0.04075
2009-12-18,0.03401,0.04019999999999999
2009-12-21,0.03408,0.04027
2009-12-22,0.03481,0.041120000000000004
2009-12-23,0.03505,0.04136
2009-12-24,0.03505,0.04136
2009-12-28,0.03569,0.042140000000000004
2009-12-29,0.03582,0.042140000000000004
2009-12-30,0.03587,0.04234
2009-12-31,0.03587,0.04234
2010-01-04,0.03626,0.04278
2010-01-05,0.03649,0.042510000000000006
2010-01-06,0.036309999999999995,0.04244
2010-01-07,0.03628,0.042640000000000004
2010-01-08,0.03612,0.04247
2010-01-11,0.03593,0.04261
2010-01-12,0.03545,0.04218
2010-01-13,0.03574,0.0425
2010-01-14,0.03583,0.04234
2010-01-15,0.03552,0.04213
2010-01-18,0.03526,0.0418
2010-01-19,0.035339999999999996,0.041769999999999995
2010-01-20,0.03524,0.042039999999999994
2010-01-21,0.03514,0.042030000000000005
2010-01-22,0.03479,0.04179
2010-01-25,0.03496,0.041749999999999995
2010-01-26,0.03466,0.04165
2010-01-27,0.034780000000000005,0.04149
2010-01-28,0.03505,0.04156
2010-01-29,0.0349,0.0412
2010-02-01,0.03479,0.04108
2010-02-02,0.03503,0.04138
2010-02-03,0.03515,0.04146
2010-02-04,0.03524,0.04154
2010-02-05,0.03438,0.04074
2010-02-08,0.034230000000000003,0.03976
2010-02-09,0.03461,0.040510000000000004
2010-02-10,0.034910000000000004,0.041139999999999996
2010-02-11,0.03474,0.040999999999999995
2010-02-12,0.0348,0.04124
2010-02-15,0.03466,0.041139999999999996
2010-02-16,0.03472,0.041210000000000004
2010-02-17,0.03473,0.0414
2010-02-18,0.034769999999999995,0.04153
2010-02-19,0.03522,0.04166
2010-02-22,0.03517,0.04195
2010-02-23,0.03484,0.04152
2010-02-24,0.03391,0.04061
2010-02-25,0.03367,0.040389999999999995
2010-02-26,0.03376,0.040519999999999994
2010-03-01,0.03391,0.04038
2010-03-02,0.03383,0.04054
2010-03-03,0.03392,0.04062
2010-03-04,0.03435,0.04106
2010-03-05,0.03406,0.04073
2010-03-08,0.03427,0.040979999999999996
2010-03-09,0.03411,0.04124
2010-03-10,0.03413,0.04117
2010-03-11,0.03436,0.04101
2010-03-12,0.03467,0.041299999999999996
2010-03-15,0.03426,0.0409
2010-03-16,0.03429,0.04113000000000001
2010-03-17,0.03404,0.04089
2010-03-18,0.03394,0.04089
2010-03-19,0.03418,0.04109
2010-03-22,0.03397,0.04074
2010-03-23,0.03356,0.040330000000000005
2010-03-24,0.03375,0.04031
2010-03-25,0.03428,0.04064
2010-03-26,0.03458,0.04086
2010-03-29,0.0347,0.04091
2010-03-30,0.03436,0.04061
2010-03-31,0.03418,0.04048
2010-04-01,0.03404,0.040279999999999996
2010-04-06,0.03444,0.04009
2010-04-07,0.03438,0.03996
2010-04-08,0.034089999999999995,0.03994
2010-04-09,0.03419,0.040190000000000003
2010-04-12,0.03466,0.040670000000000005
2010-04-13,0.03455,0.04063
2010-04-14,0.034249999999999996,0.04056
2010-04-15,0.03408,0.04025
2010-04-16,0.03401,0.04035999999999999
2010-04-19,0.03371,0.0403
2010-04-20,0.03382,0.04019999999999999
2010-04-21,0.033929999999999995,0.0403
2010-04-22,0.03386,0.04038
2010-04-23,0.03395,0.04011
2010-04-26,0.0335,0.03988
2010-04-27,0.0336,0.03973
2010-04-28,0.03286,0.03868
2010-04-29,0.033319999999999995,0.03894
2010-04-30,0.03329,0.039060000000000004
2010-05-03,0.03306,0.03914
2010-05-04,0.03289,0.03904
2010-05-05,0.03195,0.03825
2010-05-06,0.03197,0.03848
2010-05-07,0.03136,0.03752
2010-05-10,0.032639999999999995,0.03943
2010-05-11,0.03193,0.03934
2010-05-12,0.03215,0.04015
2010-05-13,0.032010000000000004,0.03986
2010-05-14,0.03143,0.03934
2010-05-17,0.0313,0.03896
2010-05-18,0.03129,0.038900000000000004
2010-05-19,0.03004,0.03825
2010-05-20,0.030289999999999997,0.03833
2010-05-21,0.02928,0.03723
2010-05-24,0.02918,0.03675
2010-05-25,0.02856,0.03596
2010-05-26,0.029060000000000002,0.03643
2010-05-27,0.02944,0.03658
2010-05-28,0.02962,0.03694
2010-05-31,0.02941,0.036520000000000004
2010-06-01,0.028990000000000002,0.03592
2010-06-02,0.029500000000000002,0.03653
2010-06-03,0.030590000000000003,0.03765
2010-06-04,0.030590000000000003,0.03757
2010-06-07,0.0304,0.03748
2010-06-08,0.03073,0.037970000000000004
2010-06-09,0.030750000000000003,0.03769
2010-06-10,0.03081,0.03784
2010-06-11,0.03093,0.037599999999999995
2010-06-14,0.03086,0.03757
2010-06-15,0.03108,0.03759
2010-06-16,0.03128,0.03785
2010-06-17,0.031400000000000004,0.03786
2010-06-18,0.031190000000000002,0.03768
2010-06-21,0.031190000000000002,0.03754
2010-06-22,0.03123,0.0378
2010-06-23,0.03082,0.037290000000000004
2010-06-24,0.03071,0.03755
2010-06-25,0.03113,0.03774
2010-06-28,0.03161,0.03814
2010-06-29,0.03102,0.03717
2010-06-30,0.03085,0.037149999999999996
2010-07-01,0.030699999999999998,0.03698
2010-07-02,0.03005,0.03653
2010-07-05,0.02956,0.03635
2010-07-06,0.029740000000000003,0.03605
2010-07-07,0.02981,0.03617
2010-07-08,0.0297,0.03587
2010-07-09,0.02996,0.03593
2010-07-12,0.02943,0.03542
2010-07-13,0.02959,0.035339999999999996
2010-07-14,0.03007,0.03596
2010-07-15,0.03012,0.03593
2010-07-16,0.030299999999999997,0.03585
2010-07-19,0.02973,0.03569
2010-07-20,0.03017,0.03608
2010-07-21,0.03015,0.03613
2010-07-22,0.029980000000000003,0.0363
2010-07-23,0.03031,0.036610000000000004
2010-07-26,0.03031,0.036520000000000004
2010-07-27,0.030440000000000002,0.03675
2010-07-28,0.030619999999999998,0.03705
2010-07-29,0.03028,0.03712
2010-07-30,0.029910000000000003,0.03685
2010-08-02,0.029980000000000003,0.036629999999999996
2010-08-03,0.02973,0.03637
2010-08-04,0.029079999999999998,0.03556
2010-08-05,0.028919999999999998,0.03536
2010-08-06,0.02857,0.03489
2010-08-09,0.028079999999999997,0.03452
2010-08-10,0.028300000000000002,0.03485
2010-08-11,0.028079999999999997,0.0347
2010-08-12,0.02758,0.034300000000000004
2010-08-13,0.02771,0.03431
2010-08-16,0.027200000000000002,0.03385
2010-08-17,0.02714,0.03334
2010-08-18,0.026920000000000003,0.03282
2010-08-19,0.02681,0.03293
2010-08-20,0.02628,0.03247
2010-08-23,0.02635,0.03204
2010-08-24,0.02601,0.031709999999999995
2010-08-25,0.02541,0.03081
2010-08-26,0.02528,0.03036
2010-08-27,0.024940000000000004,0.029689999999999998
2010-08-30,0.02532,0.030019999999999998
2010-08-31,0.025009999999999998,0.03015
2010-09-01,0.025419999999999998,0.03093
2010-09-02,0.02597,0.03184
2010-09-03,0.02597,0.032029999999999996
2010-09-06,0.02637,0.03249
2010-09-07,0.02648,0.03213
2010-09-08,0.02569,0.03129
2010-09-09,0.02635,0.03179
2010-09-10,0.02673,0.0322
2010-09-13,0.027679999999999996,0.03347
2010-09-14,0.02735,0.03283
2010-09-15,0.027719999999999998,0.03339
2010-09-16,0.028399999999999998,0.03415
2010-09-17,0.028610000000000003,0.03453
2010-09-20,0.02867,0.034319999999999996
2010-09-21,0.02866,0.034249999999999996
2010-09-22,0.02754,0.03297
2010-09-23,0.02697,0.03303
2010-09-24,0.02709,0.03303
2010-09-27,0.0271,0.03333
2010-09-28,0.026549999999999997,0.03277
2010-09-29,0.02659,0.03265
2010-09-30,0.026629999999999997,0.032690000000000004
2010-10-01,0.02722,0.0327
2010-10-04,0.02664,0.03232
2010-10-05,0.02658,0.03228
2010-10-06,0.02666,0.032440000000000004
2010-10-07,0.02666,0.03259
2010-10-08,0.02681,0.03254
2010-10-11,0.02666,0.03268
2010-10-12,0.026070000000000003,0.03204
2010-10-13,0.026920000000000003,0.03289
2010-10-14,0.02667,0.032869999999999996
2010-10-15,0.02702,0.0333
2010-10-18,0.027370000000000002,0.033549999999999996
2010-10-19,0.02754,0.03352
2010-10-20,0.02779,0.03336
2010-10-21,0.02839,0.03345
2010-10-22,0.02862,0.033479999999999996
2010-10-25,0.02833,0.0333
2010-10-26,0.0285,0.03341
2010-10-27,0.02902,0.03367
2010-10-28,0.02912,0.03408
2010-10-29,0.02905,0.0339
2010-11-01,0.02863,0.03324
2010-11-02,0.02871,0.03293
2010-11-03,0.028380000000000002,0.03247
2010-11-04,0.028849999999999997,0.03329
2010-11-05,0.02818,0.032869999999999996
2010-11-08,0.028370000000000003,0.033159999999999995
2010-11-09,0.02843,0.03295
2010-11-10,0.028990000000000002,0.033639999999999996
2010-11-11,0.028849999999999997,0.03318
2010-11-12,0.02928,0.03394
2010-11-15,0.02978,0.03456
2010-11-16,0.02996,0.03472
2010-11-17,0.03004,0.034910000000000004
2010-11-18,0.0308,0.035699999999999996
2010-11-19,0.03087,0.03583
2010-11-22,0.03096,0.03587
2010-11-23,0.03036,0.03529
2010-11-24,0.03017,0.03449
2010-11-25,0.03124,0.03568
2010-11-26,0.03097,0.035539999999999995
2010-11-29,0.03179,0.03657
2010-11-30,0.03183,0.036309999999999995
2010-12-01,0.03199,0.03642
2010-12-02,0.03284,0.03759
2010-12-03,0.0323,0.037200000000000004
2010-12-06,0.03262,0.03768
2010-12-07,0.032850000000000004,0.03854
2010-12-08,0.03354,0.03909
2010-12-09,0.033159999999999995,0.03812
2010-12-10,0.03335,0.03804
2010-12-13,0.0331,0.03798
2010-12-14,0.03325,0.03827
2010-12-15,0.03384,0.03882
2010-12-16,0.03402,0.03884
2010-12-17,0.03398,0.03902
2010-12-20,0.03354,0.038900000000000004
2010-12-21,0.03334,0.038740000000000004
2010-12-22,0.03352,0.03897
2010-12-23,0.03307,0.03855
2010-12-24,0.03356,0.03893
2010-12-27,0.03405,0.039420000000000004
2010-12-28,0.0334,0.03873
2010-12-29,0.03374,0.03912
2010-12-30,0.03396,0.0388
2010-12-31,0.03318,0.03849
2011-01-03,0.03339,0.0385
2011-01-04,0.03356,0.03859
2011-01-05,0.03283,0.03803
2011-01-06,0.0337,0.0391
2011-01-07,0.03376,0.0391
2011-01-10,0.03361,0.03899
2011-01-11,0.03347,0.03907
2011-01-12,0.03374,0.03939
2011-01-13,0.0341,0.039599999999999996
2011-01-14,0.03401,0.03889
2011-01-17,0.03415,0.03919
2011-01-18,0.03469,0.039420000000000004
2011-01-19,0.03479,0.039580000000000004
2011-01-20,0.03484,0.03984
2011-01-21,0.03505,0.03975
2011-01-24,0.034910000000000004,0.03963
2011-01-25,0.03458,0.039220000000000005
2011-01-26,0.035019999999999996,0.03995
2011-01-27,0.0353,0.04003999999999999
2011-01-28,0.03553,0.04035999999999999
2011-01-31,0.03529,0.03988
2011-02-01,0.035539999999999995,0.04035999999999999
2011-02-02,0.03561,0.04038
2011-02-03,0.036230000000000005,0.04075
2011-02-04,0.03588,0.04073
2011-02-07,0.03622,0.04102
2011-02-08,0.03611,0.04089
2011-02-09,0.03644,0.04149
2011-02-10,0.036379999999999996,0.04134
2011-02-11,0.03648,0.041420000000000005
2011-02-14,0.03656,0.04152
2011-02-15,0.03683,0.04173
2011-02-16,0.03674,0.041550000000000004
2011-02-17,0.03618,0.04099
2011-02-18,0.03578,0.04072
2011-02-21,0.03567,0.04063
2011-02-22,0.03511,0.040229999999999995
2011-02-23,0.03522,0.04016
2011-02-24,0.03505,0.03994
2011-02-25,0.035339999999999996,0.04034
2011-02-28,0.03513,0.03994
2011-03-01,0.03568,0.04043
2011-03-02,0.03557,0.040190000000000003
2011-03-03,0.03629,0.040839999999999994
2011-03-04,0.03682,0.04128999999999999
2011-03-07,0.036699999999999997,0.041210000000000004
2011-03-08,0.03657,0.04111
2011-03-09,0.03667,0.04124
2011-03-10,0.036309999999999995,0.04085
2011-03-11,0.03579,0.04034
2011-03-14,0.03595,0.04061
2011-03-15,0.03473,0.03928
2011-03-16,0.0349,0.03957
2011-03-17,0.03484,0.03968
2011-03-18,0.035,0.04003
2011-03-21,0.03557,0.04077
2011-03-22,0.03624,0.04131
2011-03-23,0.03611,0.04111
2011-03-24,0.03618,0.04125
2011-03-25,0.03659,0.041740000000000006
2011-03-28,0.03678,0.04202
2011-03-29,0.036789999999999996,0.04197
2011-03-30,0.03713,0.04217
2011-03-31,0.03694,0.04152
2011-04-01,0.03768,0.04226
2011-04-04,0.03752,0.04233
2011-04-05,0.03738,0.04226
2011-04-06,0.037469999999999996,0.04237
2011-04-07,0.03764,0.04309
2011-04-08,0.03774,0.042960000000000005
2011-04-11,0.037989999999999996,0.0431
2011-04-12,0.03762,0.04289
2011-04-13,0.03762,0.04285
2011-04-14,0.03744,0.04249
2011-04-15,0.03759,0.042460000000000005
2011-04-18,0.03691,0.04196
2011-04-19,0.03639,0.041639999999999996
2011-04-20,0.036379999999999996,0.041550000000000004
2011-04-21,0.03629,0.041710000000000004
2011-04-26,0.03605,0.041429999999999995
2011-04-27,0.03616,0.04162
2011-04-28,0.036520000000000004,0.04165
2011-04-29,0.03613,0.041210000000000004
2011-05-02,0.03606,0.040999999999999995
2011-05-03,0.03599,0.041100000000000005
2011-05-04,0.03633,0.04139
2011-05-05,0.03694,0.04206000000000001
2011-05-06,0.03548,0.040819999999999995
2011-05-09,0.03513,0.04066
2011-05-10,0.03503,0.04044
2011-05-11,0.035230000000000004,0.04072
2011-05-12,0.034780000000000005,0.040519999999999994
2011-05-13,0.03503,0.040830000000000005
2011-05-16,0.03469,0.040490000000000005
2011-05-17,0.03489,0.04091
2011-05-18,0.03484,0.04062
2011-05-19,0.03513,0.04079
2011-05-20,0.03506,0.04058
2011-05-23,0.034249999999999996,0.03988
2011-05-24,0.03452,0.04016
2011-05-25,0.03454,0.04025
2011-05-26,0.03427,0.040170000000000004
2011-05-27,0.03358,0.03947
2011-05-30,0.03376,0.03956
2011-05-31,0.03406,0.03977
2011-06-01,0.03438,0.04003
2011-06-02,0.033549999999999996,0.03955
2011-06-03,0.033620000000000004,0.03979
2011-06-06,0.03354,0.03973
2011-06-07,0.03411,0.04008
2011-06-08,0.03438,0.040350000000000004
2011-06-09,0.03422,0.040119999999999996
2011-06-10,0.033929999999999995,0.04008
2011-06-13,0.03347,0.03968
2011-06-14,0.03372,0.03999
2011-06-15,0.03407,0.040549999999999996
2011-06-16,0.03387,0.040229999999999995
2011-06-17,0.03392,0.04035999999999999
2011-06-20,0.033769999999999994,0.040369999999999996
2011-06-21,0.034,0.04066
2011-06-22,0.03412,0.0414
2011-06-23,0.03385,0.04105
2011-06-24,0.03375,0.04062
2011-06-27,0.03356,0.04063
2011-06-28,0.03376,0.04093
2011-06-29,0.03401,0.041420000000000005
2011-06-30,0.03418,0.04178
2011-07-01,0.03436,0.041740000000000006
2011-07-04,0.034230000000000003,0.04109
2011-07-05,0.03438,0.040970000000000006
2011-07-06,0.03418,0.040510000000000004
2011-07-07,0.034409999999999996,0.04072
2011-07-08,0.03427,0.04057
2011-07-11,0.03331,0.038900000000000004
2011-07-12,0.03292,0.03805
2011-07-13,0.03349,0.0392
2011-07-14,0.03372,0.04013
2011-07-15,0.033010000000000005,0.03964
2011-07-18,0.03266,0.03877
2011-07-19,0.033370000000000004,0.0395
2011-07-20,0.03294,0.03965
2011-07-21,0.03352,0.040220000000000006
2011-07-22,0.0338,0.0407
2011-07-25,0.03327,0.03982
2011-07-26,0.03325,0.03973
2011-07-27,0.03253,0.0385
2011-07-28,0.03199,0.0382
2011-07-29,0.032170000000000004,0.03837
2011-08-01,0.03157,0.0381
2011-08-02,0.03116,0.03801
2011-08-03,0.03132,0.037360000000000004
2011-08-04,0.0316,0.03788
2011-08-05,0.03146,0.03739
2011-08-08,0.031120000000000002,0.03741
2011-08-09,0.03133,0.03762
2011-08-10,0.03132,0.03787
2011-08-11,0.030019999999999998,0.036989999999999995
2011-08-12,0.02905,0.03702
2011-08-15,0.02921,0.03728
2011-08-16,0.02918,0.03735
2011-08-17,0.02889,0.03734
2011-08-18,0.02762,0.03615
2011-08-19,0.02711,0.03529
2011-08-22,0.027559999999999998,0.0352
2011-08-23,0.02779,0.03542
2011-08-24,0.02758,0.03547
2011-08-25,0.02856,0.03658
2011-08-26,0.02825,0.0363
2011-08-29,0.02809,0.03606
2011-08-30,0.02817,0.03656
2011-08-31,0.02835,0.03677
2011-09-01,0.02879,0.03733
2011-09-02,0.02817,0.03698
2011-09-05,0.02697,0.03594
2011-09-06,0.02699,0.03646
2011-09-07,0.026779999999999998,0.03598
2011-09-08,0.025699999999999997,0.03524
2011-09-09,0.02533,0.034409999999999996
2011-09-12,0.02451,0.033549999999999996
2011-09-13,0.02506,0.033639999999999996
2011-09-14,0.02573,0.03422
2011-09-15,0.02658,0.035379999999999995
2011-09-16,0.02633,0.0351
2011-09-19,0.025670000000000002,0.03408
2011-09-20,0.02574,0.03433
2011-09-21,0.02617,0.03483
2011-09-22,0.025310000000000003,0.03335
2011-09-23,0.025009999999999998,0.03305
2011-09-26,0.025750000000000002,0.03351
2011-09-27,0.02606,0.03426
2011-09-28,0.026600000000000002,0.03468
2011-09-29,0.026779999999999998,0.03505
2011-09-30,0.026459999999999997,0.03464
2011-10-03,0.02557,0.03371
2011-10-04,0.0254,0.03345
2011-10-05,0.02596,0.034089999999999995
2011-10-06,0.027000000000000003,0.034929999999999996
2011-10-07,0.02705,0.03535
2011-10-10,0.02783,0.03596
2011-10-11,0.028290000000000003,0.036070000000000005
2011-10-12,0.02905,0.0368
2011-10-13,0.02951,0.03757
2011-10-14,0.03056,0.03833
2011-10-17,0.03124,0.03879
2011-10-18,0.03076,0.03849
2011-10-19,0.03235,0.03949
2011-10-20,0.03199,0.03919
2011-10-21,0.03206,0.039220000000000005
2011-10-24,0.03225,0.03985
2011-10-25,0.033,0.04054
2011-10-26,0.03144,0.038849999999999996
2011-10-27,0.03019,0.03778
2011-10-28,0.03164,0.03936
2011-10-31,0.031349999999999996,0.03895
2011-11-01,0.030430000000000002,0.0377
2011-11-02,0.03001,0.03828
2011-11-03,0.03226,0.039529999999999996
2011-11-04,0.03102,0.03928
2011-11-07,0.030950000000000002,0.03887
2011-11-08,0.03148,0.03972
2011-11-09,0.03134,0.03915
2011-11-10,0.03295,0.04093
2011-11-11,0.03398,0.0417
2011-11-14,0.03318,0.04162
2011-11-15,0.035910000000000004,0.04366
2011-11-16,0.0358,0.044059999999999995
2011-11-17,0.04011,0.04437
2011-11-18,0.035339999999999996,0.04231
2011-11-21,0.03549,0.041589999999999995
2011-11-22,0.03483,0.0409
2011-11-23,0.03616,0.04184
2011-11-24,0.036379999999999996,0.04206000000000001
2011-11-25,0.03691,0.04233
2011-11-28,0.03626,0.0421
2011-11-29,0.03606,0.04166
2011-11-30,0.03481,0.04061
2011-12-01,0.03216,0.03925
2011-12-02,0.03173,0.03904
2011-12-05,0.03213,0.0392
2011-12-06,0.03233,0.03898
2011-12-07,0.03218,0.03851
2011-12-08,0.03229,0.03848
2011-12-09,0.03279,0.038130000000000004
2011-12-12,0.0327,0.03786
2011-12-13,0.0329,0.03734
2011-12-14,0.03207,0.0358
2011-12-15,0.03226,0.03581
2011-12-16,0.03058,0.03524
2011-12-19,0.03186,0.03626
2011-12-20,0.030990000000000004,0.0362
2011-12-21,0.03042,0.03628
2011-12-22,0.03142,0.0368
2011-12-23,0.03068,0.03622
2011-12-27,0.03012,0.03572
2011-12-28,0.02954,0.03552
2011-12-29,0.03087,0.035840000000000004
2011-12-30,0.03162,0.03658
2012-01-02,0.03199,0.03719
2012-01-03,0.03293,0.038650000000000004
2012-01-04,0.03331,0.039169999999999996
2012-01-05,0.03329,0.03994
2012-01-06,0.03399,0.03979
2012-01-09,0.03343,0.03982
2012-01-10,0.032869999999999996,0.03907
2012-01-11,0.03232,0.03864
2012-01-12,0.030830000000000003,0.037759999999999995
2012-01-13,0.030299999999999997,0.03672
2012-01-16,0.03102,0.03752
2012-01-17,0.03015,0.03688
2012-01-18,0.03143,0.03811
2012-01-19,0.03141,0.03827
2012-01-20,0.031560000000000005,0.03819
2012-01-23,0.03096,0.03778
2012-01-24,0.03186,0.03859
2012-01-25,0.03235,0.03914
2012-01-26,0.031560000000000005,0.03843
2012-01-27,0.031219999999999998,0.03859
2012-01-30,0.030670000000000003,0.03787
2012-01-31,0.03087,0.038079999999999996
2012-02-01,0.03076,0.0375
2012-02-02,0.03061,0.03758
2012-02-03,0.02886,0.0363
2012-02-06,0.028999999999999998,0.0362
2012-02-07,0.02902,0.03634
2012-02-08,0.029140000000000003,0.03648
2012-02-09,0.02939,0.03637
2012-02-10,0.02935,0.03643
2012-02-13,0.029500000000000002,0.03658
2012-02-14,0.02973,0.03633
2012-02-15,0.029980000000000003,0.0366
2012-02-16,0.03033,0.0365
2012-02-17,0.02996,0.036379999999999996
2012-02-20,0.03032,0.0365
2012-02-21,0.03003,0.036379999999999996
2012-02-22,0.03019,0.03656
2012-02-23,0.03004,0.03675
2012-02-24,0.02989,0.03653
2012-02-27,0.02996,0.03657
2012-02-28,0.029849999999999998,0.036629999999999996
2012-02-29,0.02942,0.03649
2012-03-01,0.02799,0.03594
2012-03-02,0.026949999999999998,0.035769999999999996
2012-03-05,0.027690000000000003,0.03596
2012-03-06,0.02846,0.03682
2012-03-07,0.02867,0.03734
2012-03-08,0.027690000000000003,0.03645
2012-03-09,0.02742,0.03593
2012-03-12,0.02741,0.03618
2012-03-13,0.02721,0.03625
2012-03-14,0.0277,0.0368
2012-03-15,0.02811,0.037200000000000004
2012-03-16,0.028130000000000002,0.03717
2012-03-19,0.02866,0.03741
2012-03-20,0.02859,0.03733
2012-03-21,0.028450000000000003,0.03749
2012-03-22,0.02798,0.03728
2012-03-23,0.029740000000000003,0.037309999999999996
2012-03-26,0.02894,0.03659
2012-03-27,0.029089999999999998,0.03664
2012-03-28,0.0292,0.03673
2012-03-29,0.02923,0.03677
2012-03-30,0.029089999999999998,0.036680000000000004
2012-04-02,0.02871,0.03648
2012-04-03,0.02887,0.03672
2012-04-04,0.02918,0.03701
2012-04-05,0.030529999999999998,0.03801
2012-04-10,0.02989,0.03811
2012-04-11,0.029769999999999998,0.03817
2012-04-12,0.02942,0.03767
2012-04-13,0.02881,0.03706
2012-04-16,0.03011,0.03818
2012-04-17,0.030219999999999997,0.03801
2012-04-18,0.029609999999999997,0.03764
2012-04-19,0.03012,0.03794
2012-04-20,0.03097,0.038610000000000005
2012-04-23,0.03094,0.03863
2012-04-24,0.030619999999999998,0.03831
2012-04-25,0.02997,0.03764
2012-04-26,0.03001,0.03763
2012-04-27,0.02987,0.0375
2012-04-30,0.02994,0.03743
2012-05-02,0.029910000000000003,0.03724
2012-05-03,0.02935,0.03709
2012-05-04,0.028650000000000002,0.0363
2012-05-07,0.028079999999999997,0.03604
2012-05-09,0.02862,0.03592
2012-05-10,0.02854,0.035840000000000004
2012-05-11,0.02809,0.03537
2012-05-14,0.028610000000000003,0.03555
2012-05-15,0.028450000000000003,0.035230000000000004
2012-05-16,0.028999999999999998,0.03593
2012-05-17,0.02863,0.03536
2012-05-18,0.02817,0.03525
2012-05-21,0.028690000000000004,0.03573
2012-05-22,0.02791,0.03489
2012-05-23,0.02767,0.03448
2012-05-24,0.02644,0.032799999999999996
2012-05-25,0.0248,0.0316
2012-05-28,0.02535,0.03238
2012-05-29,0.02506,0.03232
2012-05-30,0.02576,0.03263
2012-05-31,0.0239,0.03092
2012-06-01,0.02316,0.030369999999999998
2012-06-04,0.0226,0.029990000000000003
2012-06-05,0.02299,0.0304
2012-06-06,0.02376,0.03121
2012-06-07,0.02497,0.03206
2012-06-08,0.0252,0.03276
2012-06-11,0.02576,0.03321
2012-06-12,0.026309999999999997,0.03402
2012-06-13,0.02724,0.03519
2012-06-14,0.02738,0.03548
2012-06-15,0.026520000000000002,0.03448
2012-06-18,0.025939999999999998,0.03404
2012-06-19,0.02617,0.03461
2012-06-20,0.02666,0.03513
2012-06-21,0.026629999999999997,0.03501
2012-06-22,0.02624,0.034769999999999995
2012-06-25,0.02606,0.0346
2012-06-26,0.02625,0.035070000000000004
2012-06-27,0.026459999999999997,0.035070000000000004
2012-06-28,0.02644,0.03512
2012-06-29,0.02696,0.03562
2012-07-02,0.02664,0.03515
2012-07-03,0.02579,0.03463
2012-07-04,0.02544,0.03451
2012-07-05,0.024820000000000002,0.03468
2012-07-06,0.024089999999999997,0.033780000000000004
2012-07-09,0.02399,0.033479999999999996
2012-07-10,0.023889999999999998,0.0334
2012-07-11,0.02334,0.03308
2012-07-12,0.02253,0.03225
2012-07-13,0.02241,0.03223
2012-07-16,0.02228,0.03196
2012-07-17,0.02105,0.03078
2012-07-18,0.021019999999999997,0.03064
2012-07-19,0.02054,0.030520000000000002
2012-07-20,0.020470000000000002,0.03019
2012-07-23,0.0212,0.03056
2012-07-24,0.02255,0.03178
2012-07-25,0.022869999999999998,0.0319
2012-07-26,0.02235,0.03166
2012-07-27,0.02189,0.03124
2012-07-30,0.02194,0.03116
2012-07-31,0.02175,0.031219999999999998
2012-08-01,0.02078,0.030369999999999998
2012-08-02,0.02083,0.030459999999999997
2012-08-03,0.02054,0.03017
2012-08-06,0.02113,0.03065
2012-08-07,0.02112,0.03061
2012-08-08,0.02162,0.03107
2012-08-09,0.02125,0.030830000000000003
2012-08-10,0.02105,0.0305
2012-08-13,0.021,0.030449999999999998
2012-08-14,0.021240000000000002,0.03057
2012-08-15,0.02141,0.03056
2012-08-16,0.02189,0.03084
2012-08-17,0.02186,0.03088
2012-08-20,0.021720000000000003,0.03073
2012-08-21,0.021840000000000002,0.030899999999999997
2012-08-22,0.02185,0.03079
2012-08-23,0.02137,0.0302
2012-08-24,0.02091,0.02952
2012-08-27,0.020720000000000002,0.02947
2012-08-28,0.02092,0.029609999999999997
2012-08-29,0.02104,0.029740000000000003
2012-08-30,0.021589999999999998,0.03049
2012-08-31,0.021589999999999998,0.03049
2012-09-03,0.022010000000000002,0.031110000000000002
2012-09-04,0.02255,0.0317
2012-09-05,0.02239,0.03158
2012-09-06,0.02267,0.03196
2012-09-07,0.022400000000000003,0.03182
2012-09-10,0.02247,0.03198
2012-09-11,0.0226,0.032189999999999996
2012-09-12,0.02231,0.03189
2012-09-13,0.02235,0.03191
2012-09-14,0.02223,0.03195
2012-09-17,0.02319,0.03277
2012-09-18,0.02316,0.03272
2012-09-19,0.02299,0.03234
2012-09-20,0.02308,0.0326
2012-09-21,0.02319,0.03254
2012-09-24,0.0231,0.032549999999999996
2012-09-25,0.02289,0.03241
2012-09-26,0.022799999999999997,0.03218
2012-09-27,0.0223,0.03162
2012-09-28,0.02234,0.03186
2012-10-01,0.02236,0.03199
2012-10-02,0.02241,0.0321
2012-10-03,0.02231,0.03209
2012-10-04,0.02223,0.03186
2012-10-05,0.02205,0.03148
2012-10-08,0.02213,0.031709999999999995
2012-10-09,0.0219,0.03144
2012-10-10,0.02146,0.030950000000000002
2012-10-11,0.02113,0.03071
2012-10-12,0.02116,0.03065
2012-10-15,0.02069,0.030219999999999997
2012-10-16,0.020870000000000003,0.030520000000000002
2012-10-17,0.02158,0.031110000000000002
2012-10-18,0.021920000000000002,0.03149
2012-10-19,0.02158,0.03107
2012-10-22,0.021429999999999998,0.03089
2012-10-23,0.02165,0.031200000000000002
2012-10-24,0.02162,0.03118
2012-10-25,0.02197,0.031509999999999996
2012-10-26,0.02199,0.03152
2012-10-29,0.02176,0.031549999999999995
2012-10-30,0.021629999999999996,0.03144
2012-10-31,0.02178,0.03159
2012-11-01,0.022250000000000002,0.031400000000000004
2012-11-02,0.022160000000000003,0.031259999999999996
2012-11-05,0.02222,0.03133
2012-11-06,0.02222,0.0313
2012-11-07,0.021920000000000002,0.031
2012-11-08,0.021509999999999998,0.030699999999999998
2012-11-09,0.02138,0.0305
2012-11-12,0.021019999999999997,0.03024
2012-11-13,0.020560000000000002,0.02979
2012-11-14,0.020819999999999998,0.030219999999999997
2012-11-15,0.020819999999999998,0.030600000000000002
2012-11-16,0.02067,0.03073
2012-11-19,0.020579999999999998,0.030619999999999998
2012-11-20,0.02098,0.03094
2012-11-21,0.0215,0.031509999999999996
2012-11-22,0.02169,0.032029999999999996
2012-11-23,0.02153,0.032
2012-11-26,0.021419999999999998,0.03227
2012-11-27,0.021349999999999997,0.03209
2012-11-28,0.020819999999999998,0.031349999999999996
2012-11-29,0.02022,0.030950000000000002
2012-11-30,0.0203,0.030830000000000003
2012-12-03,0.02033,0.030910000000000003
2012-12-04,0.02046,0.03165
2012-12-05,0.02029,0.03116
2012-12-06,0.02012,0.03092
2012-12-07,0.01984,0.03078
2012-12-10,0.01941,0.03076
2012-12-11,0.01963,0.03071
2012-12-12,0.01965,0.03076
2012-12-13,0.019379999999999998,0.03026
2012-12-14,0.01962,0.03032
2012-12-17,0.01986,0.030289999999999997
2012-12-18,0.02013,0.03058
2012-12-19,0.02031,0.030670000000000003
2012-12-20,0.01983,0.030059999999999996
2012-12-21,0.019790000000000002,0.029849999999999998
2012-12-24,0.019790000000000002,0.029849999999999998
2012-12-27,0.01972,0.02986
2012-12-28,0.019790000000000002,0.02978
2012-12-31,0.019790000000000002,0.02978
2013-01-02,0.020640000000000002,0.03071
2013-01-03,0.02078,0.031349999999999996
2013-01-04,0.021150000000000002,0.03165
2013-01-07,0.02117,0.03173
2013-01-08,0.02099,0.03153
2013-01-09,0.02093,0.031560000000000005
2013-01-10,0.021,0.03179
2013-01-11,0.021330000000000002,0.03193
2013-01-14,0.021320000000000002,0.03191
2013-01-15,0.02129,0.03178
2013-01-16,0.02119,0.03172
2013-01-17,0.02157,0.03183
2013-01-18,0.021640000000000003,0.03157
2013-01-21,0.021589999999999998,0.03118
2013-01-22,0.02165,0.03123
2013-01-23,0.02128,0.03116
2013-01-24,0.020950000000000003,0.0311
2013-01-25,0.0216,0.03164
2013-01-28,0.022080000000000002,0.03169
2013-01-29,0.02245,0.03182
2013-01-30,0.022639999999999997,0.03174
2013-01-31,0.02254,0.03136
2013-02-01,0.02255,0.03162
2013-02-04,0.022629999999999997,0.03183
2013-02-05,0.022690000000000002,0.03211
2013-02-06,0.022559999999999997,0.03199
2013-02-07,0.022719999999999997,0.03249
2013-02-08,0.021949999999999997,0.03202
2013-02-11,0.02236,0.03238
2013-02-12,0.02242,0.032400000000000005
2013-02-13,0.02259,0.03236
2013-02-14,0.02259,0.0325
2013-02-15,0.02238,0.03253
2013-02-18,0.02244,0.03263
2013-02-19,0.02247,0.03257
2013-02-20,0.022690000000000002,0.03293
2013-02-21,0.02251,0.032639999999999995
2013-02-22,0.022320000000000003,0.03241
2013-02-25,0.02221,0.03232
2013-02-26,0.02186,0.03216
2013-02-27,0.02155,0.031760000000000004
2013-02-28,0.02174,0.03191
2013-03-01,0.02145,0.03166
2013-03-04,0.021030000000000004,0.031190000000000002
2013-03-05,0.021269999999999997,0.03148
2013-03-06,0.021330000000000002,0.03186
2013-03-07,0.0209,0.03182
2013-03-08,0.02105,0.03182
2013-03-11,0.02106,0.03188
2013-03-12,0.02116,0.03222
2013-03-13,0.021019999999999997,0.03215
2013-03-14,0.02108,0.03221
2013-03-15,0.02093,0.03213
2013-03-18,0.020470000000000002,0.03185
2013-03-19,0.02033,0.031560000000000005
2013-03-20,0.02027,0.03101
2013-03-21,0.02024,0.03124
2013-03-22,0.01982,0.03049
2013-03-25,0.02027,0.0313
2013-03-26,0.02032,0.03173
2013-03-27,0.02027,0.03179
2013-03-28,0.0203,0.0315
2013-04-02,0.020409999999999998,0.03162
2013-04-03,0.02004,0.03143
2013-04-04,0.01967,0.031560000000000005
2013-04-05,0.018349999999999998,0.03033
2013-04-08,0.01726,0.02843
2013-04-09,0.018000000000000002,0.02918
2013-04-10,0.018420000000000002,0.029300000000000003
2013-04-11,0.01861,0.029679999999999998
2013-04-12,0.01837,0.029609999999999997
2013-04-15,0.01821,0.029750000000000002
2013-04-16,0.01805,0.029500000000000002
2013-04-17,0.01831,0.02973
2013-04-18,0.01799,0.02971
2013-04-19,0.018009999999999998,0.029759999999999998
2013-04-22,0.01791,0.029830000000000002
2013-04-23,0.017150000000000002,0.0288
2013-04-24,0.017509999999999998,0.028900000000000002
2013-04-25,0.01766,0.02921
2013-04-26,0.01747,0.02896
2013-04-29,0.0176,0.029009999999999998
2013-04-30,0.01726,0.02856
2013-05-02,0.01711,0.02834
2013-05-03,0.016659999999999998,0.028069999999999998
2013-05-06,0.017070000000000002,0.02857
2013-05-07,0.017079999999999998,0.02857
2013-05-08,0.01752,0.02887
2013-05-09,0.01712,0.02856
2013-05-10,0.01789,0.02931
2013-05-13,0.0181,0.02952
2013-05-14,0.01831,0.02978
2013-05-15,0.01829,0.02962
2013-05-16,0.01829,0.02973
2013-05-17,0.01756,0.029079999999999998
2013-05-20,0.0177,0.02915
2013-05-21,0.01795,0.02934
2013-05-22,0.01797,0.0294
2013-05-23,0.01822,0.029670000000000002
2013-05-24,0.01857,0.0298
2013-05-27,0.01869,0.029990000000000003
2013-05-28,0.019030000000000002,0.030449999999999998
2013-05-29,0.01942,0.030520000000000002
2013-05-30,0.0197,0.030750000000000003
2013-05-31,0.01983,0.03121
2013-06-03,0.02091,0.031549999999999995
2013-06-04,0.020950000000000003,0.03157
2013-06-05,0.020819999999999998,0.03158
2013-06-06,0.02059,0.03141
2013-06-07,0.02096,0.03154
2013-06-10,0.02105,0.031560000000000005
2013-06-11,0.022160000000000003,0.0326
2013-06-12,0.02204,0.03246
2013-06-13,0.02185,0.03235
2013-06-14,0.021030000000000004,0.03174
2013-06-17,0.02106,0.031869999999999996
2013-06-18,0.02113,0.03199
2013-06-19,0.021330000000000002,0.03222
2013-06-20,0.02235,0.03281
2013-06-21,0.02283,0.0334
2013-06-24,0.02448,0.0341
2013-06-25,0.02374,0.03375
2013-06-26,0.0239,0.033769999999999994
2013-06-27,0.02357,0.03379
2013-06-28,0.02319,0.0333
2013-07-01,0.02388,0.03354
2013-07-02,0.02316,0.03279
2013-07-03,0.02284,0.03243
2013-07-04,0.02351,0.03284
2013-07-05,0.02275,0.03237
2013-07-08,0.02284,0.03256
2013-07-09,0.02258,0.03246
2013-07-10,0.02237,0.03225
2013-07-11,0.02223,0.03214
2013-07-12,0.02199,0.032080000000000004
2013-07-15,0.0222,0.03226
2013-07-16,0.022189999999999998,0.03234
2013-07-17,0.022320000000000003,0.032639999999999995
2013-07-18,0.02198,0.0323
2013-07-19,0.02186,0.032799999999999996
2013-07-22,0.02223,0.0329
2013-07-23,0.02218,0.03274
2013-07-24,0.0225,0.03279
2013-07-25,0.02283,0.03288
2013-07-26,0.022930000000000002,0.03309
2013-07-29,0.02302,0.03335
2013-07-30,0.02281,0.03304
2013-07-31,0.02305,0.03318
2013-08-01,0.022080000000000002,0.03216
2013-08-02,0.02289,0.03267
2013-08-05,0.022240000000000003,0.032170000000000004
2013-08-06,0.02302,0.03293
2013-08-07,0.022940000000000002,0.032780000000000004
2013-08-08,0.022559999999999997,0.03239
2013-08-09,0.02299,0.03265
2013-08-12,0.02297,0.032690000000000004
2013-08-13,0.02322,0.03295
2013-08-14,0.023969999999999998,0.03358
2013-08-15,0.02377,0.03345
2013-08-16,0.02427,0.03394
2013-08-19,0.024700000000000003,0.03424
2013-08-20,0.02466,0.03411
2013-08-21,0.02463,0.03412
2013-08-22,0.02533,0.03463
2013-08-23,0.02536,0.03468
2013-08-26,0.02524,0.03436
2013-08-27,0.024940000000000004,0.034140000000000004
2013-08-28,0.0248,0.0341
2013-08-29,0.025009999999999998,0.03455
2013-08-30,0.024990000000000002,0.0348
2013-09-02,0.02561,0.03519
2013-09-03,0.02544,0.03511
2013-09-04,0.02561,0.03532
2013-09-05,0.0263,0.03576
2013-09-06,0.02641,0.03569
2013-09-09,0.02621,0.03565
2013-09-10,0.02648,0.03614
2013-09-11,0.0268,0.03639
2013-09-12,0.026230000000000003,0.03597
2013-09-13,0.026309999999999997,0.03614
2013-09-16,0.02566,0.035539999999999995
2013-09-17,0.02545,0.03546
2013-09-18,0.02556,0.035590000000000004
2013-09-19,0.024569999999999998,0.0349
2013-09-20,0.025,0.03562
2013-09-23,0.02528,0.03569
2013-09-24,0.02468,0.035230000000000004
2013-09-25,0.024329999999999997,0.034929999999999996
2013-09-26,0.024239999999999998,0.0346
2013-09-27,0.024310000000000002,0.03458
2013-09-30,0.023969999999999998,0.034319999999999996
2013-10-01,0.023940000000000003,0.03424
2013-10-02,0.023860000000000003,0.03406
2013-10-03,0.024470000000000002,0.0349
2013-10-04,0.0242,0.0348
2013-10-07,0.02415,0.034780000000000005
2013-10-08,0.02415,0.03469
2013-10-09,0.023940000000000003,0.034409999999999996
2013-10-10,0.02437,0.03455
2013-10-11,0.024550000000000002,0.03464
2013-10-14,0.024409999999999998,0.03453
2013-10-15,0.024700000000000003,0.03476
2013-10-16,0.024980000000000002,0.035
2013-10-17,0.02466,0.03474
2013-10-18,0.02427,0.0345
2013-10-21,0.02423,0.03448
2013-10-22,0.02421,0.03427
2013-10-23,0.02329,0.03341
2013-10-24,0.023330000000000004,0.03358
2013-10-25,0.023330000000000004,0.03349
2013-10-28,0.02319,0.03328
2013-10-29,0.02298,0.03318
2013-10-30,0.022719999999999997,0.03306
2013-10-31,0.0226,0.03308
2013-11-01,0.022170000000000002,0.03276
2013-11-04,0.022269999999999998,0.032869999999999996
2013-11-05,0.02257,0.03307
2013-11-06,0.02275,0.03328
2013-11-07,0.02308,0.03383
2013-11-08,0.02267,0.03356
2013-11-11,0.02283,0.0336
2013-11-12,0.02334,0.03418
2013-11-13,0.02326,0.034159999999999996
2013-11-14,0.022719999999999997,0.03367
2013-11-15,0.02251,0.03329
2013-11-18,0.022690000000000002,0.033530000000000004
2013-11-19,0.022629999999999997,0.03339
2013-11-20,0.02302,0.03367
2013-11-21,0.02316,0.03385
2013-11-22,0.02298,0.03365
2013-11-25,0.0227,0.03322
2013-11-26,0.02261,0.03325
2013-11-27,0.02252,0.03326
2013-11-28,0.022639999999999997,0.03338
2013-11-29,0.02253,0.03323
2013-12-02,0.02265,0.03319
2013-12-03,0.02266,0.03304
2013-12-04,0.02252,0.03283
2013-12-05,0.02292,0.03341
2013-12-06,0.02351,0.03358
2013-12-09,0.02346,0.033460000000000004
2013-12-10,0.023399999999999997,0.03328
2013-12-11,0.02326,0.03302
2013-12-12,0.02326,0.03302
2013-12-13,0.02346,0.03309
2013-12-16,0.023319999999999997,0.03295
2013-12-17,0.02338,0.032959999999999996
2013-12-18,0.02341,0.03307
2013-12-19,0.02355,0.033010000000000005
2013-12-20,0.02384,0.03328
2013-12-23,0.02395,0.033530000000000004
2013-12-24,0.02396,0.033530000000000004
2013-12-27,0.02451,0.03401
2013-12-30,0.02496,0.03436
2013-12-31,0.02497,0.03436
2014-01-02,0.02491,0.034390000000000004
2014-01-03,0.024540000000000003,0.03417
2014-01-06,0.024390000000000002,0.03421
2014-01-07,0.024169999999999997,0.03407
2014-01-08,0.02411,0.03396
2014-01-09,0.0245,0.034390000000000004
2014-01-10,0.02452,0.03444
2014-01-13,0.02416,0.03417
2014-01-14,0.02383,0.03385
2014-01-15,0.023719999999999998,0.0336
2014-01-16,0.02383,0.03372
2014-01-17,0.023399999999999997,0.03339
2014-01-20,0.023119999999999998,0.03305
2014-01-21,0.02323,0.03303
2014-01-22,0.023370000000000002,0.033159999999999995
2014-01-23,0.02359,0.03329
2014-01-24,0.02308,0.0329
2014-01-27,0.023239999999999997,0.03302
2014-01-28,0.02275,0.03236
2014-01-29,0.022949999999999998,0.0326
2014-01-30,0.02221,0.03211
2014-01-31,0.021869999999999997,0.03182
2014-02-03,0.021480000000000003,0.031549999999999995
2014-02-04,0.02138,0.031509999999999996
2014-02-05,0.0213,0.03146
2014-02-06,0.02188,0.03214
2014-02-07,0.021789999999999997,0.03204
2014-02-10,0.021720000000000003,0.0321
2014-02-11,0.02214,0.03252
2014-02-12,0.022090000000000002,0.03239
2014-02-13,0.022019999999999998,0.03242
2014-02-14,0.021949999999999997,0.03232
2014-02-17,0.022160000000000003,0.03256
2014-02-18,0.02178,0.032240000000000005
2014-02-19,0.021589999999999998,0.03226
2014-02-20,0.02185,0.03226
2014-02-21,0.02199,0.03245
2014-02-24,0.02199,0.03246
2014-02-25,0.02198,0.03247
2014-02-26,0.02155,0.03185
2014-02-27,0.020640000000000002,0.03097
2014-02-28,0.02062,0.030979999999999997
2014-03-03,0.020870000000000003,0.03115
2014-03-04,0.021,0.031200000000000002
2014-03-05,0.02128,0.03152
2014-03-06,0.02141,0.03169
2014-03-07,0.02147,0.03162
2014-03-10,0.021480000000000003,0.03162
2014-03-11,0.02136,0.03164
2014-03-12,0.02138,0.03186
2014-03-13,0.021259999999999998,0.03181
2014-03-14,0.02078,0.03129
2014-03-17,0.0208,0.03128
2014-03-18,0.02075,0.03123
2014-03-19,0.02073,0.03116
2014-03-20,0.02166,0.03186
2014-03-21,0.02131,0.03147
2014-03-24,0.0212,0.03117
2014-03-25,0.020659999999999998,0.03076
2014-03-26,0.02053,0.03086
2014-03-27,0.02027,0.03073
2014-03-28,0.02005,0.030539999999999998
2014-03-31,0.02019,0.03055
2014-04-01,0.02059,0.03096
2014-04-02,0.02085,0.03121
2014-04-03,0.02117,0.03152
2014-04-04,0.020790000000000003,0.03124
2014-04-07,0.020110000000000003,0.03077
2014-04-08,0.02024,0.03085
2014-04-09,0.020339999999999997,0.03081
2014-04-10,0.02004,0.030539999999999998
2014-04-11,0.02004,0.03049
2014-04-14,0.0197,0.03011
2014-04-15,0.019710000000000002,0.03007
2014-04-16,0.01941,0.029740000000000003
2014-04-17,0.019379999999999998,0.02964
2014-04-22,0.01984,0.03007
2014-04-23,0.01998,0.0301
2014-04-24,0.01999,0.03008
2014-04-25,0.01968,0.029750000000000002
2014-04-28,0.019610000000000002,0.0296
2014-04-29,0.02008,0.03003
2014-04-30,0.0199,0.02986
2014-05-02,0.01935,0.029289999999999997
2014-05-05,0.01907,0.028980000000000002
2014-05-06,0.01941,0.02934
2014-05-07,0.01908,0.02891
2014-05-08,0.0194,0.02923
2014-05-09,0.01876,0.028730000000000002
2014-05-12,0.019119999999999998,0.029220000000000003
2014-05-13,0.01919,0.02927
2014-05-14,0.01832,0.02844
2014-05-15,0.01784,0.02801
2014-05-16,0.01783,0.02796
2014-05-19,0.01789,0.02802
2014-05-20,0.01818,0.028290000000000003
2014-05-21,0.01846,0.02866
2014-05-22,0.01838,0.02848
2014-05-23,0.0181,0.02818
2014-05-26,0.0181,0.02818
2014-05-27,0.01813,0.02836
2014-05-28,0.01763,0.02786
2014-05-29,0.01721,0.027450000000000002
2014-05-30,0.01781,0.0281
2014-06-02,0.01754,0.02794
2014-06-03,0.01771,0.028149999999999998
2014-06-04,0.01824,0.02863
2014-06-05,0.0184,0.02886
2014-06-06,0.0172,0.02804
2014-06-09,0.016810000000000002,0.02765
2014-06-10,0.01727,0.027919999999999997
2014-06-11,0.01771,0.02836
2014-06-12,0.01761,0.02842
2014-06-13,0.01735,0.028399999999999998
2014-06-16,0.01722,0.02825
2014-06-17,0.01762,0.02859
2014-06-18,0.01756,0.02854
2014-06-19,0.01679,0.02789
2014-06-20,0.01694,0.02803
2014-06-23,0.01685,0.02799
2014-06-24,0.01676,0.02788
2014-06-25,0.01664,0.02773
2014-06-26,0.01606,0.02711
2014-06-27,0.01607,0.02705
2014-06-30,0.01611,0.0269
2014-07-01,0.01631,0.027069999999999997
2014-07-02,0.01621,0.02709
2014-07-03,0.0166,0.02757
2014-07-04,0.016200000000000003,0.02735
2014-07-07,0.01609,0.027229999999999997
2014-07-08,0.01602,0.02719
2014-07-09,0.0158,0.02689
2014-07-10,0.01544,0.02659
2014-07-11,0.01568,0.02661
2014-07-14,0.01571,0.02666
2014-07-15,0.0155,0.02636
2014-07-16,0.015529999999999999,0.02625
2014-07-17,0.01512,0.02571
2014-07-18,0.01514,0.02571
2014-07-21,0.014950000000000001,0.02549
2014-07-22,0.01493,0.02544
2014-07-23,0.01496,0.02537
2014-07-24,0.01493,0.025339999999999998
2014-07-25,0.01504,0.02536
2014-07-28,0.01492,0.02522
2014-07-29,0.014530000000000001,0.02472
2014-07-30,0.01436,0.02451
2014-07-31,0.014650000000000002,0.02496
2014-08-01,0.01504,0.025470000000000003
2014-08-04,0.014499999999999999,0.02495
2014-08-05,0.01471,0.02504
2014-08-06,0.015009999999999999,0.025249999999999998
2014-08-07,0.014459999999999999,0.02466
2014-08-08,0.0139,0.023929999999999996
2014-08-11,0.0141,0.02419
2014-08-12,0.014079999999999999,0.02435
2014-08-13,0.01431,0.02472
2014-08-14,0.01343,0.02382
2014-08-15,0.01333,0.02368
2014-08-18,0.01345,0.02374
2014-08-19,0.01343,0.02371
2014-08-20,0.013380000000000001,0.02358
2014-08-21,0.013500000000000002,0.02351
2014-08-22,0.01319,0.02321
2014-08-25,0.012549999999999999,0.022719999999999997
2014-08-26,0.012390000000000002,0.02254
2014-08-27,0.011970000000000001,0.022099999999999998
2014-08-28,0.012159999999999999,0.02222
2014-08-29,0.01203,0.02206
2014-09-01,0.011970000000000001,0.0223
2014-09-02,0.0124,0.02302
2014-09-03,0.01294,0.02302
2014-09-04,0.01253,0.02339
2014-09-05,0.01246,0.02375
2014-09-08,0.012199999999999999,0.02331
2014-09-09,0.01282,0.02392
2014-09-10,0.01347,0.024550000000000002
2014-09-11,0.01298,0.02405
2014-09-12,0.01377,0.02475
2014-09-15,0.01402,0.024940000000000004
2014-09-16,0.01374,0.02489
2014-09-17,0.01391,0.02528
2014-09-18,0.013819999999999999,0.02513
2014-09-19,0.01406,0.02536
2014-09-22,0.013269999999999999,0.0246
2014-09-23,0.013000000000000001,0.0242
2014-09-24,0.013009999999999999,0.02384
2014-09-25,0.013000000000000001,0.02402
2014-09-26,0.01256,0.02359
2014-09-29,0.012960000000000001,0.023700000000000002
2014-09-30,0.01278,0.02347
2014-10-01,0.01254,0.023239999999999997
2014-10-02,0.01206,0.022959999999999998
2014-10-03,0.012470000000000002,0.02323
2014-10-06,0.01222,0.02281
2014-10-07,0.01234,0.02307
2014-10-08,0.012270000000000001,0.02305
2014-10-09,0.01206,0.02291
2014-10-10,0.012230000000000001,0.02298
2014-10-13,0.012430000000000002,0.02313
2014-10-14,0.012110000000000001,0.02303
2014-10-15,0.011399999999999999,0.02199
2014-10-16,0.01161,0.021840000000000002
2014-10-17,0.01278,0.0232
2014-10-20,0.01248,0.0233
2014-10-21,0.0128,0.023559999999999998
2014-10-22,0.012580000000000001,0.02347
2014-10-23,0.0127,0.023639999999999998
2014-10-24,0.01257,0.023620000000000002
2014-10-27,0.012889999999999999,0.02384
2014-10-28,0.0126,0.02334
2014-10-29,0.01248,0.023250000000000003
2014-10-30,0.01244,0.02321
2014-10-31,0.011699999999999999,0.02241
2014-11-03,0.01154,0.02238
2014-11-04,0.011699999999999999,0.02261
2014-11-05,0.011770000000000001,0.022709999999999998
2014-11-06,0.01179,0.022959999999999998
2014-11-07,0.011890000000000001,0.02302
2014-11-10,0.01164,0.02262
2014-11-11,0.01191,0.022850000000000002
2014-11-12,0.011470000000000001,0.02236
2014-11-13,0.01164,0.0225
2014-11-14,0.01142,0.022250000000000002
2014-11-17,0.01133,0.02206
2014-11-18,0.011319999999999998,0.02204
2014-11-19,0.01153,0.022250000000000002
2014-11-20,0.011559999999999999,0.02234
2014-11-21,0.01122,0.022010000000000002
2014-11-24,0.01114,0.02198
2014-11-25,0.01093,0.02176
2014-11-26,0.010589999999999999,0.02129
2014-11-27,0.01008,0.020739999999999998
2014-11-28,0.00985,0.02045
2014-12-01,0.00961,0.02009
2014-12-02,0.010049999999999998,0.0206
2014-12-03,0.01012,0.020659999999999998
2014-12-04,0.01022,0.02101
2014-12-05,0.01022,0.02078
2014-12-08,0.01024,0.02081
2014-12-09,0.009729999999999999,0.02021
2014-12-10,0.009689999999999999,0.019950000000000002
2014-12-11,0.00945,0.01959
2014-12-12,0.00916,0.01926
2014-12-15,0.00924,0.019299999999999998
2014-12-16,0.00891,0.01893
2014-12-17,0.00888,0.018680000000000002
2014-12-18,0.00863,0.01872
2014-12-19,0.00911,0.0195
2014-12-22,0.00882,0.01927
2014-12-23,0.00881,0.01928
2014-12-24,0.00882,0.01929
2014-12-29,0.0088,0.01927
2014-12-30,0.008579999999999999,0.019039999999999998
2014-12-31,0.008579999999999999,0.019039999999999998
2015-01-02,0.00834,0.01882
2015-01-05,0.00801,0.01848
2015-01-06,0.00776,0.01771
2015-01-07,0.00751,0.01669
2015-01-08,0.007980000000000001,0.01742
2015-01-09,0.00805,0.017669999999999998
2015-01-12,0.00796,0.0173
2015-01-13,0.00732,0.016399999999999998
2015-01-14,0.00722,0.01642
2015-01-15,0.006939999999999999,0.01615
2015-01-16,0.00639,0.01534
2015-01-19,0.00641,0.01548
2015-01-20,0.0064800000000000005,0.015560000000000001
2015-01-21,0.006919999999999999,0.01586
2015-01-22,0.00733,0.01655
2015-01-23,0.0055000000000000005,0.014070000000000001
2015-01-26,0.00559,0.01418
2015-01-27,0.00594,0.01448
2015-01-28,0.00611,0.01458
2015-01-29,0.00612,0.01456
2015-01-30,0.00584,0.01433
2015-02-02,0.00551,0.01362
2015-02-03,0.005639999999999999,0.01353
2015-02-04,0.0059,0.013959999999999998
2015-02-05,0.005809999999999999,0.013460000000000001
2015-02-06,0.00575,0.01316
2015-02-09,0.006059999999999999,0.013600000000000001
2015-02-10,0.0062,0.01385
2015-02-11,0.00639,0.013879999999999998
2015-02-12,0.00635,0.013779999999999999
2015-02-13,0.0063,0.01345
2015-02-16,0.00617,0.01352
2015-02-17,0.00634,0.0137
2015-02-18,0.0064,0.01397
2015-02-19,0.00647,0.014450000000000001
2015-02-20,0.0067,0.01476
2015-02-23,0.006500000000000001,0.015
2015-02-24,0.00628,0.01464
2015-02-25,0.00586,0.01418
2015-02-26,0.00545,0.01365
2015-02-27,0.00561,0.01399
2015-03-02,0.00575,0.014159999999999999
2015-03-03,0.00601,0.01431
2015-03-04,0.00635,0.014490000000000001
2015-03-05,0.006520000000000001,0.0146
2015-03-06,0.00619,0.01367
2015-03-09,0.0060999999999999995,0.01355
2015-03-10,0.00547,0.01282
2015-03-11,0.00498,0.01149
2015-03-12,0.0042699999999999995,0.010129999999999998
2015-03-13,0.00479,0.0109
2015-03-16,0.00487,0.010620000000000001
2015-03-17,0.00496,0.01089
2015-03-18,0.00502,0.01122
2015-03-19,0.00432,0.01057
2015-03-20,0.00423,0.010409999999999999
2015-03-23,0.0043,0.01083
2015-03-24,0.00458,0.01088
2015-03-25,0.00484,0.01098
2015-03-26,0.00479,0.01088
2015-03-27,0.00486,0.01123
2015-03-30,0.004719999999999999,0.011009999999999999
2015-03-31,0.00493,0.01113
2015-04-01,0.00464,0.01102
2015-04-02,0.00454,0.01083
2015-04-07,0.00454,0.011080000000000001
2015-04-08,0.00439,0.0111
2015-04-09,0.0043,0.01114
2015-04-10,0.00431,0.01113
2015-04-13,0.00432,0.01088
2015-04-14,0.004,0.01049
2015-04-15,0.00384,0.010289999999999999
2015-04-16,0.00331,0.00955
2015-04-17,0.0033900000000000002,0.009439999999999999
2015-04-20,0.0034300000000000003,0.009439999999999999
2015-04-21,0.0034300000000000003,0.00945
2015-04-22,0.00345,0.00955
2015-04-23,0.00384,0.00994
2015-04-24,0.00423,0.01064
2015-04-27,0.004,0.01048
2015-04-28,0.00409,0.010700000000000001
2015-04-29,0.0048,0.0115
2015-04-30,0.00612,0.01324
2015-05-04,0.00647,0.01362
2015-05-05,0.00681,0.0138
2015-05-06,0.008100000000000001,0.01574
2015-05-07,0.010069999999999999,0.01803
2015-05-08,0.0087,0.01619
2015-05-11,0.00881,0.016579999999999998
2015-05-12,0.0097,0.01776
2015-05-13,0.00924,0.0173
2015-05-14,0.00987,0.01847
2015-05-15,0.00918,0.01734
2015-05-18,0.00933,0.01743
2015-05-19,0.008289999999999999,0.01618
2015-05-20,0.00868,0.01637
2015-05-21,0.00893,0.01696
2015-05-22,0.00877,0.01669
2015-05-25,0.00877,0.01669
2015-05-26,0.00859,0.01655
2015-05-27,0.00842,0.01636
2015-05-28,0.008369999999999999,0.01642
2015-05-29,0.008159999999999999,0.01615
2015-06-01,0.00808,0.01598
2015-06-02,0.009260000000000001,0.01714
2015-06-03,0.00994,0.01796
2015-06-04,0.012410000000000001,0.020579999999999998
2015-06-05,0.0118,0.02001
2015-06-08,0.01175,0.02005
2015-06-09,0.01205,0.02051
2015-06-10,0.01329,0.02182
2015-06-11,0.013420000000000001,0.02228
2015-06-12,0.012470000000000002,0.021019999999999997
2015-06-15,0.01233,0.02093
2015-06-16,0.0126,0.02114
2015-06-17,0.01218,0.020870000000000003
2015-06-18,0.011470000000000001,0.020179999999999997
2015-06-19,0.011479999999999999,0.02019
2015-06-22,0.01202,0.02105
2015-06-23,0.012270000000000001,0.02155
2015-06-24,0.012119999999999999,0.02138
2015-06-25,0.01222,0.02162
2015-06-26,0.01218,0.02182
2015-06-29,0.01217,0.02199
2015-06-30,0.01207,0.02213
2015-07-01,0.01202,0.022170000000000002
2015-07-02,0.01294,0.02347
2015-07-03,0.012809999999999998,0.023090000000000003
2015-07-06,0.01208,0.022010000000000002
2015-07-07,0.011890000000000001,0.02191
2015-07-08,0.01094,0.020110000000000003
2015-07-09,0.01111,0.02023
2015-07-10,0.011859999999999999,0.02147
2015-07-13,0.012809999999999998,0.02274
2015-07-14,0.01218,0.02215
2015-07-15,0.011699999999999999,0.02165
2015-07-16,0.011240000000000002,0.02113
2015-07-17,0.01083,0.020419999999999997
2015-07-20,0.01049,0.019950000000000002
2015-07-21,0.01008,0.01951
2015-07-22,0.01058,0.02016
2015-07-23,0.01014,0.01958
2015-07-24,0.00977,0.01919
2015-07-27,0.009519999999999999,0.018799999999999997
2015-07-28,0.00989,0.01925
2015-07-29,0.00957,0.01892
2015-07-30,0.00972,0.01925
2015-07-31,0.00927,0.01859
2015-08-03,0.00938,0.01867
2015-08-04,0.009000000000000001,0.018340000000000002
2015-08-05,0.00968,0.01941
2015-08-06,0.01008,0.01992
2015-08-07,0.010069999999999999,0.01999
2015-08-10,0.00959,0.01944
2015-08-11,0.009519999999999999,0.01927
2015-08-12,0.00903,0.018520000000000002
2015-08-13,0.0092,0.01884
2015-08-14,0.009260000000000001,0.01877
2015-08-17,0.00924,0.01865
2015-08-18,0.00928,0.018600000000000002
2015-08-19,0.00942,0.01887
2015-08-20,0.00928,0.018680000000000002
2015-08-21,0.009300000000000001,0.01855
2015-08-24,0.00928,0.01854
2015-08-25,0.01004,0.01932
2015-08-26,0.01061,0.019870000000000002
2015-08-27,0.010709999999999999,0.02008
2015-08-28,0.010620000000000001,0.02013
2015-08-31,0.010669999999999999,0.02013
2015-09-01,0.01134,0.02091
2015-09-02,0.01121,0.020640000000000002
2015-09-03,0.01122,0.020649999999999998
2015-09-04,0.01023,0.01982
2015-09-07,0.010089999999999998,0.01978
2015-09-08,0.0102,0.02024
2015-09-09,0.010049999999999998,0.020259999999999997
2015-09-10,0.00994,0.01997
2015-09-11,0.00991,0.02013
2015-09-14,0.00954,0.01983
2015-09-15,0.009729999999999999,0.02008
2015-09-16,0.010409999999999999,0.020640000000000002
2015-09-17,0.01079,0.02106
2015-09-18,0.009649999999999999,0.01967
2015-09-21,0.00947,0.019459999999999998
2015-09-22,0.009300000000000001,0.019530000000000002
2015-09-23,0.00892,0.01923
2015-09-24,0.00899,0.01909
2015-09-25,0.00928,0.01941
2015-09-28,0.00927,0.01947
2015-09-29,0.0091,0.01921
2015-09-30,0.00891,0.01901
2015-10-01,0.00873,0.01893
2015-10-02,0.0085,0.01885
2015-10-05,0.007980000000000001,0.01822
2015-10-06,0.00835,0.01882
2015-10-07,0.00877,0.0194
2015-10-08,0.00827,0.01867
2015-10-09,0.00849,0.01889
2015-10-12,0.00865,0.019039999999999998
2015-10-13,0.00817,0.01853
2015-10-14,0.00805,0.01856
2015-10-15,0.00786,0.018349999999999998
2015-10-16,0.00793,0.01836
2015-10-19,0.008110000000000001,0.01859
2015-10-20,0.00828,0.01876
2015-10-21,0.00845,0.01885
2015-10-22,0.008289999999999999,0.01856
2015-10-23,0.00738,0.01765
2015-10-26,0.00751,0.01779
2015-10-27,0.00745,0.01763
2015-10-28,0.00695,0.01698
2015-10-29,0.0070799999999999995,0.01694
2015-10-30,0.00771,0.017509999999999998
2015-11-02,0.00844,0.018260000000000002
2015-11-03,0.00839,0.01822
2015-11-04,0.00849,0.01861
2015-11-05,0.00882,0.01898
2015-11-06,0.00877,0.01928
2015-11-09,0.00978,0.02021
2015-11-10,0.00909,0.01985
2015-11-11,0.00904,0.01994
2015-11-12,0.00882,0.01954
2015-11-13,0.00864,0.01907
2015-11-16,0.0085,0.01908
2015-11-17,0.008329999999999999,0.01875
2015-11-18,0.00813,0.01864
2015-11-19,0.00805,0.01816
2015-11-20,0.008199999999999999,0.01816
2015-11-23,0.00864,0.0182
2015-11-24,0.00828,0.01794
2015-11-25,0.00823,0.01807
2015-11-26,0.00805,0.01812
2015-11-27,0.00784,0.01797
2015-11-30,0.00793,0.01837
2015-12-01,0.008100000000000001,0.01873
2015-12-02,0.00783,0.01865
2015-12-03,0.007890000000000001,0.0187
2015-12-04,0.00976,0.0197
2015-12-07,0.009439999999999999,0.01949
2015-12-08,0.0092,0.0191
2015-12-09,0.00886,0.018520000000000002
2015-12-10,0.00904,0.0189
2015-12-11,0.00888,0.01875
2015-12-14,0.00894,0.01877
2015-12-15,0.00982,0.01964
2015-12-16,0.009689999999999999,0.019370000000000002
2015-12-17,0.00933,0.019030000000000002
2015-12-18,0.00906,0.01869
2015-12-21,0.00903,0.01867
2015-12-22,0.00903,0.018680000000000002
2015-12-23,0.009559999999999999,0.01939
2015-12-24,0.009559999999999999,0.01939
2015-12-28,0.00962,0.01968
2015-12-29,0.009479999999999999,0.0194
2015-12-30,0.01012,0.02052
2015-12-31,0.01012,0.02052
2016-01-04,0.00954,0.01988
2016-01-05,0.009260000000000001,0.0197
2016-01-06,0.00884,0.01943
2016-01-07,0.00876,0.0194
2016-01-08,0.00923,0.01985
2016-01-11,0.009130000000000001,0.019610000000000002
2016-01-12,0.00967,0.02001
2016-01-13,0.00924,0.019299999999999998
2016-01-14,0.00878,0.01877
2016-01-15,0.00876,0.01894
2016-01-18,0.00883,0.01915
2016-01-19,0.00879,0.01909
2016-01-20,0.008369999999999999,0.01874
2016-01-21,0.00825,0.01841
2016-01-22,0.00793,0.01845
2016-01-25,0.007980000000000001,0.01848
2016-01-26,0.00766,0.01806
2016-01-27,0.00738,0.01781
2016-01-28,0.00749,0.01781
2016-01-29,0.00688,0.017070000000000002
2016-02-01,0.00644,0.01652
2016-02-02,0.00651,0.01669
2016-02-03,0.0064800000000000005,0.01667
2016-02-04,0.0067,0.01675
2016-02-05,0.00632,0.01637
2016-02-08,0.0060799999999999995,0.01608
2016-02-09,0.00623,0.01611
2016-02-10,0.00628,0.01633
2016-02-11,0.0057799999999999995,0.01569
2016-02-12,0.00634,0.01611
2016-02-15,0.00656,0.01629
2016-02-16,0.0064800000000000005,0.016479999999999998
2016-02-17,0.006520000000000001,0.0165
2016-02-18,0.00627,0.01609
2016-02-19,0.00575,0.015560000000000001
2016-02-22,0.0057399999999999994,0.015560000000000001
2016-02-23,0.0055000000000000005,0.0151
2016-02-24,0.00527,0.01474
2016-02-25,0.00529,0.01478
2016-02-26,0.005410000000000001,0.01509
2016-02-29,0.00489,0.01466
2016-03-01,0.00502,0.015229999999999999
2016-03-02,0.00579,0.01627
2016-03-03,0.005699999999999999,0.016220000000000002
2016-03-04,0.00565,0.01616
2016-03-07,0.00559,0.01599
2016-03-08,0.0051400000000000005,0.01573
2016-03-09,0.0053300000000000005,0.01584
2016-03-10,0.00536,0.01581
2016-03-11,0.005699999999999999,0.01591
2016-03-14,0.00526,0.01551
2016-03-15,0.005659999999999999,0.01579
2016-03-16,0.00577,0.016
2016-03-17,0.00521,0.015269999999999999
2016-03-18,0.00486,0.01467
2016-03-21,0.0046300000000000004,0.01433
2016-03-22,0.00484,0.0147
2016-03-23,0.00505,0.01482
2016-03-24,0.00462,0.01436
2016-03-29,0.00434,0.01395
2016-03-30,0.0041199999999999995,0.01367
2016-03-31,0.00414,0.01376
2016-04-01,0.00432,0.013859999999999999
2016-04-04,0.004,0.01332
2016-04-05,0.00367,0.01288
2016-04-06,0.00392,0.01332
2016-04-07,0.00387,0.013380000000000001
2016-04-08,0.00387,0.01365
2016-04-11,0.0036,0.01351
2016-04-12,0.00435,0.014790000000000001
2016-04-13,0.00433,0.01477
2016-04-14,0.00424,0.01443
2016-04-15,0.00425,0.01436
2016-04-18,0.00418,0.01428
2016-04-19,0.00456,0.014790000000000001
2016-04-20,0.00433,0.014530000000000001
2016-04-21,0.00491,0.01514
2016-04-22,0.00494,0.015189999999999999
2016-04-25,0.00494,0.01555
2016-04-26,0.005520000000000001,0.01614
2016-04-27,0.00575,0.01645
2016-04-28,0.005350000000000001,0.01623
2016-04-29,0.005580000000000001,0.01618
2016-05-02,0.00569,0.01606
2016-05-03,0.00559,0.01583
2016-05-04,0.00532,0.015
2016-05-05,0.00547,0.01559
2016-05-06,0.00504,0.015009999999999999
2016-05-09,0.00497,0.01496
2016-05-10,0.00469,0.01466
2016-05-11,0.00445,0.014530000000000001
2016-05-12,0.00462,0.01458
2016-05-13,0.00466,0.014650000000000002
2016-05-16,0.00457,0.01452
2016-05-17,0.00497,0.01497
2016-05-18,0.0047599999999999995,0.01474
2016-05-19,0.00529,0.01517
2016-05-20,0.00508,0.01485
2016-05-23,0.00488,0.01468
2016-05-24,0.00493,0.01473
2016-05-25,0.00505,0.014879999999999999
2016-05-26,0.00482,0.014410000000000001
2016-05-27,0.00457,0.01425
2016-05-30,0.00503,0.014790000000000001
2016-05-31,0.00513,0.01485
2016-06-01,0.00477,0.01451
2016-06-02,0.00499,0.01468
2016-06-03,0.00464,0.01421
2016-06-06,0.00436,0.013560000000000001
2016-06-07,0.00449,0.01367
2016-06-08,0.004079999999999999,0.01295
2016-06-09,0.00396,0.0125
2016-06-10,0.00394,0.01228
2016-06-13,0.00407,0.01201
2016-06-14,0.0040100000000000005,0.01209
2016-06-15,0.00421,0.012390000000000002
2016-06-16,0.00415,0.01192
2016-06-17,0.004050000000000001,0.01194
2016-06-20,0.0044,0.0126
2016-06-21,0.00439,0.01266
2016-06-22,0.00413,0.012430000000000002
2016-06-23,0.00423,0.012430000000000002
2016-06-24,0.0034000000000000002,0.01131
2016-06-27,0.00332,0.01049
2016-06-28,0.0027300000000000002,0.010009999999999998
2016-06-29,0.00229,0.00985
2016-06-30,0.00254,0.01006
2016-07-01,0.0017100000000000001,0.009250000000000001
2016-07-04,0.00188,0.0096
2016-07-05,0.0016300000000000002,0.009300000000000001
2016-07-06,0.00125,0.00877
2016-07-07,0.00172,0.00954
2016-07-08,0.00133,0.00889
2016-07-11,0.00105,0.00857
2016-07-12,0.00172,0.00937
2016-07-13,0.0017299999999999998,0.00955
2016-07-14,0.0016,0.009300000000000001
2016-07-15,0.00198,0.00971
2016-07-18,0.00221,0.01012
2016-07-19,0.00208,0.00997
2016-07-20,0.0020399999999999997,0.00992
2016-07-21,0.00247,0.0104
2016-07-22,0.0023699999999999997,0.01018
2016-07-25,0.00233,0.010029999999999999
2016-07-26,0.00181,0.00931
2016-07-27,0.00181,0.00943
2016-07-28,0.00147,0.008960000000000001
2016-07-29,0.0016,0.009000000000000001
2016-08-01,0.00121,0.008539999999999999
2016-08-02,0.00164,0.00903
2016-08-03,0.00193,0.009399999999999999
2016-08-04,0.00184,0.009439999999999999
2016-08-05,0.0014399999999999999,0.009170000000000001
2016-08-08,0.0017000000000000001,0.00953
2016-08-09,0.00167,0.009559999999999999
2016-08-10,0.00127,0.00908
2016-08-11,0.0011799999999999998,0.009000000000000001
2016-08-12,0.00134,0.00919
2016-08-15,0.0011899999999999999,0.009130000000000001
2016-08-16,0.0014199999999999998,0.009250000000000001
2016-08-17,0.0019500000000000001,0.00978
2016-08-18,0.00168,0.009389999999999999
2016-08-19,0.00147,0.00909
2016-08-22,0.0018,0.00946
2016-08-23,0.00161,0.00927
2016-08-24,0.00155,0.009250000000000001
2016-08-25,0.0016200000000000001,0.009389999999999999
2016-08-26,0.00172,0.00968
2016-08-29,0.00199,0.010029999999999999
2016-08-30,0.0017499999999999998,0.00987
2016-08-31,0.00166,0.00966
2016-09-01,0.00209,0.010209999999999999
2016-09-02,0.00194,0.01023
2016-09-05,0.00196,0.010409999999999999
2016-09-06,0.0018,0.01018
2016-09-07,0.00125,0.00943
2016-09-08,0.00116,0.009340000000000001
2016-09-09,0.00198,0.01065
2016-09-12,0.0028499999999999997,0.011359999999999999
2016-09-13,0.00254,0.011049999999999999
2016-09-14,0.00292,0.01159
2016-09-15,0.0029,0.01163
2016-09-16,0.00243,0.01141
2016-09-19,0.00263,0.01195
2016-09-20,0.00256,0.011359999999999999
2016-09-21,0.00229,0.01093
2016-09-22,0.0019,0.01043
2016-09-23,0.00161,0.01011
2016-09-26,0.00156,0.01
2016-09-27,0.00121,0.00984
2016-09-28,0.00116,0.0097
2016-09-29,0.0013800000000000002,0.00992
2016-09-30,0.00127,0.00974
2016-10-03,0.00179,0.00999
2016-10-04,0.0019500000000000001,0.01023
2016-10-05,0.0025700000000000002,0.01083
2016-10-06,0.00268,0.01125
2016-10-07,0.00314,0.01171
2016-10-10,0.00313,0.01167
2016-10-11,0.0032600000000000003,0.01173
2016-10-12,0.00316,0.01157
2016-10-13,0.0032500000000000003,0.01171
2016-10-14,0.00329,0.01159
2016-10-17,0.00359,0.01206
2016-10-18,0.00334,0.01183
2016-10-19,0.00297,0.01145
2016-10-20,0.003,0.011430000000000001
2016-10-21,0.0025800000000000003,0.01076
2016-10-24,0.00251,0.01084
2016-10-25,0.0028100000000000004,0.011319999999999998
2016-10-26,0.0031,0.01154
2016-10-27,0.0039900000000000005,0.012729999999999998
2016-10-28,0.00451,0.013269999999999999
2016-10-31,0.00464,0.01316
2016-11-01,0.00488,0.013340000000000001
2016-11-02,0.00431,0.01261
2016-11-03,0.00459,0.01287
2016-11-04,0.00452,0.01256
2016-11-07,0.00458,0.012470000000000002
2016-11-08,0.0045000000000000005,0.012390000000000002
2016-11-09,0.0051400000000000005,0.01332
2016-11-10,0.00569,0.01391
2016-11-11,0.0074199999999999995,0.01566
2016-11-14,0.00832,0.016819999999999998
2016-11-15,0.00715,0.015300000000000001
2016-11-16,0.00759,0.01554
2016-11-17,0.00707,0.01478
2016-11-18,0.0078000000000000005,0.015609999999999999
2016-11-21,0.00781,0.015609999999999999
2016-11-22,0.00711,0.01496
2016-11-23,0.00734,0.01547
2016-11-24,0.00739,0.01546
2016-11-25,0.00776,0.016040000000000002
2016-11-28,0.00755,0.01581
2016-11-29,0.00733,0.01565
2016-11-30,0.00674,0.0151
2016-12-01,0.007980000000000001,0.0165
2016-12-02,0.00774,0.01635
2016-12-05,0.00774,0.01629
2016-12-06,0.00747,0.01591
2016-12-07,0.00767,0.01609
2016-12-08,0.00779,0.01631
2016-12-09,0.00831,0.01774
2016-12-12,0.0087,0.01848
2016-12-13,0.00813,0.01758
2016-12-14,0.00766,0.01697
2016-12-15,0.00801,0.01745
2016-12-16,0.00748,0.01664
2016-12-19,0.00779,0.01684
2016-12-20,0.0072699999999999996,0.016120000000000002
2016-12-21,0.00688,0.015629999999999998
2016-12-22,0.00712,0.015700000000000002
2016-12-23,0.00712,0.01586
2016-12-27,0.00707,0.01572
2016-12-28,0.00707,0.01572
2016-12-29,0.0064800000000000005,0.01521
2016-12-30,0.00683,0.015880000000000002
2017-01-02,0.0066,0.01608
2017-01-03,0.0074199999999999995,0.0171
2017-01-04,0.007890000000000001,0.01746
2017-01-05,0.008239999999999999,0.01791
2017-01-06,0.00804,0.017410000000000002
2017-01-09,0.00826,0.01782
2017-01-10,0.00818,0.01779
2017-01-11,0.00819,0.017769999999999998
2017-01-12,0.00774,0.01717
2017-01-13,0.00797,0.01791
2017-01-16,0.00814,0.01825
2017-01-17,0.00764,0.0177
2017-01-18,0.00814,0.01828
2017-01-19,0.0086,0.01864
2017-01-20,0.00909,0.019370000000000002
2017-01-23,0.00924,0.019610000000000002
2017-01-24,0.00882,0.01908
2017-01-25,0.00943,0.01957
2017-01-26,0.010360000000000001,0.02048
2017-01-27,0.01027,0.02017
2017-01-30,0.011049999999999999,0.0209
2017-01-31,0.01084,0.0206
2017-02-01,0.01102,0.020659999999999998
2017-02-02,0.01106,0.02085
2017-02-03,0.01089,0.02073
2017-02-06,0.01129,0.02138
2017-02-07,0.011359999999999999,0.021589999999999998
2017-02-08,0.01121,0.02152
2017-02-09,0.010009999999999998,0.020099999999999996
2017-02-10,0.01045,0.02059
2017-02-13,0.01097,0.021339999999999998
2017-02-14,0.01048,0.02078
2017-02-15,0.01069,0.02112
2017-02-16,0.01088,0.021330000000000002
2017-02-17,0.010740000000000001,0.02077
2017-02-20,0.01075,0.020870000000000003
2017-02-21,0.011319999999999998,0.0213
2017-02-23,0.010289999999999999,0.019950000000000002
2017-02-24,0.01004,0.01981
2017-02-27,0.00922,0.018779999999999998
2017-02-28,0.00911,0.01869
2017-03-01,0.0096,0.01925
2017-03-02,0.00954,0.01944
2017-03-03,0.00947,0.01928
2017-03-06,0.00994,0.0195
2017-03-07,0.010069999999999999,0.02017
2017-03-08,0.010329999999999999,0.02036
2017-03-09,0.010549999999999999,0.02052
2017-03-10,0.01119,0.021330000000000002
2017-03-13,0.01102,0.020739999999999998
2017-03-14,0.01131,0.02086
2017-03-15,0.01117,0.020790000000000003
2017-03-16,0.01069,0.020409999999999998
2017-03-17,0.01167,0.0213
2017-03-20,0.01155,0.02109
2017-03-21,0.01155,0.021150000000000002
2017-03-22,0.01083,0.02028
2017-03-23,0.0105,0.02
2017-03-24,0.010629999999999999,0.02017
2017-03-27,0.010089999999999998,0.01964
2017-03-28,0.00991,0.01947
2017-03-29,0.00985,0.01949
2017-03-30,0.00966,0.0195
2017-03-31,0.00997,0.019950000000000002
2017-04-03,0.010069999999999999,0.01997
2017-04-04,0.00974,0.01972
2017-04-05,0.009559999999999999,0.01951
2017-04-06,0.00961,0.01958
2017-04-07,0.00936,0.019299999999999998
2017-04-10,0.009479999999999999,0.019459999999999998
2017-04-11,0.00998,0.01983
2017-04-12,0.01004,0.01972
2017-04-13,0.00936,0.0189
2017-04-18,0.00935,0.01883
2017-04-19,0.00936,0.01874
2017-04-20,0.009439999999999999,0.01876
2017-04-21,0.00868,0.018009999999999998
2017-04-24,0.00818,0.0178
2017-04-25,0.0083,0.01815
2017-04-26,0.00867,0.018500000000000003
2017-04-27,0.00874,0.01864
2017-04-28,0.008409999999999999,0.018500000000000003
2017-05-02,0.008329999999999999,0.01839
2017-05-03,0.008020000000000001,0.01811
2017-05-04,0.00813,0.01828
2017-05-05,0.00803,0.01813
2017-05-08,0.00827,0.01838
2017-05-09,0.00867,0.01879
2017-05-10,0.00831,0.01851
2017-05-11,0.0087,0.01887
2017-05-12,0.00851,0.018779999999999998
2017-05-15,0.008579999999999999,0.0189
2017-05-16,0.00884,0.01917
2017-05-17,0.00863,0.01874
2017-05-18,0.00805,0.01822
2017-05-19,0.00795,0.01812
2017-05-22,0.00815,0.018340000000000002
2017-05-23,0.008409999999999999,0.018520000000000002
2017-05-24,0.00821,0.01825
2017-05-25,0.008020000000000001,0.01805
2017-05-26,0.00777,0.01791
2017-05-29,0.0076500000000000005,0.01761
2017-05-30,0.00749,0.01752
2017-05-31,0.0072299999999999994,0.0174
2017-06-01,0.00743,0.01795
2017-06-02,0.007189999999999999,0.017689999999999997
2017-06-05,0.00722,0.01782
2017-06-06,0.00697,0.01755
2017-06-07,0.00676,0.01747
2017-06-08,0.006999999999999999,0.01773
2017-06-09,0.00628,0.01685
2017-06-12,0.00609,0.016819999999999998
2017-06-13,0.0062,0.016739999999999998
2017-06-14,0.006059999999999999,0.01643
2017-06-15,0.00607,0.01617
2017-06-16,0.006500000000000001,0.01655
2017-06-19,0.00627,0.01649
2017-06-20,0.00616,0.01623
2017-06-21,0.0059499999999999996,0.01598
2017-06-22,0.0059499999999999996,0.01577
2017-06-23,0.0060999999999999995,0.01619
2017-06-26,0.00605,0.01616
2017-06-27,0.0064600000000000005,0.01653
2017-06-28,0.00738,0.01719
2017-06-29,0.00749,0.0174
2017-06-30,0.007980000000000001,0.0179
2017-07-03,0.00818,0.0181
2017-07-04,0.008239999999999999,0.01847
2017-07-05,0.008369999999999999,0.01867
2017-07-06,0.00845,0.01853
2017-07-07,0.00928,0.01907
2017-07-10,0.00938,0.01919
2017-07-11,0.009399999999999999,0.01926
2017-07-12,0.009000000000000001,0.0189
2017-07-13,0.008539999999999999,0.01856
2017-07-14,0.00853,0.01847
2017-07-17,0.00856,0.01847
2017-07-18,0.00835,0.01831
2017-07-19,0.00813,0.01802
2017-07-20,0.00826,0.018009999999999998
2017-07-21,0.0076100000000000004,0.01763
2017-07-24,0.00748,0.0177
2017-07-25,0.00759,0.01766
2017-07-26,0.00813,0.01775
2017-07-27,0.00781,0.01789
2017-07-28,0.00847,0.01869
2017-07-31,0.00818,0.01845
2017-08-01,0.00805,0.01804
2017-08-02,0.0076500000000000005,0.01766
2017-08-03,0.00769,0.01764
2017-08-04,0.00743,0.017390000000000003
2017-08-07,0.00766,0.01758
2017-08-08,0.0075,0.01746
2017-08-09,0.00736,0.01735
2017-08-10,0.00735,0.01728
2017-08-11,0.006919999999999999,0.01688
2017-08-14,0.0073,0.0173
2017-08-15,0.00724,0.01734
2017-08-16,0.00755,0.01765
2017-08-17,0.00737,0.01758
2017-08-18,0.007039999999999999,0.017230000000000002
2017-08-21,0.00705,0.01725
2017-08-22,0.0072,0.01747
2017-08-23,0.00737,0.01771
2017-08-24,0.00703,0.01738
2017-08-25,0.00732,0.0177
2017-08-28,0.00715,0.01756
2017-08-29,0.00661,0.01705
2017-08-30,0.006790000000000001,0.017230000000000002
2017-08-31,0.006939999999999999,0.01728
2017-09-01,0.00674,0.01712
2017-09-04,0.0069,0.01753
2017-09-05,0.0070799999999999995,0.01775
2017-09-06,0.00668,0.01721
2017-09-07,0.0069099999999999995,0.01738
2017-09-08,0.0064,0.01732
2017-09-11,0.00643,0.01734
2017-09-12,0.006670000000000001,0.017490000000000002
2017-09-13,0.007039999999999999,0.01796
2017-09-14,0.0070999999999999995,0.01795
2017-09-15,0.00713,0.01799
2017-09-18,0.00718,0.01788
2017-09-19,0.00737,0.01804
2017-09-20,0.0073,0.01795
2017-09-21,0.0077800000000000005,0.01828
2017-09-22,0.00764,0.01808
2017-09-25,0.0072,0.01762
2017-09-26,0.007169999999999999,0.01774
2017-09-27,0.00779,0.0184
2017-09-28,0.008100000000000001,0.01864
2017-09-29,0.00764,0.01824
2017-10-02,0.00773,0.018260000000000002
2017-10-03,0.007890000000000001,0.01839
2017-10-04,0.00766,0.01817
2017-10-05,0.0076500000000000005,0.01812
2017-10-06,0.00784,0.01832
2017-10-09,0.00747,0.01797
2017-10-10,0.00734,0.01778
2017-10-11,0.00747,0.01795
2017-10-12,0.00737,0.01791
2017-10-13,0.00711,0.0177
2017-10-16,0.00685,0.01755
2017-10-17,0.006520000000000001,0.01726
2017-10-18,0.00658,0.01729
2017-10-19,0.006770000000000001,0.01748
2017-10-20,0.00716,0.01795
2017-10-23,0.00713,0.01808
2017-10-24,0.00738,0.01811
2017-10-25,0.00756,0.018269999999999998
2017-10-26,0.0074199999999999995,0.01809
2017-10-27,0.0068200000000000005,0.017929999999999998
2017-10-30,0.00653,0.0176
2017-10-31,0.00635,0.017310000000000002
2017-11-01,0.00625,0.01711
2017-11-02,0.00638,0.01721
2017-11-03,0.00622,0.017079999999999998
2017-11-06,0.00602,0.016890000000000002
2017-11-07,0.00605,0.01697
2017-11-08,0.00563,0.01655
2017-11-09,0.00575,0.01672
2017-11-10,0.00639,0.01755
2017-11-13,0.00628,0.01733
2017-11-14,0.006500000000000001,0.01763
2017-11-15,0.00604,0.0171
2017-11-16,0.00626,0.01729
2017-11-17,0.0060799999999999995,0.01717
2017-11-20,0.005829999999999999,0.01686
2017-11-21,0.00545,0.016220000000000002
2017-11-22,0.0057399999999999994,0.016120000000000002
2017-11-23,0.005620000000000001,0.016040000000000002
2017-11-24,0.0059299999999999995,0.01638
2017-11-27,0.0057799999999999995,0.01624
2017-11-28,0.0055000000000000005,0.01605
2017-11-29,0.0058,0.01634
2017-11-30,0.00594,0.01646
2017-12-01,0.0054600000000000004,0.01595
2017-12-04,0.00536,0.01579
2017-12-05,0.00527,0.0158
2017-12-06,0.00512,0.01558
2017-12-07,0.00515,0.01559
2017-12-08,0.00527,0.01593
2017-12-11,0.0051600000000000005,0.01576
2017-12-12,0.0053100000000000005,0.01579
2017-12-13,0.00563,0.01623
2017-12-14,0.005659999999999999,0.016220000000000002
2017-12-15,0.00524,0.015629999999999998
2017-12-18,0.00525,0.015529999999999999
2017-12-19,0.00534,0.01574
2017-12-20,0.00597,0.01638
2017-12-21,0.00658,0.01693
2017-12-22,0.0064600000000000005,0.0167
2017-12-27,0.0064600000000000005,0.016739999999999998
2017-12-28,0.0066500000000000005,0.01699
2017-12-29,0.0068000000000000005,0.01719
2018-01-02,0.00718,0.01778
2018-01-03,0.0072,0.0177
2018-01-04,0.007209999999999999,0.017490000000000002
2018-01-05,0.007019999999999999,0.01721
2018-01-08,0.006999999999999999,0.01732
2018-01-09,0.007019999999999999,0.0174
2018-01-10,0.00724,0.017669999999999998
2018-01-11,0.00711,0.01732
2018-01-12,0.00772,0.01746
2018-01-15,0.00771,0.01758
2018-01-16,0.00755,0.01742
2018-01-17,0.00748,0.01717
2018-01-18,0.007940000000000001,0.01762
2018-01-19,0.00779,0.017589999999999998
2018-01-22,0.00787,0.01776
2018-01-23,0.00753,0.01733
2018-01-24,0.00786,0.017669999999999998
2018-01-25,0.007850000000000001,0.01763
2018-01-26,0.00801,0.017070000000000002
2018-01-29,0.00879,0.01771
2018-01-30,0.00894,0.01787
2018-01-31,0.00882,0.0176
2018-02-01,0.00928,0.01773
2018-02-02,0.009340000000000001,0.01787
2018-02-05,0.00933,0.017849999999999998
2018-02-06,0.00893,0.017390000000000003
2018-02-07,0.00879,0.01728
2018-02-08,0.00927,0.01748
2018-02-09,0.00922,0.01725
2018-02-12,0.00958,0.01752
2018-02-13,0.009250000000000001,0.01727
2018-02-14,0.00919,0.0177
2018-02-15,0.009689999999999999,0.01798
2018-02-16,0.009399999999999999,0.01775
2018-02-19,0.00936,0.01789
2018-02-20,0.009519999999999999,0.01821
2018-02-21,0.009170000000000001,0.018009999999999998
2018-02-22,0.00927,0.01802
2018-02-23,0.00909,0.01784
2018-02-26,0.00887,0.017509999999999998
2018-02-27,0.00898,0.017410000000000002
2018-02-28,0.00887,0.01734
2018-03-01,0.00849,0.017
2018-03-02,0.00845,0.01706
2018-03-05,0.008539999999999999,0.01702
2018-03-06,0.00856,0.01717
2018-03-07,0.00875,0.017390000000000003
2018-03-08,0.0087,0.01717
2018-03-09,0.00845,0.01705
2018-03-12,0.008409999999999999,0.01709
2018-03-13,0.00831,0.017
2018-03-14,0.00822,0.01697
2018-03-15,0.00805,0.01677
2018-03-16,0.00774,0.01644
2018-03-19,0.00784,0.01657
2018-03-20,0.0079,0.01647
2018-03-21,0.008,0.01645
2018-03-22,0.00754,0.01594
2018-03-23,0.00724,0.01568
2018-03-26,0.00731,0.01579
2018-03-27,0.00715,0.015629999999999998
2018-03-28,0.006889999999999999,0.0154
2018-03-29,0.00705,0.015600000000000001
2018-04-03,0.0070599999999999994,0.01584
2018-04-04,0.0069299999999999995,0.01565
2018-04-05,0.007169999999999999,0.01586
2018-04-06,0.00722,0.01594
2018-04-09,0.0070799999999999995,0.015780000000000002
2018-04-10,0.0070799999999999995,0.015780000000000002
2018-04-11,0.00718,0.015780000000000002
2018-04-12,0.00713,0.015700000000000002
2018-04-13,0.00729,0.016
2018-04-16,0.0075,0.01617
2018-04-17,0.00729,0.015960000000000002
2018-04-18,0.0069299999999999995,0.015600000000000001
2018-04-19,0.0076500000000000005,0.01603
2018-04-20,0.00792,0.01636
2018-04-23,0.00827,0.01672
2018-04-24,0.008159999999999999,0.01659
2018-04-25,0.00847,0.01675
2018-04-26,0.00827,0.016579999999999998
2018-04-27,0.0077800000000000005,0.01617
2018-04-30,0.00784,0.01629
2018-05-02,0.0079,0.01646
2018-05-03,0.00795,0.0165
2018-05-04,0.00757,0.01634
2018-05-07,0.00759,0.01636
2018-05-08,0.00767,0.01644
2018-05-09,0.00807,0.01679
2018-05-10,0.00791,0.01663
2018-05-11,0.00774,0.01644
2018-05-14,0.00805,0.01669
2018-05-15,0.008409999999999999,0.01696
2018-05-16,0.008409999999999999,0.01696
2018-05-17,0.00862,0.017310000000000002
2018-05-18,0.008579999999999999,0.01728
2018-05-21,0.008289999999999999,0.01726
2018-05-22,0.00825,0.01712
2018-05-23,0.00796,0.01705
2018-05-24,0.008020000000000001,0.0172
2018-05-25,0.00739,0.01665
2018-05-28,0.00712,0.016579999999999998
2018-05-29,0.00651,0.016319999999999998
2018-05-30,0.0068000000000000005,0.01635
2018-05-31,0.00715,0.016479999999999998
2018-06-01,0.00683,0.01603
2018-06-04,0.00711,0.01605
2018-06-05,0.00716,0.01624
2018-06-06,0.0076,0.01664
2018-06-07,0.00843,0.01727
2018-06-08,0.00793,0.016890000000000002
2018-06-11,0.008199999999999999,0.017
2018-06-12,0.00832,0.017230000000000002
2018-06-13,0.00793,0.01702
2018-06-14,0.00809,0.017
2018-06-15,0.0068000000000000005,0.01652
2018-06-18,0.00676,0.01654
2018-06-19,0.00639,0.01643
2018-06-20,0.006520000000000001,0.01638
2018-06-21,0.00653,0.016579999999999998
2018-06-22,0.00653,0.016579999999999998
2018-06-25,0.00649,0.01671
2018-06-26,0.006750000000000001,0.01678
2018-06-27,0.00659,0.01668
2018-06-28,0.006540000000000001,0.016319999999999998
2018-06-29,0.00653,0.01592
2018-07-02,0.00628,0.015260000000000001
2018-07-03,0.00628,0.015189999999999999
2018-07-04,0.00599,0.01485
2018-07-05,0.00638,0.0152
2018-07-06,0.006059999999999999,0.01506
2018-07-09,0.00614,0.01521
2018-07-10,0.00617,0.01544
2018-07-11,0.00604,0.01525
2018-07-12,0.00613,0.01532
2018-07-13,0.00584,0.015009999999999999
2018-07-16,0.00596,0.01516
2018-07-17,0.00609,0.01533
2018-07-18,0.00586,0.01512
2018-07-19,0.00596,0.015260000000000001
2018-07-20,0.0059299999999999995,0.01518
2018-07-23,0.00666,0.01592
2018-07-24,0.0068200000000000005,0.01591
2018-07-25,0.006520000000000001,0.015569999999999999
2018-07-26,0.00676,0.01576
2018-07-27,0.006730000000000001,0.015780000000000002
2018-07-30,0.00699,0.01606
2018-07-31,0.006979999999999999,0.015960000000000002
2018-08-01,0.00737,0.016200000000000003
2018-08-02,0.0075,0.01647
2018-08-03,0.0073,0.01628
2018-08-06,0.00703,0.015969999999999998
2018-08-07,0.00695,0.015880000000000002
2018-08-08,0.00697,0.01587
2018-08-09,0.006979999999999999,0.01605
2018-08-10,0.00653,0.01569
2018-08-13,0.006540000000000001,0.01562
2018-08-14,0.00655,0.01562
2018-08-15,0.00656,0.01574
2018-08-16,0.00647,0.01566
2018-08-17,0.00638,0.01558
2018-08-20,0.00636,0.01558
2018-08-21,0.00633,0.015560000000000001
2018-08-22,0.00651,0.015629999999999998
2018-08-23,0.00661,0.01568
2018-08-24,0.00655,0.015629999999999998
2018-08-27,0.0068200000000000005,0.01586
2018-08-28,0.00683,0.015880000000000002
2018-08-29,0.006999999999999999,0.0161
2018-08-30,0.00707,0.01621
2018-08-31,0.00683,0.01601
2018-09-03,0.006670000000000001,0.01583
2018-09-04,0.0068000000000000005,0.015960000000000002
2018-09-05,0.0069,0.01605
2018-09-06,0.007039999999999999,0.01621
2018-09-07,0.006889999999999999,0.016040000000000002
2018-09-10,0.0070799999999999995,0.01615
2018-09-11,0.007169999999999999,0.01629
2018-09-12,0.006959999999999999,0.01628
2018-09-13,0.00703,0.01624
2018-09-14,0.007189999999999999,0.01643
2018-09-17,0.0074,0.0166
2018-09-18,0.00737,0.01642
2018-09-19,0.00777,0.01684
2018-09-20,0.00772,0.0168
2018-09-21,0.00762,0.016730000000000002
2018-09-24,0.00772,0.01687
2018-09-25,0.008159999999999999,0.017
2018-09-26,0.008239999999999999,0.01703
2018-09-27,0.00813,0.016819999999999998
2018-09-28,0.008060000000000001,0.016659999999999998
2018-10-01,0.008199999999999999,0.01697
2018-10-02,0.00766,0.01668
2018-10-03,0.00777,0.016730000000000002
2018-10-04,0.00851,0.017159999999999998
2018-10-05,0.00869,0.017159999999999998
2018-10-08,0.00862,0.0172
2018-10-09,0.00894,0.0176
2018-10-10,0.00881,0.0174
2018-10-11,0.00851,0.017150000000000002
2018-10-12,0.00868,0.017310000000000002
2018-10-15,0.0084,0.017159999999999998
2018-10-16,0.00852,0.01725
2018-10-17,0.00809,0.01688
2018-10-18,0.00823,0.01699
2018-10-19,0.00807,0.01694
2018-10-22,0.00822,0.01692
2018-10-23,0.007890000000000001,0.01665
2018-10-24,0.0076300000000000005,0.01642
2018-10-25,0.00758,0.01641
2018-10-26,0.00747,0.01634
2018-10-29,0.00741,0.01631
2018-10-30,0.00754,0.01644
2018-10-31,0.00746,0.01634
2018-11-01,0.00768,0.01645
2018-11-02,0.0077,0.0165
2018-11-05,0.0079,0.01665
2018-11-06,0.00781,0.016579999999999998
2018-11-07,0.007850000000000001,0.016579999999999998
2018-11-08,0.00818,0.01691
2018-11-09,0.00799,0.01684
2018-11-12,0.0076500000000000005,0.01661
2018-11-13,0.0077,0.01683
2018-11-14,0.00768,0.01679
2018-11-15,0.0074399999999999996,0.01675
2018-11-16,0.00756,0.01694
2018-11-19,0.00776,0.01713
2018-11-20,0.00767,0.01705
2018-11-21,0.00767,0.01692
2018-11-22,0.00748,0.01675
2018-11-23,0.00728,0.0166
2018-11-26,0.00734,0.01663
2018-11-27,0.00729,0.01668
2018-11-28,0.00714,0.016659999999999998
2018-11-29,0.00707,0.0167
2018-11-30,0.00685,0.01655
2018-12-03,0.00697,0.01656
2018-12-04,0.00681,0.01628
2018-12-05,0.00661,0.01593
2018-12-06,0.00656,0.01602
2018-12-07,0.006690000000000001,0.01605
2018-12-10,0.00688,0.01619
2018-12-11,0.00736,0.01638
2018-12-12,0.0069299999999999995,0.01608
2018-12-13,0.007039999999999999,0.01592
2018-12-14,0.0069299999999999995,0.016200000000000003
2018-12-17,0.00707,0.01644
2018-12-18,0.006979999999999999,0.0163
2018-12-19,0.00701,0.01628
2018-12-20,0.006730000000000001,0.01619
2018-12-21,0.00683,0.01615
2018-12-24,0.0068200000000000005,0.01615
2018-12-27,0.0068000000000000005,0.016200000000000003
2018-12-28,0.00687,0.01629
2018-12-31,0.006860000000000001,0.01629
2019-01-02,0.00644,0.015960000000000002
2019-01-03,0.00649,0.01606
2019-01-04,0.0066300000000000005,0.01629
2019-01-07,0.006860000000000001,0.01651
2019-01-08,0.00729,0.01676
2019-01-09,0.00735,0.016819999999999998
2019-01-10,0.006750000000000001,0.01617
2019-01-11,0.006540000000000001,0.01617
2019-01-14,0.00627,0.01595
2019-01-15,0.00609,0.01583
2019-01-16,0.0062,0.01595
2019-01-17,0.00615,0.015969999999999998
2019-01-18,0.00647,0.01619
2019-01-21,0.00632,0.01608
2019-01-22,0.00639,0.0161
2019-01-23,0.00631,0.01595
2019-01-24,0.00599,0.01569
2019-01-25,0.00569,0.01533
2019-01-28,0.005849999999999999,0.01541
2019-01-29,0.00598,0.015629999999999998
2019-01-30,0.0059299999999999995,0.01564
2019-01-31,0.005560000000000001,0.01536
2019-02-01,0.005540000000000001,0.0154
2019-02-04,0.005580000000000001,0.01548
2019-02-05,0.00582,0.015569999999999999
2019-02-06,0.005580000000000001,0.01542
2019-02-07,0.00563,0.01548
2019-02-08,0.00529,0.01542
2019-02-11,0.00542,0.0155
2019-02-12,0.0054600000000000004,0.01558
2019-02-13,0.0054,0.01558
2019-02-14,0.0053,0.015529999999999999
2019-02-15,0.00524,0.01548
2019-02-18,0.0051600000000000005,0.015449999999999998
2019-02-19,0.00511,0.01544
2019-02-20,0.00506,0.015269999999999999
2019-02-21,0.0051400000000000005,0.0152
2019-02-22,0.0051400000000000005,0.015269999999999999
2019-02-25,0.005180000000000001,0.015349999999999999
2019-02-26,0.00504,0.015300000000000001
2019-02-27,0.00509,0.01532
2019-02-28,0.00547,0.015560000000000001
2019-03-01,0.005540000000000001,0.01581
2019-03-04,0.00559,0.015880000000000002
2019-03-05,0.00555,0.01584
2019-03-06,0.00526,0.01564
2019-03-07,0.00493,0.015529999999999999
2019-03-08,0.00385,0.01481
2019-03-11,0.00388,0.01468
2019-03-12,0.00411,0.01502
2019-03-13,0.00394,0.01516
2019-03-14,0.00386,0.01492
2019-03-15,0.00382,0.01482
2019-03-18,0.00375,0.01466
2019-03-19,0.00375,0.01458
2019-03-20,0.00392,0.01462
2019-03-21,0.00345,0.01429
2019-03-22,0.00294,0.0134
2019-03-25,0.00295,0.01332
2019-03-26,0.0029,0.01319
2019-03-27,0.00244,0.01265
2019-03-28,0.00234,0.01284
2019-03-29,0.00244,0.01306
2019-04-01,0.0027800000000000004,0.01371
2019-04-02,0.00295,0.0138
2019-04-03,0.00314,0.014079999999999999
2019-04-04,0.00306,0.0141
2019-04-05,0.0030499999999999998,0.01376
2019-04-08,0.0027900000000000004,0.013420000000000001
2019-04-09,0.0028000000000000004,0.013420000000000001
2019-04-10,0.00262,0.01333
2019-04-11,0.00244,0.01325
2019-04-12,0.0027600000000000003,0.013540000000000002
2019-04-15,0.00336,0.01417
2019-04-16,0.0035099999999999997,0.01464
2019-04-17,0.0035499999999999998,0.01466
2019-04-18,0.00299,0.013959999999999998
2019-04-23,0.00317,0.0143
2019-04-24,0.003,0.014110000000000001
2019-04-25,0.00294,0.01393
2019-04-26,0.0028799999999999997,0.013919999999999998
2019-04-29,0.003,0.013819999999999999
2019-04-30,0.00329,0.01403
2019-05-02,0.0032400000000000003,0.01377
2019-05-03,0.00338,0.013919999999999998
2019-05-06,0.00313,0.01365
2019-05-07,0.00291,0.01344
2019-05-08,0.0029,0.01348
2019-05-09,0.00297,0.013420000000000001
2019-05-10,0.00322,0.01365
2019-05-13,0.00317,0.01355
2019-05-14,0.00318,0.01348
2019-05-15,0.0028599999999999997,0.01307
2019-05-16,0.00265,0.0127
2019-05-17,0.00269,0.0128
2019-05-20,0.00298,0.01312
2019-05-21,0.00308,0.01328
2019-05-22,0.00314,0.013460000000000001
2019-05-23,0.00295,0.01336
2019-05-24,0.0027700000000000003,0.01318
2019-05-27,0.00269,0.013000000000000001
2019-05-28,0.00254,0.01288
2019-05-29,0.0024,0.012589999999999999
2019-05-30,0.00247,0.012669999999999999
2019-05-31,0.00218,0.01238
2019-06-03,0.00188,0.011899999999999999
2019-06-04,0.00187,0.01165
2019-06-05,0.0018,0.01146
2019-06-06,0.0014299999999999998,0.011200000000000002
2019-06-07,0.00109,0.0106
2019-06-10,0.00131,0.010820000000000001
2019-06-11,0.0011799999999999998,0.01064
2019-06-12,0.00116,0.01069
2019-06-13,0.00115,0.010589999999999999
2019-06-14,0.00095,0.010289999999999999
2019-06-17,0.00096,0.010169999999999998
2019-06-18,0.00037999999999999997,0.00961
2019-06-19,0.00047,0.00968
2019-06-20,0.00029,0.00928
2019-06-21,0.00047,0.009519999999999999
2019-06-24,0.00026,0.00931
2019-06-25,0.00016,0.009130000000000001
2019-06-26,0.0001,0.00909
2019-06-27,0.00037999999999999997,0.009340000000000001
2019-06-28,0.00012,0.00901
2019-07-01,-1e-05,0.00923
2019-07-02,-0.00041,0.0089
2019-07-03,-0.00089,0.00822
2019-07-04,-0.0010199999999999999,0.0078000000000000005
2019-07-05,-0.0011,0.00769
2019-07-08,-0.0008,0.00792
2019-07-09,-0.00052,0.00845
2019-07-10,6e-05,0.00935
2019-07-11,-0.00023,0.00898
2019-07-12,0.00063,0.01011
2019-07-15,0.00043,0.00994
2019-07-16,-4e-05,0.009170000000000001
2019-07-17,-0.00018999999999999998,0.00904
2019-07-18,-0.00046,0.00872
2019-07-19,-0.00063,0.00884
2019-07-22,-0.00066,0.00887
2019-07-23,-0.00064,0.00884
2019-07-24,-0.00104,0.008409999999999999
2019-07-25,-0.0011799999999999998,0.00817
2019-07-26,-0.00107,0.00827
2019-07-29,-0.00131,0.00787
2019-07-30,-0.0013,0.00784
2019-07-31,-0.0014199999999999998,0.0076
2019-08-01,-0.0014299999999999998,0.00746
2019-08-02,-0.00208,0.00645
2019-08-05,-0.00244,0.00575
2019-08-06,-0.00247,0.005829999999999999
2019-08-07,-0.003,0.00496
2019-08-08,-0.0027500000000000003,0.0054
2019-08-09,-0.0027400000000000002,0.00563
2019-08-12,-0.0027600000000000003,0.00575
2019-08-13,-0.00291,0.00525
2019-08-14,-0.0032400000000000003,0.00486
2019-08-15,-0.00356,0.00437
2019-08-16,-0.00414,0.0035099999999999997
2019-08-19,-0.0035099999999999997,0.00454
2019-08-20,-0.00374,0.00456
2019-08-21,-0.0037099999999999998,0.00468
2019-08-22,-0.0037199999999999998,0.00455
2019-08-23,-0.00321,0.00526
2019-08-26,-0.0034699999999999996,0.00484
2019-08-27,-0.00368,0.0046
2019-08-28,-0.00417,0.00365
2019-08-29,-0.00398,0.00376
2019-08-30,-0.00396,0.00395
2019-09-02,-0.00388,0.00415
2019-09-03,-0.00414,0.0040100000000000005
2019-09-04,-0.0035399999999999997,0.00449
2019-09-05,-0.00329,0.00507
2019-09-06,-0.0027700000000000003,0.00584
2019-09-09,-0.0028299999999999996,0.005679999999999999
2019-09-10,-0.00249,0.00627
2019-09-11,-0.0022,0.0066500000000000005
2019-09-12,-0.00267,0.0059499999999999996
2019-09-13,-0.0019500000000000001,0.006690000000000001
2019-09-16,-0.0017599999999999998,0.006690000000000001
2019-09-17,-0.00179,0.006730000000000001
2019-09-18,-0.00189,0.00656
2019-09-19,-0.00179,0.00643
2019-09-20,-0.00207,0.00596
2019-09-23,-0.00271,0.00521
2019-09-24,-0.00271,0.00504
2019-09-25,-0.0030299999999999997,0.0045000000000000005
2019-09-26,-0.0027500000000000003,0.00485
2019-09-27,-0.00268,0.004739999999999999
2019-09-30,-0.00246,0.00534
2019-10-01,-0.00201,0.00599
2019-10-02,-0.00221,0.005659999999999999
2019-10-03,-0.00244,0.0053100000000000005
2019-10-04,-0.0027,0.00515
2019-10-07,-0.00266,0.00521
2019-10-08,-0.0025,0.00551
2019-10-09,-0.00256,0.0054800000000000005
2019-10-10,-0.00221,0.005620000000000001
2019-10-11,-0.0017100000000000001,0.00617
2019-10-14,-0.0016,0.0064
2019-10-15,-0.0017499999999999998,0.00634
2019-10-16,-0.0014299999999999998,0.00651
2019-10-17,-0.00104,0.006959999999999999
2019-10-18,-0.00105,0.00697
2019-10-21,-0.00053,0.00749
2019-10-22,-0.00079,0.0070999999999999995
2019-10-23,-0.00117,0.006710000000000001
2019-10-24,-0.00095,0.006939999999999999
2019-10-25,-0.00101,0.006959999999999999
2019-10-28,-0.00053,0.00753
2019-10-29,-0.00058,0.0074
2019-10-30,-0.00066,0.0073
2019-10-31,-0.00115,0.006790000000000001
2019-11-01,-0.00105,0.00688
2019-11-04,-0.00058,0.00757
2019-11-05,-0.00021,0.007980000000000001
2019-11-06,-0.00017,0.00784
2019-11-07,-0.00025,0.00775
2019-11-08,0.0003,0.00812
2019-11-11,0.00021,0.00781
2019-11-12,0.00054,0.00848
2019-11-13,5e-05,0.0076500000000000005
2019-11-14,-0.0002,0.00743
2019-11-15,-0.0002,0.00751
2019-11-18,-0.00016,0.00755
2019-11-19,-0.00029,0.00743
2019-11-20,-0.0006900000000000001,0.007019999999999999
2019-11-21,-0.00031,0.00749
2019-11-22,-0.0004,0.00741
2019-11-25,-0.00041,0.00741
2019-11-26,-0.00052,0.00733
2019-11-27,-0.0007199999999999999,0.0070599999999999994
2019-11-28,-0.00065,0.00705
2019-11-29,-0.00062,0.0070799999999999995
2019-12-02,0.00021999999999999998,0.00779
2019-12-03,0.00021,0.00779
2019-12-04,-0.00024,0.00745
2019-12-05,8e-05,0.00779
2019-12-06,0.00018999999999999998,0.0078000000000000005
2019-12-09,8.999999999999999e-05,0.0078000000000000005
2019-12-10,0.00026,0.00799
2019-12-11,-7.000000000000001e-05,0.00769
2019-12-12,-0.00010999999999999999,0.00769
2019-12-13,0.00052,0.00825
2019-12-16,-0.00010999999999999999,0.00769
2019-12-17,0.00014000000000000001,0.00783
2019-12-18,0.00010999999999999999,0.00773
2019-12-19,0.0008100000000000001,0.00851
2019-12-20,0.00075,0.00847
2019-12-23,0.00041,0.008159999999999999
2019-12-24,0.00041,0.00817
2019-12-27,0.00047,0.008329999999999999
2019-12-30,0.00094,0.00883
2019-12-31,0.00094,0.00883
2020-01-02,0.0012900000000000001,0.009250000000000001
2020-01-03,0.00026,0.00826
2020-01-06,0.00023,0.008239999999999999
2020-01-07,0.0003,0.00834
2020-01-08,0.00021,0.00831
2020-01-09,0.00052,0.00863
2020-01-10,0.00061,0.00863
2020-01-13,0.00075,0.0089
2020-01-14,0.00082,0.00895
2020-01-15,0.0005,0.00859
2020-01-16,0.00049,0.008539999999999999
2020-01-17,0.00042,0.00855
2020-01-20,0.0005099999999999999,0.00862
2020-01-21,0.0003,0.008329999999999999
2020-01-22,0.00017,0.00822
2020-01-23,-0.00025,0.00777
2020-01-24,-0.0005099999999999999,0.00752
2020-01-27,-0.00101,0.00697
2020-01-28,-0.00136,0.006540000000000001
2020-01-29,-0.00117,0.00664
2020-01-30,-0.00134,0.006500000000000001
2020-01-31,-0.0014299999999999998,0.00631
2020-02-03,-0.00168,0.00605
2020-02-04,-0.0013800000000000002,0.00643
2020-02-05,-0.0010299999999999999,0.006710000000000001
2020-02-06,-0.0009,0.0069299999999999995
2020-02-07,-0.0012900000000000001,0.00656
2020-02-10,-0.00145,0.0063
2020-02-11,-0.0013900000000000002,0.00637
2020-02-12,-0.00125,0.00656
2020-02-13,-0.00165,0.00598
2020-02-14,-0.00156,0.00615
2020-02-17,-0.00159,0.00614
2020-02-18,-0.00179,0.005849999999999999
2020-02-19,-0.0017000000000000001,0.00596
2020-02-20,-0.0017699999999999999,0.00577
2020-02-21,-0.0022,0.00492
2020-02-24,-0.00246,0.00451
2020-02-25,-0.0023699999999999997,0.00486
2020-02-26,-0.0023699999999999997,0.00477
2020-02-27,-0.00234,0.00505
2020-02-28,-0.00302,0.004050000000000001
2020-03-02,-0.0030499999999999998,0.00395
2020-03-03,-0.00263,0.00432
2020-03-04,-0.0034000000000000002,0.0035499999999999998
2020-03-05,-0.00309,0.0039700000000000004
2020-03-06,-0.00316,0.00374
2020-03-09,-0.00362,0.0025
2020-03-10,-0.00292,0.00337
2020-03-11,-0.00262,0.00332
2020-03-12,-0.00318,0.00218
2020-03-13,-0.00043,0.0054600000000000004
2020-03-16,0.0006,0.00666
2020-03-17,0.00301,0.00827
2020-03-18,0.00301,0.00827
2020-03-19,0.0014099999999999998,0.00687
2020-03-20,0.00165,0.0068200000000000005
2020-03-23,0.00095,0.0067
2020-03-24,0.0014399999999999999,0.00752
2020-03-25,0.0020599999999999998,0.00839
2020-03-26,0.00178,0.00888
2020-03-27,-0.00045,0.00741
2020-03-30,-0.00092,0.0067800000000000004
2020-03-31,-0.00041,0.0072699999999999996
2020-04-01,-0.00016,0.00756
2020-04-02,0.00082,0.00817
2020-04-03,0.00041,0.0072699999999999996
2020-04-06,0.00073,0.00774
2020-04-07,0.00105,0.00817
2020-04-08,0.00154,0.008409999999999999
2020-04-09,0.0016300000000000002,0.00839
2020-04-14,0.00121,0.00804
2020-04-15,0.0008699999999999999,0.00771
2020-04-16,0.00065,0.00712
2020-04-17,0.00039,0.007039999999999999
2020-04-20,0.0004,0.007189999999999999
2020-04-21,0.00062,0.00733
2020-04-22,0.0010199999999999999,0.0076300000000000005
2020-04-23,0.0010199999999999999,0.00745
2020-04-24,0.00083,0.007209999999999999
2020-04-27,0.00034,0.006750000000000001
2020-04-28,0.00039,0.006889999999999999
2020-04-29,1e-05,0.00653
2020-04-30,-0.00037,0.00644
2020-05-04,-0.00062,0.00628
2020-05-05,-0.00024,0.00697
2020-05-06,-0.00039,0.006840000000000001
2020-05-07,0.00033,0.00773
2020-05-08,-0.00042,0.00683
2020-05-11,-1e-05,0.00739
2020-05-12,2e-05,0.007189999999999999
2020-05-13,-0.00023,0.0068000000000000005
2020-05-14,-0.00046,0.00651
2020-05-15,-0.00031,0.006730000000000001
2020-05-18,-0.0003,0.006860000000000001
2020-05-19,-0.0001,0.00703
2020-05-20,5e-05,0.006979999999999999
2020-05-21,-0.00014000000000000001,0.0068200000000000005
2020-05-22,-0.00034,0.006770000000000001
2020-05-25,-0.00023,0.00697
2020-05-26,0.00010999999999999999,0.0074
2020-05-27,-6e-05,0.00712
2020-05-28,-0.00013,0.007039999999999999
2020-05-29,-0.00048,0.006730000000000001
2020-06-01,-0.0002,0.00716
2020-06-02,-0.00037999999999999997,0.00707
2020-06-03,-5e-05,0.00729
2020-06-04,0.0003,0.00757
2020-06-05,0.00017,0.0078000000000000005
2020-06-08,0.00026,0.007890000000000001
2020-06-09,-0.00016,0.00712
2020-06-10,0.00014000000000000001,0.00739
2020-06-11,-0.0003,0.00688
2020-06-12,-0.0006,0.00664
2020-06-15,-0.00107,0.00637
2020-06-16,-0.0009299999999999999,0.0066300000000000005
2020-06-17,-0.00077,0.006730000000000001
2020-06-18,-0.00099,0.00637
2020-06-19,-0.00123,0.00596
2020-06-22,-0.00146,0.00567
2020-06-23,-0.00153,0.0057599999999999995
2020-06-24,-0.0013800000000000002,0.006059999999999999
2020-06-25,-0.00166,0.00557
2020-06-26,-0.00184,0.00524
2020-06-29,-0.0017100000000000001,0.005560000000000001
2020-06-30,-0.00183,0.00544
2020-07-01,-0.00178,0.00544
2020-07-02,-0.0011899999999999999,0.0060799999999999995
2020-07-03,-0.0017100000000000001,0.005580000000000001
2020-07-06,-0.00158,0.00579
2020-07-07,-0.0017100000000000001,0.00551
2020-07-08,-0.00182,0.005370000000000001
2020-07-09,-0.00167,0.0054
2020-07-10,-0.00192,0.00501
2020-07-13,-0.0017399999999999998,0.00527
2020-07-14,-0.00157,0.005410000000000001
2020-07-15,-0.00188,0.005
2020-07-16,-0.0017499999999999998,0.005180000000000001
2020-07-17,-0.00187,0.0053
2020-07-20,-0.0018,0.00536
2020-07-21,-0.00202,0.00507
2020-07-22,-0.0020499999999999997,0.00504
2020-07-23,-0.00226,0.004739999999999999
2020-07-24,-0.0020599999999999998,0.00485
2020-07-27,-0.0019500000000000001,0.00493
2020-07-28,-0.0022500000000000003,0.00461
2020-07-29,-0.00229,0.00454
2020-07-30,-0.0023899999999999998,0.0045000000000000005
2020-07-31,-0.0025,0.00437
2020-08-03,-0.0022500000000000003,0.0046
2020-08-04,-0.0025,0.0042
2020-08-05,-0.0026,0.0040999999999999995
2020-08-06,-0.0025,0.0042
2020-08-07,-0.0026,0.004
2020-08-10,-0.0025,0.004
2020-08-11,-0.0026,0.004
2020-08-12,-0.002,0.0046
2020-08-13,-0.0021,0.0045000000000000005
2020-08-14,-0.0015,0.0052
2020-08-17,-0.0017000000000000001,0.005
2020-08-18,-0.002,0.004699999999999999
2020-08-19,-0.0022,0.0045000000000000005
2020-08-20,-0.0022,0.0045000000000000005
2020-08-21,-0.0024,0.0044
2020-08-24,-0.0021,0.0046
2020-08-25,-0.0019,0.0048
2020-08-26,-0.0016,0.0052
2020-08-27,-0.0018,0.0049
2020-08-28,-0.0012,0.0058
2020-08-31,-0.0011,0.0059
2020-09-01,-0.0011,0.006
2020-09-02,-0.0019,0.005
2020-09-03,-0.002,0.005
2020-09-04,-0.0021,0.0048
2020-09-07,-0.0019,0.005
2020-09-08,-0.002,0.0049
2020-09-09,-0.0023,0.0046
2020-09-10,-0.002,0.0049
2020-09-11,-0.002,0.004699999999999999
2020-09-14,-0.0023,0.0045000000000000005
2020-09-15,-0.0022,0.0046
2020-09-16,-0.0024,0.0044
2020-09-17,-0.0023,0.0045000000000000005
2020-09-18,-0.0025,0.0043
2020-09-21,-0.0026,0.0040999999999999995
2020-09-22,-0.0028000000000000004,0.0038
2020-09-23,-0.0027,0.004
2020-09-24,-0.0027,0.004
2020-09-25,-0.0026,0.004
2020-09-28,-0.0026,0.004
2020-09-29,-0.0028000000000000004,0.0037
2020-09-30,-0.0029,0.0036
2020-10-01,-0.0026,0.0039000000000000003
2020-10-02,-0.0028000000000000004,0.0038
2020-10-05,-0.0028000000000000004,0.0038
2020-10-06,-0.0026,0.0039000000000000003
2020-10-07,-0.0027,0.0039000000000000003
2020-10-08,-0.0026,0.004
2020-10-09,-0.003,0.0036
2020-10-12,-0.0029,0.0037
2020-10-13,-0.003,0.0034999999999999996
2020-10-14,-0.0033,0.0033
2020-10-15,-0.0034999999999999996,0.003
2020-10-16,-0.0036,0.0029
2020-10-19,-0.0036,0.003
2020-10-20,-0.0034999999999999996,0.0031
2020-10-21,-0.0032,0.0034000000000000002
2020-10-22,-0.0031,0.0034000000000000002
2020-10-23,-0.003,0.0034999999999999996
2020-10-26,-0.0032,0.0033
2020-10-27,-0.0032,0.0033
2020-10-28,-0.0034999999999999996,0.003
2020-10-29,-0.0034000000000000002,0.0032
2020-10-30,-0.0034999999999999996,0.0031
2020-11-02,-0.0034000000000000002,0.0032
2020-11-03,-0.0034999999999999996,0.0032
2020-11-04,-0.0038,0.0027
2020-11-05,-0.0038,0.0028000000000000004
2020-11-06,-0.0038,0.0028000000000000004
2020-11-09,-0.0039000000000000003,0.0028000000000000004
2020-11-10,-0.0025,0.0042
2020-11-11,-0.0025,0.0042
2020-11-12,-0.0027,0.0039000000000000003
2020-11-13,-0.003,0.0034999999999999996
2020-11-16,-0.0032,0.0032
2020-11-17,-0.0032,0.0031
2020-11-18,-0.0034000000000000002,0.0029
2020-11-19,-0.0034000000000000002,0.0029
2020-11-20,-0.0034000000000000002,0.0029
2020-11-23,-0.0034999999999999996,0.0029
2020-11-24,-0.0034000000000000002,0.0032
2020-11-25,-0.0034000000000000002,0.0032
2020-11-26,-0.0034000000000000002,0.0031
2020-11-27,-0.0034999999999999996,0.0029
2020-11-30,-0.0034999999999999996,0.003
2020-12-01,-0.0031,0.0034000000000000002
2020-12-02,-0.0028000000000000004,0.0037
2020-12-03,-0.003,0.0036
2020-12-04,-0.0031,0.0034000000000000002
2020-12-07,-0.0034000000000000002,0.0033
2020-12-08,-0.0034999999999999996,0.0032
2020-12-09,-0.0036,0.0031
2020-12-10,-0.0037,0.0029
2020-12-11,-0.0038,0.0027
2020-12-14,-0.0038,0.0028000000000000004
2020-12-15,-0.0037,0.0029
2020-12-16,-0.0034999999999999996,0.0032
2020-12-17,-0.0034000000000000002,0.0032
2020-12-18,-0.0031,0.0034999999999999996
2020-12-21,-0.0037,0.0029
2020-12-22,-0.0034999999999999996,0.0032
2020-12-23,-0.0036,0.003
2020-12-24,-0.0036,0.003
2020-12-28,-0.0036,0.003
2020-12-29,-0.0034999999999999996,0.0033
2020-12-30,-0.0033,0.0034000000000000002
2020-12-31,-0.0033,0.0034000000000000002
2021-01-04,-0.0037,0.003
2021-01-05,-0.0036,0.0031
2021-01-06,-0.0031,0.0034999999999999996
2021-01-07,-0.0033,0.0033
2021-01-08,-0.0032,0.0032
2021-01-11,-0.0032,0.0033
2021-01-12,-0.0026,0.0039000000000000003
2021-01-13,-0.0028000000000000004,0.0038
2021-01-14,-0.0031,0.0034999999999999996
2021-01-15,-0.0031,0.0034999999999999996
2021-01-18,-0.0031,0.0037
2021-01-19,-0.0029,0.0038
2021-01-20,-0.0031,0.0036
2021-01-21,-0.003,0.0038
2021-01-22,-0.0027,0.0040999999999999995
2021-01-25,-0.003,0.0038
2021-01-26,-0.0031,0.0037
2021-01-27,-0.0029,0.0039000000000000003
2021-01-28,-0.0031,0.0037
2021-01-29,-0.0028000000000000004,0.0042
2021-02-01,-0.0028000000000000004,0.0042
2021-02-02,-0.0025,0.0044
2021-02-03,-0.0024,0.0046
2021-02-04,-0.0024,0.004699999999999999
2021-02-05,-0.0023,0.0048
2021-02-08,-0.002,0.0052
2021-02-09,-0.0023,0.005
2021-02-10,-0.0021,0.0051
2021-02-11,-0.0023,0.0051
2021-02-12,-0.0023,0.0052
2021-02-15,-0.0015,0.0060999999999999995
2021-02-16,-0.0014000000000000002,0.006
2021-02-17,-0.0011,0.0064
2021-02-18,-0.001,0.006500000000000001
2021-02-19,-0.0006,0.0069
2021-02-22,-0.0006,0.006999999999999999
2021-02-23,-0.0004,0.0070999999999999995
2021-02-24,-0.0005,0.006999999999999999
2021-02-25,0.0,0.0076
2021-02-26,0.0002,0.0073
2021-03-01,-0.0006,0.0066
2021-03-02,-0.0007000000000000001,0.006500000000000001
2021-03-03,-0.0008,0.0067
2021-03-04,-0.0005,0.0070999999999999995
2021-03-05,-0.0003,0.0073
2021-03-08,-0.0004,0.0072
2021-03-09,-0.0006,0.0069
2021-03-10,-0.0005,0.0070999999999999995
2021-03-11,-0.0006,0.0069
2021-03-12,-0.0007000000000000001,0.006999999999999999
2021-03-15,-0.0007000000000000001,0.006999999999999999
2021-03-16,-0.0009,0.006999999999999999
2021-03-17,-0.0006,0.0073
2021-03-18,-0.0001,0.008
2021-03-19,-0.0005,0.0076
2021-03-22,-0.0006,0.0076
2021-03-23,-0.0008,0.0076
2021-03-24,-0.001,0.0072
2021-03-25,-0.0011,0.0070999999999999995
2021-03-26,-0.001,0.0073
2021-03-29,-0.0008,0.0075
2021-03-30,0.0,0.0083
2021-03-31,-0.0002,0.008
2021-04-01,-0.0004,0.0078000000000000005
2021-04-06,-0.0003,0.0079
2021-04-07,-0.0006,0.0075
2021-04-08,-0.0007000000000000001,0.0076
2021-04-09,-0.0005,0.0078000000000000005
2021-04-12,-0.0005,0.0076
2021-04-13,-0.0001,0.008100000000000001
2021-04-14,-0.0002,0.0079
2021-04-15,0.0,0.008199999999999999
2021-04-16,0.0001,0.008199999999999999
2021-04-19,0.0,0.008
2021-04-20,0.0004,0.0084
2021-04-21,0.0001,0.008100000000000001
2021-04-22,-0.0001,0.0079
2021-04-23,-0.0001,0.0079
2021-04-26,-0.0001,0.0079
2021-04-27,0.0002,0.008199999999999999
2021-04-28,0.0005,0.0086
2021-04-29,0.0005,0.0086
2021-04-30,0.0008,0.009000000000000001
2021-05-03,0.0012,0.0095
2021-05-04,0.0008,0.0091
2021-05-05,0.0006,0.009000000000000001
2021-05-06,0.0005,0.009000000000000001
2021-05-07,0.0008,0.009300000000000001
2021-05-10,0.001,0.0095
2021-05-11,0.0013,0.0096
2021-05-12,0.0014000000000000002,0.0097
2021-05-13,0.0021,0.0104
2021-05-14,0.002,0.0103
2021-05-17,0.002,0.0103
2021-05-18,0.0022,0.0106
2021-05-19,0.0025,0.0108
2021-05-20,0.0022,0.0105
2021-05-21,0.0018,0.009899999999999999
2021-05-24,0.0018,0.009899999999999999
2021-05-25,0.0014000000000000002,0.0096
2021-05-26,0.001,0.0092
2021-05-27,0.0009,0.009000000000000001
2021-05-28,0.0012,0.009399999999999999
2021-05-31,0.0013,0.0097
2021-06-01,0.001,0.009300000000000001
2021-06-02,0.001,0.009399999999999999
2021-06-03,0.0011,0.009399999999999999
2021-06-04,0.0011,0.0095
2021-06-07,0.001,0.009399999999999999
2021-06-08,0.001,0.009399999999999999
2021-06-09,0.0006,0.009000000000000001
2021-06-10,0.0007000000000000001,0.0091
2021-06-11,0.0002,0.0088
2021-06-14,0.0003,0.0089
2021-06-15,0.0005,0.0091
2021-06-16,0.0007000000000000001,0.0092
2021-06-17,0.0011,0.009399999999999999
2021-06-18,0.0009,0.009000000000000001
2021-06-21,0.0009,0.0088
2021-06-22,0.0012,0.009399999999999999
2021-06-23,0.0011,0.0092
2021-06-24,0.0011,0.0092
2021-06-25,0.0011,0.009300000000000001
2021-06-28,0.0013,0.0096
2021-06-29,0.001,0.009300000000000001
2021-06-30,0.001,0.0091
2021-07-01,0.0009,0.0091
2021-07-02,0.0005,0.0088
2021-07-05,0.0006,0.0089
2021-07-06,0.0005,0.0087
2021-07-07,-0.0001,0.008
2021-07-08,-0.0005,0.0075
2021-07-09,-0.0002,0.0079
2021-07-12,-0.0002,0.008
2021-07-13,-0.0001,0.008199999999999999
2021-07-14,-0.0001,0.008100000000000001
2021-07-15,-0.0005,0.0076
2021-07-16,-0.0005,0.0075
2021-07-19,-0.0008,0.0070999999999999995
2021-07-20,-0.0011,0.0067
2021-07-21,-0.0009,0.006999999999999999
2021-07-22,-0.0009,0.0070999999999999995
2021-07-23,-0.0011,0.0069
2021-07-26,-0.0014000000000000002,0.0066
2021-07-27,-0.0014000000000000002,0.0067
2021-07-28,-0.0013,0.0068000000000000005
2021-07-29,-0.0013,0.0069
2021-07-30,-0.0013,0.0069
2021-08-02,-0.0014000000000000002,0.0067
2021-08-03,-0.0016,0.006500000000000001
2021-08-04,-0.0018,0.0062
2021-08-05,-0.0019,0.0060999999999999995
2021-08-06,-0.002,0.006
2021-08-09,-0.0017000000000000001,0.0062
2021-08-10,-0.0016,0.0062
2021-08-11,-0.0014000000000000002,0.0064
2021-08-12,-0.0016,0.0063
2021-08-13,-0.0016,0.0062
2021-08-16,-0.0016,0.0062
2021-08-17,-0.0019,0.006
2021-08-18,-0.0017000000000000001,0.0060999999999999995
2021-08-19,-0.0018,0.006
2021-08-20,-0.0018,0.006
2021-08-23,-0.0016,0.0062
2021-08-24,-0.0017000000000000001,0.0060999999999999995
2021-08-25,-0.0015,0.0063
2021-08-26,-0.0009,0.0070999999999999995
2021-08-27,-0.0009,0.0070999999999999995
2021-08-30,-0.001,0.006999999999999999
2021-08-31,-0.0011,0.0068000000000000005
2021-09-01,-0.0005,0.0076
2021-09-02,-0.0007000000000000001,0.0074
2021-09-03,-0.0007000000000000001,0.0075
2021-09-06,-0.0005,0.0077
2021-09-07,-0.0003,0.0079
2021-09-08,-0.0002,0.0078000000000000005
2021-09-09,-0.0002,0.0078000000000000005
2021-09-10,-0.0005,0.0076
2021-09-13,-0.0003,0.0077
2021-09-14,-0.0001,0.0079
2021-09-15,-0.0004,0.0076
2021-09-16,0.0,0.008
2021-09-17,0.0002,0.008199999999999999
2021-09-20,0.0,0.0079
2021-09-21,0.0,0.008
2021-09-22,-0.0001,0.0079
2021-09-23,0.0,0.0078000000000000005
2021-09-24,0.0008,0.0086
2021-09-27,0.0011,0.009000000000000001
2021-09-28,0.0012,0.0089
2021-09-29,0.0011,0.0088
2021-09-30,0.0011,0.0087
2021-10-01,0.0011,0.0089
2021-10-04,0.0012,0.009000000000000001
2021-10-05,0.001,0.0089
2021-10-06,0.0017000000000000001,0.009399999999999999
2021-10-07,0.0014000000000000002,0.009300000000000001
2021-10-08,0.0017000000000000001,0.0095
2021-10-11,0.0018,0.0095
2021-10-12,0.002,0.0096
2021-10-13,0.0019,0.009300000000000001
2021-10-14,0.0018,0.009000000000000001
2021-10-15,0.0015,0.0087
2021-10-18,0.002,0.0088
2021-10-19,0.0018,0.0088
2021-10-20,0.0021,0.0088
2021-10-21,0.002,0.0089
2021-10-22,0.0025,0.009000000000000001
2021-10-25,0.0023,0.0089
2021-10-26,0.0019,0.0086
2021-10-27,0.0018,0.0083
2021-10-28,0.0017000000000000001,0.0078000000000000005
2021-10-29,0.0025,0.0083
2021-11-01,0.0015,0.0076
2021-11-02,0.0021,0.008100000000000001
2021-11-03,0.0015,0.0076
2021-11-04,0.0016,0.008
2021-11-05,0.001,0.0076
2021-11-08,0.0007000000000000001,0.0073
2021-11-09,0.0007000000000000001,0.0074
2021-11-10,0.0005,0.0072
2021-11-11,0.0011,0.0076
2021-11-12,0.0012,0.0076
2021-11-15,0.0007000000000000001,0.0073
2021-11-16,0.0012,0.0078000000000000005
2021-11-17,0.001,0.008
2021-11-18,0.001,0.0078000000000000005
2021-11-19,0.0002,0.0070999999999999995
2021-11-22,0.0001,0.0073
2021-11-23,0.0009,0.0079
2021-11-24,0.0012,0.0083
2021-11-25,0.0011,0.0083
2021-11-26,0.0005,0.0075
2021-11-29,0.0004,0.0076
2021-11-30,0.0001,0.006999999999999999
2021-12-01,0.0004,0.0068000000000000005
2021-12-02,0.0001,0.0067
2021-12-03,-0.0001,0.006500000000000001
2021-12-06,-0.0002,0.0064
2021-12-07,-0.0002,0.0064
2021-12-08,-0.0003,0.0062
2021-12-09,0.0001,0.0067
2021-12-10,0.0,0.0066
2021-12-13,-0.0002,0.0063
2021-12-14,-0.0003,0.006
2021-12-15,-0.0003,0.0060999999999999995
2021-12-16,-0.0001,0.006500000000000001
2021-12-17,-0.0001,0.0067
2021-12-20,-0.0004,0.0064
2021-12-21,0.0,0.006999999999999999
2021-12-22,0.0009,0.008
2021-12-23,0.001,0.008100000000000001
2021-12-24,0.001,0.008100000000000001
2021-12-27,0.001,0.008100000000000001
2021-12-28,0.001,0.008100000000000001
2021-12-29,0.001,0.008100000000000001
2021-12-30,0.001,0.008100000000000001
2021-12-31,0.001,0.008100000000000001
2022-01-03,0.0019,0.0089
2022-01-04,0.0022,0.009300000000000001
2022-01-05,0.0022,0.0092
2022-01-06,0.0026,0.0096
2022-01-07,0.0027,0.009399999999999999
2022-01-10,0.0029,0.0096
2022-01-11,0.0027,0.009399999999999999
2022-01-12,0.0028000000000000004,0.0095
2022-01-13,0.0028000000000000004,0.009300000000000001
2022-01-14,0.0025,0.009000000000000001
2022-01-17,0.003,0.0095
2022-01-18,0.0032,0.0096
2022-01-19,0.0033,0.0098
2022-01-20,0.003,0.0095
2022-01-21,0.0027,0.0092
2022-01-24,0.0024,0.009000000000000001
2022-01-25,0.0027,0.009300000000000001
2022-01-26,0.0027,0.009399999999999999
2022-01-27,0.003,0.0097
2022-01-28,0.0032,0.0096
2022-01-31,0.0033,0.0098
2022-02-01,0.0037,0.009899999999999999
2022-02-02,0.004,0.01
2022-02-03,0.0043,0.0103
2022-02-04,0.0058,0.0104
2022-02-07,0.006500000000000001,0.0111
2022-02-08,0.0064,0.011200000000000002
2022-02-09,0.0064,0.0113
2022-02-10,0.0067,0.0116
2022-02-11,0.0072,0.011899999999999999
2022-02-14,0.0067,0.0116
2022-02-15,0.0073,0.0124
2022-02-16,0.0075,0.0128
2022-02-17,0.0070999999999999995,0.0126
2022-02-18,0.0066,0.0121
2022-02-21,0.0068000000000000005,0.0124
2022-02-22,0.0068000000000000005,0.012199999999999999
2022-02-23,0.006999999999999999,0.0123
2022-02-24,0.0064,0.011699999999999999
2022-02-25,0.0063,0.0118
2022-02-28,0.006500000000000001,0.012
2022-03-01,0.0049,0.011000000000000001
2022-03-02,0.0039000000000000003,0.0105
2022-03-03,0.0049,0.0113
2022-03-04,0.0044,0.0106
2022-03-07,0.0042,0.009899999999999999
2022-03-08,0.0048,0.0104
2022-03-09,0.005699999999999999,0.0116
2022-03-10,0.0059,0.012
2022-03-11,0.0072,0.0126
2022-03-14,0.0078000000000000005,0.0128
2022-03-15,0.0079,0.0132
2022-03-16,0.008,0.0134
2022-03-17,0.0079,0.0128
2022-03-18,0.0079,0.0131
2022-03-21,0.0084,0.013600000000000001
2022-03-22,0.009300000000000001,0.014199999999999999
2022-03-23,0.009000000000000001,0.0141
2022-03-24,0.0095,0.0146
2022-03-25,0.009300000000000001,0.014199999999999999
2022-03-28,0.0102,0.0148
2022-03-29,0.0104,0.0149
2022-03-30,0.0106,0.0147
2022-03-31,0.0102,0.014499999999999999
2022-04-01,0.0101,0.0146
2022-04-04,0.0098,0.0144
2022-04-05,0.0105,0.0149
2022-04-06,0.011699999999999999,0.016
2022-04-07,0.0115,0.0161
2022-04-08,0.012199999999999999,0.016399999999999998
2022-04-11,0.0125,0.0163
2022-04-12,0.013500000000000002,0.0172
2022-04-13,0.0132,0.0172
2022-04-14,0.0127,0.0169
2022-04-19,0.0139,0.0184
2022-04-20,0.013300000000000001,0.0179
2022-04-21,0.0138,0.0179
2022-04-22,0.0138,0.0179
2022-04-25,0.0137,0.0179
2022-04-26,0.0131,0.0175
2022-04-27,0.013000000000000001,0.0176
2022-04-28,0.0131,0.0178
2022-04-29,0.013999999999999999,0.0184
2022-05-02,0.0143,0.018799999999999997
2022-05-03,0.0151,0.0196
2022-05-04,0.0149,0.0191
2022-05-05,0.015,0.0192
2022-05-06,0.0159,0.0197
2022-05-09,0.0166,0.0206
2022-05-10,0.016,0.020099999999999996
2022-05-11,0.0149,0.0192
2022-05-12,0.014199999999999999,0.018500000000000003
2022-05-13,0.013999999999999999,0.0187
2022-05-16,0.015,0.0195
2022-05-17,0.015,0.0194
2022-05-18,0.0154,0.0195
2022-05-19,0.0147,0.018500000000000003
2022-05-20,0.0149,0.019299999999999998
2022-05-23,0.0149,0.0195
2022-05-24,0.0151,0.02
2022-05-25,0.0148,0.019799999999999998
2022-05-26,0.0143,0.0199
2022-05-27,0.0151,0.0206
2022-05-30,0.015600000000000001,0.021099999999999997
2022-05-31,0.0159,0.021400000000000002
2022-06-01,0.016399999999999998,0.0219
2022-06-02,0.0172,0.0227
2022-06-03,0.0177,0.023
2022-06-06,0.0181,0.0235
2022-06-07,0.0181,0.0235
2022-06-08,0.0183,0.0235
2022-06-09,0.018600000000000002,0.023700000000000002
2022-06-10,0.0196,0.023700000000000002
2022-06-13,0.0216,0.025099999999999997
2022-06-14,0.0225,0.025699999999999997
2022-06-15,0.0233,0.0269
2022-06-16,0.0235,0.027200000000000002
2022-06-17,0.0218,0.026000000000000002
2022-06-20,0.0219,0.0263
2022-06-21,0.0227,0.0273
2022-06-22,0.0225,0.0273
2022-06-23,0.0199,0.025
2022-06-24,0.0197,0.025099999999999997
2022-06-27,0.0202,0.0253
2022-06-28,0.0183,0.024900000000000002
2022-06-29,0.021400000000000002,0.0262
2022-06-30,0.0199,0.0252
2022-07-01,0.019799999999999998,0.025699999999999997
2022-07-04,0.018799999999999997,0.025
2022-07-05,0.018600000000000002,0.0248
2022-07-06,0.0179,0.024399999999999998
2022-07-07,0.018600000000000002,0.025
2022-07-08,0.018000000000000002,0.0246
2022-07-11,0.0183,0.024900000000000002
2022-07-12,0.0166,0.0235
2022-07-13,0.0167,0.0232
2022-07-14,0.0177,0.0233
2022-07-15,0.016399999999999998,0.0227
2022-07-18,0.0172,0.023399999999999997
2022-07-19,0.0175,0.0236
2022-07-20,0.0171,0.023
2022-07-21,0.0179,0.023700000000000002
2022-07-22,0.015700000000000002,0.0219
2022-07-25,0.0158,0.0223
2022-07-26,0.0148,0.0216
2022-07-27,0.014499999999999999,0.021400000000000002
2022-07-28,0.015,0.0218
2022-07-29,0.013999999999999999,0.0206
2022-08-01,0.013500000000000002,0.019799999999999998
2022-08-02,0.0121,0.018799999999999997
2022-08-03,0.013500000000000002,0.0195
2022-08-04,0.013500000000000002,0.0194
2022-08-05,0.0128,0.019
2022-08-08,0.013500000000000002,0.0197
2022-08-09,0.013999999999999999,0.0199
2022-08-10,0.0137,0.02
2022-08-11,0.0139,0.020099999999999996
2022-08-12,0.0147,0.0212
2022-08-15,0.014199999999999999,0.020499999999999997
2022-08-16,0.013999999999999999,0.020499999999999997
2022-08-17,0.015600000000000001,0.0218
2022-08-18,0.0159,0.0216
2022-08-19,0.0167,0.0225
2022-08-22,0.0173,0.0229
2022-08-23,0.0182,0.023399999999999997
2022-08-24,0.0184,0.0239
2022-08-25,0.018600000000000002,0.024
2022-08-26,0.018799999999999997,0.024399999999999998
2022-08-29,0.020499999999999997,0.0255
2022-08-30,0.020099999999999996,0.025099999999999997
2022-08-31,0.0207,0.0254
2022-09-01,0.021400000000000002,0.026000000000000002
2022-09-02,0.021099999999999997,0.0262
2022-09-05,0.0212,0.0262
2022-09-06,0.021,0.025699999999999997
2022-09-07,0.021099999999999997,0.0256
2022-09-08,0.021099999999999997,0.0253
2022-09-09,0.0225,0.0263
2022-09-12,0.022099999999999998,0.0263
2022-09-13,0.0219,0.026000000000000002
2022-09-14,0.022400000000000003,0.0262
2022-09-15,0.0225,0.026099999999999998
2022-09-16,0.0229,0.0259
2022-09-19,0.023,0.0263
2022-09-20,0.0239,0.027000000000000003
2022-09-21,0.023700000000000002,0.027000000000000003
2022-09-22,0.0236,0.0259
2022-09-23,0.024900000000000002,0.027200000000000002
2022-09-26,0.0262,0.0276
2022-09-27,0.0265,0.0279
2022-09-28,0.028300000000000002,0.03
2022-09-29,0.0282,0.029900000000000003
2022-09-30,0.0271,0.0297
2022-10-03,0.027200000000000002,0.0297
2022-10-04,0.024,0.027200000000000002
2022-10-05,0.0253,0.0285
2022-10-06,0.0259,0.028300000000000002
2022-10-07,0.027200000000000002,0.0292
2022-10-10,0.0276,0.029900000000000003
2022-10-11,0.0288,0.0313
2022-10-12,0.0292,0.0321
2022-10-13,0.028900000000000002,0.0317
2022-10-14,0.0281,0.030899999999999997
2022-10-17,0.028300000000000002,0.0317
2022-10-18,0.0291,0.0323
2022-10-19,0.0292,0.0319
2022-10-20,0.03,0.0325
2022-10-21,0.0302,0.0327
2022-10-24,0.0296,0.0326
2022-10-25,0.0278,0.030600000000000002
2022-10-26,0.0268,0.0294
2022-10-27,0.027200000000000002,0.029900000000000003
2022-10-28,0.0262,0.0294
2022-10-31,0.0265,0.029300000000000003
2022-11-01,0.0258,0.0291
2022-11-02,0.0268,0.0301
2022-11-03,0.0276,0.03
2022-11-04,0.0277,0.03
2022-11-07,0.0279,0.0302
2022-11-08,0.028300000000000002,0.0305
2022-11-09,0.0276,0.0298
2022-11-10,0.0269,0.029300000000000003
2022-11-11,0.0256,0.0285
2022-11-14,0.0263,0.0292
2022-11-15,0.0259,0.0288
2022-11-16,0.025699999999999997,0.0285
2022-11-17,0.0245,0.0273
2022-11-18,0.0254,0.0278
2022-11-21,0.024900000000000002,0.0273
2022-11-22,0.024700000000000003,0.027000000000000003
2022-11-23,0.0245,0.026600000000000002
2022-11-24,0.0229,0.025
2022-11-25,0.0236,0.0254
2022-11-28,0.0245,0.026099999999999998
2022-11-29,0.023799999999999998,0.025699999999999997
2022-11-30,0.024,0.0256
2022-12-01,0.023,0.024900000000000002
2022-12-02,0.0223,0.0245
2022-12-05,0.023,0.0242
2022-12-06,0.0229,0.0242
2022-12-07,0.022400000000000003,0.024
2022-12-08,0.0223,0.023799999999999998
2022-12-09,0.0233,0.024399999999999998
2022-12-12,0.0239,0.0248
2022-12-13,0.0241,0.0248
2022-12-14,0.024399999999999998,0.025699999999999997
2022-12-15,0.024,0.026000000000000002
2022-12-16,0.0273,0.027999999999999997
2022-12-19,0.0271,0.028300000000000002
2022-12-20,0.0281,0.029300000000000003
2022-12-21,0.0282,0.0296
2022-12-22,0.0286,0.0298
2022-12-23,0.029300000000000003,0.0305
2022-12-27,0.0304,0.0316
2022-12-28,0.0302,0.0316
2022-12-29,0.0302,0.0316
2022-12-30,0.0302,0.0316
2023-01-02,0.030299999999999997,0.0322
2023-01-03,0.0288,0.030299999999999997
2023-01-04,0.0282,0.029900000000000003
2023-01-05,0.0281,0.0298
2023-01-06,0.0285,0.0301
2023-01-09,0.027999999999999997,0.029900000000000003
2023-01-10,0.0279,0.03
2023-01-11,0.0273,0.029300000000000003
2023-01-12,0.026600000000000002,0.028900000000000002
2023-01-13,0.0258,0.028300000000000002
2023-01-16,0.0269,0.0296
2023-01-17,0.0268,0.0292
2023-01-18,0.0255,0.0281
2023-01-19,0.0246,0.0269
2023-01-20,0.0258,0.0281
2023-01-23,0.0264,0.028999999999999998
2023-01-24,0.0264,0.028999999999999998
2023-01-25,0.0256,0.0281
2023-01-26,0.0265,0.0292
2023-01-27,0.0274,0.0298
2023-01-30,0.0278,0.0301
2023-01-31,0.0279,0.0301
2023-02-01,0.0276,0.0298
2023-02-02,0.0273,0.0297
2023-02-03,0.026099999999999998,0.029300000000000003
2023-02-06,0.0274,0.0304
2023-02-07,0.0277,0.0304
2023-02-08,0.028300000000000002,0.030699999999999998
2023-02-09,0.0276,0.0301
2023-02-10,0.028300000000000002,0.030699999999999998
2023-02-13,0.028399999999999998,0.030699999999999998
2023-02-14,0.028300000000000002,0.0305
2023-02-15,0.0288,0.031
2023-02-16,0.0294,0.0319
2023-02-17,0.0301,0.0323
2023-02-20,0.0292,0.0315
2023-02-21,0.0298,0.032
2023-02-22,0.0304,0.0326
2023-02-23,0.0302,0.0327
2023-02-24,0.0296,0.0319
2023-02-27,0.030699999999999998,0.0329
2023-02-28,0.031400000000000004,0.0338
2023-03-01,0.0321,0.0342
2023-03-02,0.0326,0.0347
2023-03-03,0.0321,0.0342
2023-03-06,0.0316,0.0335
2023-03-07,0.0317,0.0335
2023-03-08,0.0321,0.0339
2023-03-09,0.0321,0.0338
2023-03-10,0.030600000000000002,0.0327
2023-03-13,0.028300000000000002,0.030899999999999997
2023-03-14,0.0292,0.0319
2023-03-15,0.028900000000000002,0.0318
2023-03-16,0.028399999999999998,0.031
2023-03-17,0.0282,0.031
2023-03-20,0.0263,0.0296
2023-03-21,0.0277,0.0308
2023-03-22,0.0287,0.031400000000000004
2023-03-23,0.0282,0.030899999999999997
2023-03-24,0.026099999999999998,0.0297
2023-03-27,0.0273,0.0305
2023-03-28,0.0287,0.032
2023-03-29,0.0285,0.032
2023-03-30,0.0285,0.0321
2023-03-31,0.028999999999999998,0.0322
2023-04-03,0.028900000000000002,0.0323
2023-04-04,0.028399999999999998,0.0316
2023-04-05,0.028399999999999998,0.0318
2023-04-06,0.027000000000000003,0.030600000000000002
2023-04-11,0.0279,0.0316
2023-04-12,0.0287,0.032
2023-04-13,0.0294,0.032799999999999996
2023-04-14,0.0294,0.0329
2023-04-17,0.0298,0.0331
2023-04-18,0.030299999999999997,0.0336
2023-04-19,0.0305,0.0337
2023-04-20,0.0302,0.0335
2023-04-21,0.029900000000000003,0.0332
2023-04-24,0.0301,0.0336
2023-04-25,0.029900000000000003,0.0333
2023-04-26,0.028900000000000002,0.0327
2023-04-27,0.029900000000000003,0.0336
2023-04-28,0.0291,0.032799999999999996
2023-05-02,0.0294,0.0332
2023-05-03,0.0282,0.0321
2023-05-04,0.028300000000000002,0.0325
2023-05-05,0.0285,0.0329
2023-05-09,0.0291,0.0335
2023-05-10,0.029300000000000003,0.0338
2023-05-11,0.0287,0.0331
2023-05-12,0.0281,0.0325
2023-05-15,0.0285,0.033
2023-05-16,0.0285,0.0331
2023-05-17,0.028900000000000002,0.0334
2023-05-18,0.0297,0.034
2023-05-19,0.030299999999999997,0.0346
2023-05-22,0.0298,0.034
2023-05-23,0.0305,0.0346
2023-05-24,0.030299999999999997,0.0344
2023-05-25,0.0304,0.0345
2023-05-26,0.031,0.035
2023-05-29,0.0305,0.0344
2023-05-30,0.029900000000000003,0.0338
2023-05-31,0.028300000000000002,0.0325
2023-06-01,0.0286,0.033
2023-06-02,0.028399999999999998,0.0329
2023-06-05,0.0292,0.0335
2023-06-06,0.0287,0.0331
2023-06-07,0.0292,0.0334
2023-06-08,0.03,0.0342
2023-06-09,0.0297,0.0337
2023-06-12,0.029300000000000003,0.0333
2023-06-13,0.0291,0.0332
2023-06-14,0.0296,0.0336
2023-06-15,0.0301,0.0338
2023-06-16,0.03,0.0334
2023-06-19,0.03,0.0334
2023-06-20,0.03,0.0334
2023-06-21,0.029500000000000002,0.0325
2023-06-22,0.029900000000000003,0.0327
2023-06-23,0.028900000000000002,0.0319
2023-06-26,0.028300000000000002,0.0316
2023-06-27,0.028399999999999998,0.0317
2023-06-28,0.0286,0.0318
2023-06-29,0.0288,0.0318
2023-06-30,0.029900000000000003,0.0327
2023-07-03,0.0292,0.0318
2023-07-04,0.0301,0.0325
2023-07-05,0.029900000000000003,0.0326
2023-07-06,0.030699999999999998,0.0334
2023-07-07,0.0318,0.0342
2023-07-10,0.0321,0.0348
2023-07-11,0.0317,0.034300000000000004
2023-07-12,0.0318,0.0344
2023-07-13,0.0302,0.0334
2023-07-14,0.0302,0.0332
2023-07-17,0.0301,0.0331
2023-07-18,0.029500000000000002,0.0326
2023-07-19,0.0286,0.032
2023-07-20,0.0297,0.032799999999999996
2023-07-21,0.0302,0.0333
2023-07-24,0.029500000000000002,0.032799999999999996
2023-07-25,0.0298,0.0331
2023-07-26,0.0298,0.0332
2023-07-27,0.030299999999999997,0.0336
2023-07-28,0.030600000000000002,0.0342
2023-07-31,0.030600000000000002,0.0342
2023-08-01,0.0305,0.0341
2023-08-02,0.0308,0.0345
2023-08-03,0.031200000000000002,0.035
2023-08-04,0.0316,0.035
2023-08-07,0.0313,0.035
2023-08-08,0.0304,0.0341
2023-08-09,0.03,0.0337
2023-08-10,0.0308,0.0344
2023-08-11,0.0311,0.0348
2023-08-14,0.0315,0.035
2023-08-15,0.0325,0.0358
2023-08-16,0.0321,0.0355
2023-08-17,0.0325,0.0358
2023-08-18,0.0318,0.0354
2023-08-21,0.032,0.035699999999999996
2023-08-22,0.0322,0.035699999999999996
2023-08-23,0.0308,0.0345
2023-08-24,0.0302,0.034
2023-08-25,0.0308,0.0346
2023-08-28,0.031200000000000002,0.0349
2023-08-29,0.030899999999999997,0.0348
2023-08-30,0.031,0.0347
2023-08-31,0.030600000000000002,0.0345
2023-09-01,0.0302,0.0342
2023-09-04,0.031,0.0351
2023-09-05,0.0313,0.0354
2023-09-06,0.0316,0.0356
2023-09-07,0.0318,0.035699999999999996
2023-09-08,0.0316,0.0355
2023-09-11,0.0317,0.0356
2023-09-12,0.0317,0.0356
2023-09-13,0.0323,0.036000000000000004
2023-09-14,0.0321,0.0356
2023-09-15,0.0321,0.0359
2023-09-18,0.0325,0.0363
2023-09-19,0.0326,0.0365
2023-09-20,0.0329,0.0368
2023-09-21,0.033,0.0368
2023-09-22,0.033,0.0369
2023-09-25,0.0335,0.037599999999999995
2023-09-26,0.0338,0.0383
2023-09-27,0.0336,0.0382
2023-09-28,0.0351,0.0395
2023-09-29,0.0344,0.038599999999999995
2023-10-02,0.0347,0.0393
2023-10-03,0.035,0.0397
2023-10-04,0.035699999999999996,0.04019999999999999
2023-10-05,0.0355,0.0404
2023-10-06,0.0352,0.0401
2023-10-09,0.0347,0.0397
2023-10-10,0.0339,0.0388
2023-10-11,0.0331,0.0378
2023-10-12,0.0331,0.0374
2023-10-13,0.0334,0.0379
2023-10-16,0.0339,0.0385
2023-10-17,0.0341,0.0387
2023-10-18,0.0352,0.039599999999999996
2023-10-19,0.0356,0.039900000000000005
2023-10-20,0.0353,0.039900000000000005
2023-10-23,0.0355,0.04019999999999999
2023-10-24,0.034,0.038599999999999995
2023-10-25,0.0346,0.039599999999999996
2023-10-26,0.035,0.0401
2023-10-27,0.0345,0.0398
2023-10-30,0.034,0.039599999999999996
2023-10-31,0.0339,0.0392
2023-11-01,0.0345,0.04019999999999999
2023-11-02,0.033,0.0388
2023-11-03,0.0331,0.0385
2023-11-06,0.032799999999999996,0.0381
2023-11-07,0.033,0.038
2023-11-08,0.0323,0.0369
2023-11-09,0.0323,0.0371
2023-11-10,0.0331,0.038
2023-11-13,0.0327,0.0374
2023-11-14,0.0327,0.0373
2023-11-15,0.031400000000000004,0.0362
2023-11-16,0.0318,0.036699999999999997
2023-11-17,0.0308,0.0358
2023-11-20,0.0315,0.0361
2023-11-21,0.0315,0.036000000000000004
2023-11-22,0.031400000000000004,0.0359
2023-11-23,0.031400000000000004,0.0358
2023-11-24,0.032,0.0364
2023-11-27,0.032,0.0365
2023-11-28,0.031,0.035699999999999996
2023-11-29,0.0302,0.0353
2023-11-30,0.029900000000000003,0.0351
2023-12-01,0.029900000000000003,0.035
2023-12-04,0.0294,0.0346
2023-12-05,0.0287,0.0336
2023-12-06,0.0282,0.032799999999999996
2023-12-07,0.027200000000000002,0.0315
2023-12-08,0.0278,0.032400000000000005
2023-12-11,0.0281,0.0325
2023-12-12,0.0278,0.0321
2023-12-13,0.0275,0.0318
2023-12-14,0.025699999999999997,0.030699999999999998
2023-12-15,0.025699999999999997,0.030299999999999997
2023-12-18,0.0255,0.0301
2023-12-19,0.0255,0.0301
2023-12-20,0.025,0.0296
2023-12-21,0.0248,0.0294
2023-12-22,0.024700000000000003,0.0294
2023-12-27,0.024399999999999998,0.0294
2023-12-28,0.0245,0.029500000000000002
2023-12-29,0.0254,0.030600000000000002
2024-01-02,0.0263,0.031400000000000004
2024-01-03,0.026099999999999998,0.0313
2024-01-04,0.026099999999999998,0.031200000000000002
2024-01-05,0.027000000000000003,0.0318
2024-01-08,0.027000000000000003,0.0318
2024-01-09,0.0274,0.032400000000000005
2024-01-10,0.0271,0.032
2024-01-11,0.027200000000000002,0.032
2024-01-12,0.0271,0.032
2024-01-15,0.0271,0.0322
2024-01-16,0.0273,0.0323
2024-01-17,0.0277,0.0325
2024-01-18,0.028300000000000002,0.033
2024-01-19,0.028399999999999998,0.033
2024-01-22,0.027999999999999997,0.0326
2024-01-23,0.0281,0.032799999999999996
2024-01-24,0.0282,0.0331
2024-01-25,0.0288,0.0336
2024-01-26,0.0275,0.032799999999999996
2024-01-29,0.0274,0.0327
2024-01-30,0.0274,0.032799999999999996
2024-01-31,0.0271,0.032400000000000005
2024-02-01,0.0273,0.0327
2024-02-02,0.0269,0.0319
2024-02-05,0.0279,0.0331
2024-02-06,0.028399999999999998,0.0335
2024-02-07,0.0281,0.0334
2024-02-08,0.0282,0.0335
2024-02-09,0.028900000000000002,0.0338
2024-02-12,0.0288,0.0337
2024-02-13,0.0287,0.0336
2024-02-14,0.0288,0.0333
2024-02-15,0.0282,0.0327
2024-02-16,0.0288,0.0333
2024-02-19,0.0288,0.0333
2024-02-20,0.0288,0.0332
2024-02-21,0.028900000000000002,0.0333
2024-02-22,0.0294,0.0335
2024-02-23,0.029500000000000002,0.0333
2024-02-26,0.0285,0.032799999999999996
2024-02-27,0.0291,0.0334
2024-02-28,0.0294,0.0338
2024-02-29,0.0298,0.0339
2024-03-01,0.0296,0.0337
2024-03-04,0.028900000000000002,0.0331
2024-03-05,0.0286,0.0329
2024-03-06,0.028300000000000002,0.0326
2024-03-07,0.0278,0.0319
2024-03-08,0.0274,0.0318
2024-03-11,0.0273,0.0318
2024-03-12,0.0276,0.0319
2024-03-13,0.0277,0.0321
2024-03-14,0.0281,0.0326
2024-03-15,0.028999999999999998,0.0331
2024-03-18,0.0291,0.0333
2024-03-19,0.028900000000000002,0.0333
2024-03-20,0.0287,0.0331
2024-03-21,0.028399999999999998,0.033
2024-03-22,0.028399999999999998,0.033
2024-03-25,0.028399999999999998,0.033
2024-03-26,0.028399999999999998,0.0327
2024-03-27,0.028399999999999998,0.0329
2024-03-28,0.028300000000000002,0.0327
2024-04-02,0.0288,0.0335
2024-04-03,0.0294,0.0342
2024-04-04,0.028999999999999998,0.0336
2024-04-05,0.028900000000000002,0.0335
2024-04-08,0.0296,0.0341
2024-04-09,0.0292,0.0335
2024-04-10,0.0286,0.033
2024-04-11,0.0298,0.0337
2024-04-12,0.028999999999999998,0.0332
2024-04-15,0.0292,0.0335
2024-04-16,0.0298,0.0342
2024-04-17,0.0302,0.0344
2024-04-18,0.0297,0.0339
2024-04-19,0.03,0.0341
2024-04-22,0.030600000000000002,0.0347
2024-04-23,0.0302,0.034300000000000004
2024-04-24,0.0305,0.0347
2024-04-25,0.0308,0.0352
2024-04-26,0.031200000000000002,0.0353
2024-04-29,0.030299999999999997,0.0345
2024-04-30,0.0304,0.0346
2024-05-02,0.0305,0.0345
2024-05-03,0.030299999999999997,0.0344
2024-05-06,0.0294,0.0337
2024-05-07,0.0294,0.0336
2024-05-08,0.0294,0.0335
2024-05-09,0.0301,0.034300000000000004
2024-05-10,0.0297,0.034
2024-05-13,0.0302,0.0345
2024-05-14,0.03,0.0344
2024-05-15,0.029900000000000003,0.0342
2024-05-16,0.0292,0.0337
2024-05-17,0.0298,0.034300000000000004
2024-05-20,0.0302,0.0345
2024-05-21,0.03,0.034300000000000004
2024-05-22,0.030299999999999997,0.0346
2024-05-23,0.0305,0.0348
2024-05-24,0.030600000000000002,0.0347
2024-05-27,0.0308,0.0349
2024-05-28,0.030299999999999997,0.0345
2024-05-29,0.030899999999999997,0.0352
2024-05-30,0.0316,0.0359
2024-05-31,0.0318,0.0358
2024-06-03,0.031200000000000002,0.0354
2024-06-04,0.0304,0.0347
2024-06-05,0.0304,0.0346
2024-06-06,0.030299999999999997,0.0346
2024-06-07,0.030600000000000002,0.0346
2024-06-10,0.032,0.036000000000000004
2024-06-11,0.033,0.0369
2024-06-12,0.032400000000000005,0.0365
2024-06-13,0.0319,0.036000000000000004
2024-06-14,0.0315,0.0358
2024-06-17,0.0316,0.035699999999999996
2024-06-18,0.0318,0.0358
2024-06-19,0.031400000000000004,0.0356
2024-06-20,0.0317,0.0359
2024-06-21,0.0311,0.0356
2024-06-24,0.031400000000000004,0.036000000000000004
2024-06-25,0.0313,0.036000000000000004
2024-06-26,0.0315,0.0361
2024-06-27,0.0321,0.0366
2024-06-28,0.0326,0.0371
2024-07-01,0.033,0.0374
2024-07-02,0.0334,0.038
2024-07-03,0.032799999999999996,0.0373
2024-07-04,0.0325,0.037000000000000005
2024-07-05,0.0323,0.0366
2024-07-08,0.0319,0.0364
2024-07-09,0.0317,0.0362
2024-07-10,0.0317,0.0362
2024-07-11,0.0315,0.036000000000000004
2024-07-12,0.0313,0.0361
2024-07-15,0.031,0.0359
2024-07-16,0.030600000000000002,0.0355
2024-07-17,0.0305,0.0353
2024-07-18,0.030699999999999998,0.0355
2024-07-19,0.030600000000000002,0.0355
2024-07-22,0.0311,0.0361
2024-07-23,0.031,0.036000000000000004
2024-07-24,0.031,0.0361
2024-07-25,0.030899999999999997,0.0363
2024-07-26,0.031200000000000002,0.0364
2024-07-29,0.0305,0.035699999999999996
2024-07-30,0.0305,0.035699999999999996
2024-07-31,0.0301,0.0354
2024-08-01,0.029900000000000003,0.0351
2024-08-02,0.0296,0.0348
2024-08-05,0.028999999999999998,0.0345
2024-08-06,0.0294,0.0345
2024-08-07,0.029900000000000003,0.0349
2024-08-08,0.0296,0.0349
2024-08-09,0.029500000000000002,0.0348
2024-08-12,0.029500000000000002,0.0349
2024-08-13,0.0294,0.0348
2024-08-14,0.028999999999999998,0.0346
2024-08-15,0.028900000000000002,0.034300000000000004
2024-08-16,0.0294,0.0346
2024-08-19,0.0292,0.0344
2024-08-20,0.0294,0.0346
2024-08-21,0.0291,0.0344
2024-08-22,0.0291,0.0345
2024-08-23,0.0294,0.0348
2024-08-26,0.0292,0.0347
2024-08-27,0.0296,0.0352
2024-08-28,0.0297,0.0352
2024-08-29,0.029300000000000003,0.035
2024-08-30,0.0296,0.0352
2024-09-02,0.030299999999999997,0.0358
2024-09-03,0.0302,0.035699999999999996
2024-09-04,0.029500000000000002,0.035
2024-09-05,0.029300000000000003,0.0348
2024-09-06,0.0285,0.034
2024-09-09,0.029300000000000003,0.0349
2024-09-10,0.0288,0.0344
2024-09-11,0.027999999999999997,0.0337
2024-09-12,0.0282,0.0341
2024-09-13,0.0282,0.0341
2024-09-16,0.0282,0.0341
2024-09-17,0.0281,0.0339
2024-09-18,0.0287,0.0344
2024-09-19,0.0292,0.0351
2024-09-20,0.028999999999999998,0.035
2024-09-23,0.0292,0.0354
2024-09-24,0.0296,0.0359
2024-09-25,0.028900000000000002,0.0352
2024-09-26,0.0294,0.035699999999999996
2024-09-27,0.028999999999999998,0.0352
2024-09-30,0.0296,0.0359
2024-10-01,0.0281,0.034300000000000004
2024-10-02,0.0286,0.0349
2024-10-03,0.0291,0.0354
2024-10-04,0.0294,0.0356
2024-10-07,0.0301,0.0358
2024-10-08,0.0302,0.0361
2024-10-09,0.03,0.0358
2024-10-10,0.0302,0.036000000000000004
2024-10-11,0.030299999999999997,0.0361
2024-10-14,0.030299999999999997,0.036000000000000004
2024-10-15,0.0298,0.0356
2024-10-16,0.0292,0.035
2024-10-17,0.0294,0.0353
2024-10-18,0.029300000000000003,0.0355
2024-10-21,0.0294,0.0356
2024-10-22,0.0305,0.0365
2024-10-23,0.0304,0.0366
2024-10-24,0.03,0.0361
2024-10-25,0.03,0.0359
2024-10-28,0.030299999999999997,0.0363
2024-10-29,0.0305,0.0363
2024-10-30,0.030600000000000002,0.0361
2024-10-31,0.031400000000000004,0.0364
2024-11-01,0.0316,0.0366
2024-11-04,0.0316,0.0364
2024-11-05,0.0316,0.0362
2024-11-06,0.031200000000000002,0.0363
2024-11-07,0.0326,0.0378
2024-11-08,0.0315,0.036699999999999997
2024-11-11,0.030600000000000002,0.0354
2024-11-12,0.030699999999999998,0.0355
2024-11-13,0.031400000000000004,0.0359
2024-11-14,0.031400000000000004,0.0359
2024-11-15,0.030600000000000002,0.0354
2024-11-18,0.031200000000000002,0.0358
2024-11-19,0.0304,0.035
2024-11-20,0.030899999999999997,0.0356
2024-11-21,0.031,0.0356
2024-11-22,0.0304,0.0354
2024-11-25,0.030699999999999998,0.035699999999999996
2024-11-26,0.0302,0.0354
2024-11-27,0.0302,0.0351
2024-11-28,0.03,0.035
2024-11-29,0.0294,0.034300000000000004
2024-12-02,0.028999999999999998,0.0341
2024-12-03,0.0291,0.034300000000000004
2024-12-04,0.0294,0.034300000000000004
2024-12-05,0.028999999999999998,0.034
2024-12-06,0.0285,0.0333
2024-12-09,0.0286,0.0336
2024-12-10,0.0286,0.0339
2024-12-11,0.028900000000000002,0.0341
2024-12-12,0.029300000000000003,0.0347
2024-12-13,0.03,0.0353
2024-12-16,0.0304,0.0356
2024-12-17,0.0304,0.035699999999999996
2024-12-18,0.0305,0.0358
2024-12-19,0.031,0.036000000000000004
2024-12-20,0.0311,0.0364
2024-12-23,0.031200000000000002,0.0363
2024-12-24,0.031200000000000002,0.0363
2024-12-26,0.031200000000000002,0.0363
2024-12-27,0.031200000000000002,0.0363
2024-12-30,0.0321,0.0373
2024-12-31,0.0321,0.0373
2025-01-02,0.032,0.037200000000000004
2025-01-03,0.0325,0.0377
2025-01-06,0.032799999999999996,0.0378
2025-01-07,0.0329,0.038
2025-01-08,0.033,0.0382
2025-01-09,0.034,0.0392
2025-01-10,0.0341,0.0392
2025-01-13,0.0347,0.0394
2025-01-14,0.0345,0.0395
2025-01-15,0.0344,0.0395
2025-01-16,0.0336,0.0388
2025-01-17,0.0331,0.0384
2025-01-20,0.0331,0.0384
2025-01-21,0.0329,0.0381
2025-01-22,0.0326,0.0377
2025-01-23,0.0329,0.0381
2025-01-24,0.0331,0.0383
2025-01-27,0.0327,0.0379
2025-01-28,0.0329,0.0381
2025-01-29,0.0327,0.038
2025-01-30,0.032799999999999996,0.0382
2025-01-31,0.0323,0.0379
2025-02-03,0.0316,0.0371
2025-02-04,0.031400000000000004,0.0369
2025-02-05,0.030699999999999998,0.0363
2025-02-06,0.031200000000000002,0.0364
2025-02-07,0.0308,0.0362
2025-02-10,0.030899999999999997,0.0366
2025-02-11,0.0313,0.037000000000000005
2025-02-12,0.0317,0.0374
2025-02-13,0.0317,0.037200000000000004
2025-02-14,0.031200000000000002,0.036699999999999997
2025-02-17,0.0318,0.0375
2025-02-18,0.0319,0.0375
2025-02-19,0.032,0.0375
2025-02-20,0.0323,0.038
2025-02-21,0.0321,0.0378
2025-02-24,0.0318,0.037599999999999995
2025-02-25,0.0316,0.037599999999999995
2025-02-26,0.031200000000000002,0.0371
2025-02-27,0.0313,0.0373
2025-02-28,0.0308,0.037000000000000005
2025-03-03,0.031400000000000004,0.0377
2025-03-04,0.0315,0.0379
2025-03-05,0.0332,0.0392
2025-03-06,0.0353,0.0405
2025-03-07,0.0351,0.0405
2025-03-10,0.0349,0.0405
2025-03-11,0.0354,0.0409
2025-03-12,0.0356,0.0412
2025-03-13,0.0356,0.0414
2025-03-14,0.0354,0.041299999999999996
2025-03-17,0.0347,0.0405
2025-03-18,0.0348,0.0407
2025-03-19,0.034300000000000004,0.0403
2025-03-20,0.034300000000000004,0.0403
2025-03-21,0.0342,0.0404
2025-03-24,0.034300000000000004,0.0407
2025-03-25,0.0346,0.040999999999999995
2025-03-26,0.0345,0.0409
2025-03-27,0.0345,0.041100000000000005
2025-03-28,0.0339,0.04019999999999999
2025-03-31,0.0338,0.0405
2025-04-01,0.0335,0.0401
2025-04-02,0.0337,0.0401
2025-04-03,0.0335,0.0403
2025-04-04,0.0327,0.0394
2025-04-07,0.032400000000000005,0.0395
2025-04-08,0.0335,0.0404
2025-04-09,0.0336,0.0406
2025-04-10,0.0337,0.0404
2025-04-11,0.0334,0.04
2025-04-14,0.0329,0.0393
2025-04-15,0.0323,0.0391
2025-04-16,0.0323,0.0391
2025-04-17,0.0327,0.0398
2025-04-22,0.0319,0.0393
2025-04-23,0.032,0.0391
2025-04-24,0.0317,0.0391
2025-04-25,0.0315,0.0387
2025-04-28,0.032,0.0393
2025-04-29,0.0318,0.0393
2025-04-30,0.0316,0.039
2025-05-02,0.0316,0.038900000000000004
2025-05-05,0.032,0.0394
2025-05-06,0.032400000000000005,0.039900000000000005
2025-05-07,0.0322,0.0397
2025-05-08,0.032,0.0394
2025-05-09,0.0327,0.0401
2025-05-12,0.033,0.0401
2025-05-13,0.0334,0.0406
2025-05-14,0.0334,0.0406
2025-05-15,0.0335,0.0407
2025-05-16,0.032400000000000005,0.0395
2025-05-19,0.0331,0.0404
2025-05-20,0.0323,0.039599999999999996
2025-05-21,0.0332,0.0408
2025-05-22,0.0331,0.040999999999999995
2025-05-23,0.033,0.0407
2025-05-26,0.032799999999999996,0.0405
2025-05-27,0.032,0.0395
2025-05-28,0.0323,0.0398
2025-05-29,0.0325,0.039900000000000005
2025-05-30,0.032,0.039599999999999996
2025-06-02,0.0322,0.0398
2025-06-03,0.0317,0.0394
2025-06-04,0.032,0.0397
2025-06-05,0.0318,0.0393
2025-06-06,0.0322,0.0394
2025-06-09,0.032,0.0391
2025-06-10,0.0323,0.0394
2025-06-11,0.032400000000000005,0.039599999999999996
2025-06-12,0.0321,0.0395
2025-06-13,0.032,0.0393
2025-06-16,0.032799999999999996,0.04019999999999999
2025-06-17,0.0326,0.039900000000000005
2025-06-18,0.0326,0.04
2025-06-19,0.0326,0.039900000000000005
2025-06-20,0.0327,0.0401
2025-06-23,0.032799999999999996,0.04019999999999999
2025-06-24,0.0325,0.04
2025-06-25,0.0323,0.039900000000000005
2025-06-26,0.0325,0.04
2025-06-27,0.0327,0.0403
2025-06-30,0.0327,0.04019999999999999
2025-07-01,0.032400000000000005,0.039900000000000005
2025-07-02,0.033,0.0404
2025-07-03,0.033,0.0405
2025-07-04,0.0326,0.0401
2025-07-07,0.0329,0.0406
2025-07-08,0.0339,0.0415
2025-07-09,0.0337,0.041299999999999996
2025-07-10,0.0336,0.0414
2025-07-11,0.034300000000000004,0.0421
2025-07-14,0.0344,0.042300000000000004
2025-07-15,0.0341,0.042
2025-07-16,0.0342,0.0421
2025-07-17,0.0342,0.042300000000000004
2025-07-18,0.0342,0.0421
2025-07-21,0.0337,0.0418
2025-07-22,0.0334,0.0414
2025-07-23,0.0331,0.041299999999999996
2025-07-24,0.0335,0.0415
2025-07-25,0.0345,0.042199999999999994
2025-07-28,0.0338,0.0415
2025-07-29,0.0339,0.0417
2025-07-30,0.0337,0.0415
2025-07-31,0.0337,0.041299999999999996
2025-08-01,0.034,0.0416
2025-08-04,0.0338,0.0418
2025-08-05,0.0332,0.041100000000000005
2025-08-06,0.0333,0.0414
2025-08-07,0.0333,0.041299999999999996
2025-08-08,0.0335,0.041299999999999996
2025-08-11,0.0336,0.0416
2025-08-12,0.0339,0.042
2025-08-13,0.0338,0.042
2025-08-14,0.0334,0.0416
2025-08-15,0.034300000000000004,0.0426
2025-08-18,0.0345,0.042699999999999995
2025-08-19,0.0348,0.0433
2025-08-20,0.0345,0.0429
2025-08-21,0.0345,0.0429
2025-08-22,0.0348,0.0432
2025-08-25,0.0349,0.0435
2025-08-26,0.0354,0.044000000000000004
2025-08-27,0.0352,0.0438
2025-08-28,0.0351,0.0438
2025-08-29,0.0354,0.044199999999999996
2025-09-01,0.035699999999999996,0.044500000000000005
2025-09-02,0.0362,0.045
2025-09-03,0.0362,0.045
2025-09-04,0.0354,0.0441
2025-09-05,0.0352,0.044000000000000004
2025-09-08,0.0349,0.0438
2025-09-09,0.0346,0.0435
2025-09-10,0.0345,0.0434
2025-09-11,0.034300000000000004,0.0432
2025-09-12,0.0344,0.042699999999999995
2025-09-15,0.0346,0.0433
2025-09-16,0.0345,0.043
2025-09-17,0.0345,0.0432
2025-09-18,0.0347,0.0434
2025-09-19,0.0352,0.044000000000000004
2025-09-22,0.0354,0.0441
2025-09-23,0.0354,0.0443
2025-09-24,0.0353,0.0441
2025-09-25,0.0355,0.0441
2025-09-26,0.035699999999999996,0.044199999999999996
2025-09-29,0.0353,0.0438
2025-09-30,0.0351,0.0436
2025-10-01,0.0355,0.044000000000000004
2025-10-02,0.0351,0.0437
2025-10-03,0.0351,0.0435
2025-10-06,0.035699999999999996,0.044199999999999996
2025-10-07,0.0358,0.0443
2025-10-08,0.0351,0.0437
2025-10-09,0.0349,0.0435
2025-10-10,0.0349,0.0435
2025-10-13,0.0346,0.0433
2025-10-14,0.0342,0.0429
2025-10-15,0.0336,0.042300000000000004
2025-10-16,0.0334,0.0421
2025-10-17,0.0331,0.0421
2025-10-20,0.0338,0.0426
2025-10-21,0.0334,0.042199999999999994
2025-10-22,0.0333,0.042199999999999994
2025-10-23,0.0336,0.0424
2025-10-24,0.0342,0.0429
2025-10-27,0.0342,0.043
2025-10-28,0.0341,0.042800000000000005
2025-10-29,0.0341,0.042800000000000005
2025-10-30,0.0342,0.042800000000000005
2025-10-31,0.0342,0.042800000000000005
2025-11-03,0.0341,0.042800000000000005
2025-11-04,0.034300000000000004,0.0431
2025-11-05,0.034300000000000004,0.0431
2025-11-06,0.0345,0.0433
2025-11-07,0.0346,0.0434
2025-11-10,0.0345,0.0433
2025-11-11,0.0344,0.0431
2025-11-12,0.0341,0.0429
2025-11-13,0.0337,0.0424
2025-11-14,0.0345,0.0433
2025-11-17,0.0344,0.0432
2025-11-18,0.0344,0.0433
2025-11-19,0.0345,0.0434
2025-11-20,0.0348,0.0438
2025-11-21,0.0346,0.0438
2025-11-24,0.0345,0.0436
2025-11-25,0.0345,0.0436
2025-11-26,0.0341,0.0433
2025-11-27,0.0341,0.0432
2025-11-28,0.0341,0.0432
2025-12-01,0.0345,0.0436
2025-12-02,0.0349,0.0438
2025-12-03,0.035,0.044000000000000004
2025-12-04,0.035,0.044000000000000004
2025-12-05,0.0353,0.044199999999999996
2025-12-08,0.0355,0.0444
2025-12-09,0.0358,0.0444
2025-12-10,0.0361,0.0446
2025-12-11,0.0359,0.0446
2025-12-12,0.0358,0.044500000000000005
2025-12-15,0.0356,0.0444
2025-12-16,0.0356,0.0444
2025-12-17,0.0356,0.044500000000000005
2025-12-18,0.035699999999999996,0.044500000000000005
2025-12-19,0.036000000000000004,0.0451
2025-12-22,0.0362,0.0453
2025-12-23,0.0359,0.044800000000000006
2025-12-29,0.0356,0.044500000000000005
2025-12-30,0.0356,0.0446
2025-12-31,0.0356,0.0446
2026-01-02,0.0359,0.0449
2026-01-05,0.0363,0.0452
2026-01-06,0.0358,0.0449
2026-01-07,0.0353,0.0443
2026-01-08,0.0356,0.0447
2026-01-09,0.0354,0.0446
2026-01-12,0.0355,0.0446
2026-01-13,0.0356,0.0447
2026-01-14,0.0354,0.044500000000000005
2026-01-15,0.0351,0.044199999999999996
2026-01-16,0.0354,0.0443
2026-01-19,0.0353,0.0444
2026-01-20,0.0358,0.045
2026-01-21,0.0355,0.0446
2026-01-22,0.0353,0.0444
2026-01-23,0.0353,0.0441
2026-01-26,0.0349,0.043899999999999995
2026-01-27,0.0347,0.0436
2026-01-28,0.0345,0.0436
2026-01-29,0.0345,0.0438
2026-01-30,0.0347,0.0441
2026-02-02,0.0347,0.043899999999999995
2026-02-03,0.0349,0.0441
2026-02-04,0.0349,0.044199999999999996
2026-02-05,0.0349,0.0443
2026-02-06,0.0347,0.0441
2026-02-09,0.0349,0.044500000000000005
2026-02-10,0.0346,0.044199999999999996
2026-02-11,0.034300000000000004,0.0438
2026-02-12,0.0341,0.0435
2026-02-13,0.034,0.0434
2026-02-16,0.0339,0.0433
2026-02-17,0.0336,0.043
2026-02-18,0.0335,0.0429
2026-02-19,0.0337,0.043
2026-02-20,0.0335,0.042699999999999995
2026-02-23,0.0334,0.042699999999999995
2026-02-24,0.033,0.0424
2026-02-25,0.0331,0.0425
2026-02-26,0.033,0.042300000000000004
2026-02-27,0.033,0.042300000000000004
2026-03-02,0.033,0.042199999999999994
2026-03-03,0.0344,0.0432
2026-03-04,0.0344,0.0433
2026-03-05,0.0345,0.0433
2026-03-06,0.0354,0.0435
2026-03-09,0.035,0.0441
2026-03-10,0.0351,0.0433
2026-03-11,0.0359,0.044199999999999996
2026-03-12,0.0363,0.0443
2026-03-13,0.0369,0.045
2026-03-16,0.037000000000000005,0.045
2026-03-17,0.0362,0.0444
2026-03-18,0.035699999999999996,0.043899999999999995
2026-03-19,0.0371,0.044800000000000006
2026-03-20,0.037200000000000004,0.0444
2026-03-23,0.039,0.0458
2026-03-24,0.0379,0.0452
2026-03-25,0.0373,0.0444
2026-03-26,0.0379,0.045
2026-03-27,0.0392,0.045899999999999996
2026-03-30,0.0385,0.0455
2026-03-31,0.038,0.0451
2026-04-01,0.0369,0.044000000000000004
2026-04-02,0.0378,0.0451
2026-04-07,0.0373,0.0446
2026-04-08,0.0362,0.0438
2026-04-09,0.0369,0.044500000000000005
2026-04-10,0.0374,0.0453
2026-04-13,0.0377,0.0454
2026-04-14,0.037599999999999995,0.0453
2026-04-15,0.0371,0.045
2026-04-16,0.037200000000000004,0.0454
2026-04-17,0.037200000000000004,0.0452
2026-04-20,0.0368,0.0449
2026-04-21,0.0365,0.044500000000000005
2026-04-22,0.037000000000000005,0.0449
2026-04-23,0.0375,0.0451
2026-04-24,0.0377,0.0451
2026-04-27,0.037200000000000004,0.0449
2026-04-28,0.0378,0.0454
2026-04-29,0.0381,0.0454
2026-04-30,0.0383,0.0455
2026-05-04,0.0377,0.0451
2026-05-05,0.0378,0.0452
2026-05-06,0.0369,0.0446
2026-05-07,0.0369,0.0447
2026-05-08,0.0369,0.0447
2026-05-11,0.0371,0.044800000000000006
2026-05-12,0.0379,0.0455
2026-05-13,0.0379,0.0455
2026-05-14,0.0377,0.0454
2026-05-15,0.0381,0.045700000000000005
2026-05-18,0.0387,0.0462
2026-05-19,0.0384,0.0461
2026-05-20,0.0385,0.0461
2026-05-21,0.0379,0.045599999999999995
2026-05-22,0.0375,0.0452
2026-05-25,0.0365,0.0443
2026-05-26,0.036699999999999997,0.044500000000000005
2026-05-27,0.0363,0.044199999999999996
2026-05-28,0.0369,0.0447
2026-05-29,0.0363,0.0444
2026-06-01,0.036699999999999997,0.0446
2026-06-02,0.0363,0.0443
2026-06-03,0.0371,0.045
2026-06-04,0.0375,0.045700000000000005
2026-06-05,0.0373,0.0452
2026-06-08,0.0379,0.0455
2026-06-09,0.0377,0.045599999999999995
2026-06-10,0.0378,0.045599999999999995
2026-06-11,0.0379,0.045700000000000005
2026-06-12,0.0369,0.0449
2026-06-15,0.0365,0.044800000000000006
2026-06-16,0.0362,0.044500000000000005
2026-06-17,0.0362,0.0444
2026-06-18,0.0364,0.0443
2026-06-19,0.0368,0.044800000000000006
2026-06-22,0.0369,0.0449
2026-06-23,0.0365,0.0446
2026-06-24,0.0362,0.0443
2026-06-25,0.0359,0.043899999999999995
2026-06-26,0.0359,0.044000000000000004
2026-06-29,0.0361,0.044199999999999996
2026-06-30,0.0359,0.0441
2026-07-01,0.0365,0.0447
2026-07-02,0.037000000000000005,0.0453
2026-07-03,0.0369,0.0453
2026-07-06,0.036699999999999997,0.0451
2026-07-07,0.0373,0.045599999999999995
2026-07-08,0.0387,0.046799999999999994
2026-07-09,0.038599999999999995,0.0467
2026-07-10,0.0381,0.0463
2026-07-13,0.0381,0.0462
2026-07-14,0.0388,0.0466
2026-07-15,0.0388,0.046799999999999994
2026-07-16,0.038900000000000004,0.047
2026-07-17,0.039,0.047
2026-07-20,0.039,0.046900000000000004
2026-07-21,0.0391,0.047
2026-07-22,0.0394,0.0471
2026-07-23,0.0397,0.0472
2026-07-24,0.0397,0.0472
2026-07-27,0.03881,0.04656
2026-07-28,0.03871,0.04652
2026-07-29,0.03888,0.04659
2026-07-30,0.03955,0.04734
2026-07-31,0.039,0.04689
2026-08-03,0.03908,0.046959999999999995
2026-08-04,0.03927,0.04713
2026-08-05,0.03852,0.046490000000000004
2026-08-06,0.03882,0.04675
2026-08-07,0.03913,0.047110000000000006
2026-08-10,0.03897,0.04693
2026-08-11,0.03991,0.04779
2026-08-12,0.0395,0.047380000000000005
2026-08-13,0.03939,0.047380000000000005
2026-08-14,0.039580000000000004,0.04763
2026-08-17,0.040119999999999996,0.04823
2026-08-18,0.040780000000000004,0.04884
2026-08-19,0.040979999999999996,0.04893
2026-08-20,0.04092,0.048760000000000005
2026-08-21,0.04076,0.04877
2026-08-24,0.04086,0.04887
2026-08-25,0.0409,0.04886
2026-08-26,0.0403,0.048369999999999996
2026-08-27,0.040670000000000005,0.04865
2026-08-28,0.0409,0.04888
2026-08-31,0.041139999999999996,0.04896
2026-09-01,0.04194,0.04956000000000001
2026-09-02,0.04239,0.049859999999999995
2026-09-03,0.042140000000000004,0.049640000000000004
2026-09-04,0.041870000000000004,0.04948
2026-09-07,0.04192,0.04958
2026-09-08,0.04243,0.050019999999999995
2026-09-09,0.04245,0.04993
2026-09-10,0.04324,0.050629999999999994
2026-09-11,0.04408,0.05093
2026-09-14,0.044800000000000006,0.05144
2026-09-15,0.04523,0.051660000000000005
2026-09-16,0.04516,0.05162
2026-09-17,0.044800000000000006,0.05132
2026-09-18,0.04468,0.05104
2026-09-21,0.044509999999999994,0.050839999999999996
2026-09-22,0.0447,0.051070000000000004
2026-09-23,0.044770000000000004,0.05104
2026-09-24,0.046689999999999995,0.052329999999999995
2026-09-25,0.046340000000000006,0.05199
2026-09-28,0.047240000000000004,0.05286
2026-09-29,0.04742,0.053380000000000004
2026-09-30,0.047510000000000004,0.05351
2026-10-01,0.04903,0.054560000000000004
2026-10-02,0.04899,0.054939999999999996
