date,z25
2000-08-01,0.0547
2000-08-02,0.0546
2000-08-03,0.0552
2000-08-04,0.054900000000000004
2000-08-07,0.054900000000000004
2000-08-08,0.0552
2000-08-09,0.055099999999999996
2000-08-10,0.054299999999999994
2000-08-11,0.0536
2000-08-14,0.053399999999999996
2000-08-15,0.0541
2000-08-16,0.0545
2000-08-17,0.0536
2000-08-18,0.0542
2000-08-21,0.054400000000000004
2000-08-22,0.054400000000000004
2000-08-23,0.054299999999999994
2000-08-24,0.054000000000000006
2000-08-25,0.0545
2000-08-28,0.0546
2000-08-29,0.0545
2000-08-30,0.0553
2000-08-31,0.0554
2000-09-01,0.0555
2000-09-04,0.0548
2000-09-05,0.0552
2000-09-06,0.055
2000-09-07,0.0554
2000-09-08,0.0553
2000-09-11,0.0556
2000-09-12,0.0558
2000-09-13,0.056299999999999996
2000-09-14,0.057
2000-09-15,0.0571
2000-09-18,0.058600000000000006
2000-09-19,0.058499999999999996
2000-09-20,0.057999999999999996
2000-09-21,0.057999999999999996
2000-09-22,0.057800000000000004
2000-09-25,0.057800000000000004
2000-09-26,0.057699999999999994
2000-09-27,0.0584
2000-09-28,0.057699999999999994
2000-09-29,0.057699999999999994
2000-10-02,0.0576
2000-10-04,0.0581
2000-10-05,0.0584
2000-10-06,0.0583
2000-10-09,0.0581
2000-10-10,0.057999999999999996
2000-10-11,0.057699999999999994
2000-10-12,0.0574
2000-10-13,0.057300000000000004
2000-10-16,0.0575
2000-10-17,0.0579
2000-10-18,0.057999999999999996
2000-10-19,0.0576
2000-10-20,0.0579
2000-10-23,0.057300000000000004
2000-10-24,0.0572
2000-10-25,0.0571
2000-10-26,0.0574
2000-10-27,0.057699999999999994
2000-10-30,0.057800000000000004
2000-10-31,0.0575
2000-11-01,0.0579
2000-11-02,0.0579
2000-11-03,0.0576
2000-11-06,0.0574
2000-11-07,0.0576
2000-11-08,0.0583
2000-11-09,0.0582
2000-11-10,0.0581
2000-11-13,0.057800000000000004
2000-11-14,0.058499999999999996
2000-11-15,0.058499999999999996
2000-11-16,0.0579
2000-11-17,0.057699999999999994
2000-11-20,0.0579
2000-11-21,0.0579
2000-11-22,0.0574
2000-11-23,0.0571
2000-11-24,0.0567
2000-11-27,0.056600000000000004
2000-11-28,0.0565
2000-11-29,0.0564
2000-11-30,0.0564
2000-12-01,0.055999999999999994
2000-12-04,0.055999999999999994
2000-12-05,0.056600000000000004
2000-12-06,0.0567
2000-12-07,0.0572
2000-12-08,0.056900000000000006
2000-12-11,0.056799999999999996
2000-12-12,0.0571
2000-12-13,0.057300000000000004
2000-12-14,0.0564
2000-12-15,0.0556
2000-12-18,0.056100000000000004
2000-12-19,0.055999999999999994
2000-12-20,0.056299999999999996
2000-12-21,0.057
2000-12-22,0.0567
2000-12-27,0.056299999999999996
2000-12-28,0.0565
2000-12-29,0.056299999999999996
2001-01-02,0.0557
2001-01-03,0.055
2001-01-04,0.0552
2001-01-05,0.0553
2001-01-08,0.0555
2001-01-09,0.0554
2001-01-10,0.0557
2001-01-11,0.0556
2001-01-12,0.056299999999999996
2001-01-15,0.056299999999999996
2001-01-16,0.0565
2001-01-17,0.056900000000000006
2001-01-18,0.056100000000000004
2001-01-19,0.056799999999999996
2001-01-22,0.057
2001-01-23,0.0571
2001-01-24,0.0571
2001-01-25,0.056900000000000006
2001-01-26,0.0559
2001-01-29,0.0562
2001-01-30,0.056299999999999996
2001-01-31,0.0564
2001-02-01,0.056100000000000004
2001-02-02,0.055
2001-02-05,0.0555
2001-02-06,0.055099999999999996
2001-02-07,0.055099999999999996
2001-02-08,0.055099999999999996
2001-02-09,0.055
2001-02-12,0.055
2001-02-13,0.0552
2001-02-14,0.0556
2001-02-15,0.0559
2001-02-16,0.0557
2001-02-19,0.0559
2001-02-20,0.0559
2001-02-21,0.0557
2001-02-22,0.0564
2001-02-23,0.056299999999999996
2001-02-26,0.0564
2001-02-27,0.056100000000000004
2001-02-28,0.056100000000000004
2001-03-01,0.055999999999999994
2001-03-02,0.0559
2001-03-05,0.055999999999999994
2001-03-06,0.0562
2001-03-07,0.055999999999999994
2001-03-08,0.0559
2001-03-09,0.0554
2001-03-12,0.0553
2001-03-13,0.0556
2001-03-14,0.055999999999999994
2001-03-15,0.0562
2001-03-16,0.0564
2001-03-19,0.0562
2001-03-20,0.0562
2001-03-21,0.0559
2001-03-22,0.0557
2001-03-23,0.0555
2001-03-26,0.0557
2001-03-27,0.0556
2001-03-28,0.0559
2001-03-29,0.056100000000000004
2001-03-30,0.0564
2001-04-02,0.0565
2001-04-03,0.056799999999999996
2001-04-04,0.056799999999999996
2001-04-05,0.057300000000000004
2001-04-06,0.056799999999999996
2001-04-09,0.056799999999999996
2001-04-10,0.056900000000000006
2001-04-11,0.0574
2001-04-12,0.0571
2001-04-17,0.0575
2001-04-18,0.0581
2001-04-19,0.0584
2001-04-20,0.058600000000000006
2001-04-23,0.0582
2001-04-24,0.0579
2001-04-25,0.0579
2001-04-26,0.057999999999999996
2001-04-27,0.057699999999999994
2001-04-30,0.057999999999999996
2001-05-02,0.058499999999999996
2001-05-03,0.0582
2001-05-04,0.0579
2001-05-07,0.0576
2001-05-08,0.057699999999999994
2001-05-09,0.0575
2001-05-10,0.057800000000000004
2001-05-11,0.0584
2001-05-14,0.0599
2001-05-15,0.06
2001-05-16,0.0599
2001-05-17,0.0593
2001-05-18,0.0593
2001-05-21,0.0592
2001-05-22,0.0591
2001-05-23,0.059800000000000006
2001-05-24,0.0603
2001-05-25,0.0605
2001-05-28,0.060599999999999994
2001-05-29,0.0602
2001-05-30,0.06
2001-05-31,0.0599
2001-06-01,0.059800000000000006
2001-06-04,0.059699999999999996
2001-06-05,0.059800000000000006
2001-06-06,0.0594
2001-06-07,0.059800000000000006
2001-06-08,0.0591
2001-06-11,0.0593
2001-06-12,0.0596
2001-06-13,0.0592
2001-06-14,0.0588
2001-06-15,0.0588
2001-06-18,0.0591
2001-06-19,0.0601
2001-06-20,0.059699999999999996
2001-06-21,0.059699999999999996
2001-06-22,0.0593
2001-06-25,0.059000000000000004
2001-06-26,0.059000000000000004
2001-06-27,0.058600000000000006
2001-06-28,0.0582
2001-06-29,0.0591
2001-07-02,0.059800000000000006
2001-07-03,0.06
2001-07-04,0.0596
2001-07-05,0.059800000000000006
2001-07-06,0.0594
2001-07-09,0.0591
2001-07-10,0.0593
2001-07-11,0.0596
2001-07-12,0.059500000000000004
2001-07-13,0.059000000000000004
2001-07-16,0.0593
2001-07-17,0.058600000000000006
2001-07-18,0.058600000000000006
2001-07-19,0.057999999999999996
2001-07-20,0.0582
2001-07-23,0.057800000000000004
2001-07-24,0.0579
2001-07-25,0.0582
2001-07-26,0.058600000000000006
2001-07-27,0.057800000000000004
2001-07-30,0.0576
2001-07-31,0.057300000000000004
2001-08-01,0.0574
2001-08-02,0.0583
2001-08-03,0.0582
2001-08-06,0.0579
2001-08-07,0.057800000000000004
2001-08-08,0.0581
2001-08-09,0.057300000000000004
2001-08-10,0.0575
2001-08-13,0.0571
2001-08-14,0.0572
2001-08-15,0.0571
2001-08-16,0.0571
2001-08-17,0.056600000000000004
2001-08-20,0.056900000000000006
2001-08-21,0.056900000000000006
2001-08-22,0.0575
2001-08-23,0.057300000000000004
2001-08-24,0.0576
2001-08-27,0.057800000000000004
2001-08-28,0.0575
2001-08-29,0.0572
2001-08-30,0.0571
2001-08-31,0.0574
2001-09-03,0.057699999999999994
2001-09-04,0.057800000000000004
2001-09-05,0.0583
2001-09-06,0.058499999999999996
2001-09-07,0.057999999999999996
2001-09-10,0.0579
2001-09-11,0.058499999999999996
2001-09-12,0.059000000000000004
2001-09-13,0.0596
2001-09-14,0.059699999999999996
2001-09-17,0.0599
2001-09-18,0.0601
2001-09-19,0.060899999999999996
2001-09-20,0.060899999999999996
2001-09-21,0.0608
2001-09-24,0.0613
2001-09-25,0.0608
2001-09-26,0.0602
2001-09-27,0.058899999999999994
2001-09-28,0.058899999999999994
2001-10-01,0.0592
2001-10-02,0.0587
2001-10-03,0.0581
2001-10-04,0.057999999999999996
2001-10-05,0.0581
2001-10-08,0.0581
2001-10-09,0.0582
2001-10-10,0.059000000000000004
2001-10-11,0.057699999999999994
2001-10-12,0.0579
2001-10-15,0.0571
2001-10-16,0.057
2001-10-17,0.0574
2001-10-18,0.056799999999999996
2001-10-19,0.056600000000000004
2001-10-22,0.056900000000000006
2001-10-23,0.0567
2001-10-24,0.0565
2001-10-25,0.0559
2001-10-26,0.055099999999999996
2001-10-29,0.055
2001-10-30,0.0547
2001-10-31,0.0548
2001-11-01,0.051500000000000004
2001-11-02,0.051699999999999996
2001-11-05,0.0516
2001-11-06,0.0525
2001-11-07,0.0521
2001-11-08,0.0518
2001-11-09,0.051500000000000004
2001-11-12,0.0516
2001-11-13,0.052000000000000005
2001-11-14,0.0527
2001-11-15,0.0533
2001-11-16,0.0541
2001-11-19,0.0536
2001-11-20,0.053399999999999996
2001-11-21,0.0538
2001-11-22,0.0546
2001-11-23,0.0537
2001-11-26,0.0541
2001-11-27,0.054299999999999994
2001-11-28,0.0548
2001-11-29,0.054900000000000004
2001-11-30,0.0538
2001-12-03,0.053399999999999996
2001-12-04,0.0528
2001-12-05,0.053200000000000004
2001-12-06,0.0546
2001-12-07,0.054000000000000006
2001-12-10,0.0546
2001-12-11,0.054299999999999994
2001-12-12,0.053899999999999997
2001-12-13,0.0536
2001-12-14,0.0529
2001-12-17,0.0542
2001-12-18,0.0542
2001-12-19,0.054400000000000004
2001-12-20,0.0547
2001-12-21,0.0546
2001-12-27,0.0558
2001-12-28,0.0557
2002-01-02,0.0556
2002-01-03,0.0554
2002-01-04,0.055099999999999996
2002-01-07,0.0552
2002-01-08,0.0542
2002-01-09,0.0547
2002-01-10,0.0548
2002-01-11,0.054400000000000004
2002-01-14,0.054000000000000006
2002-01-15,0.0536
2002-01-16,0.0533
2002-01-17,0.054000000000000006
2002-01-18,0.054400000000000004
2002-01-21,0.054400000000000004
2002-01-22,0.054299999999999994
2002-01-23,0.0541
2002-01-24,0.0542
2002-01-25,0.054400000000000004
2002-01-28,0.0548
2002-01-29,0.0545
2002-01-30,0.053899999999999997
2002-01-31,0.0545
2002-02-01,0.0541
2002-02-04,0.053200000000000004
2002-02-05,0.053099999999999994
2002-02-06,0.0536
2002-02-07,0.0535
2002-02-08,0.055
2002-02-11,0.0552
2002-02-12,0.0552
2002-02-13,0.055099999999999996
2002-02-14,0.055099999999999996
2002-02-15,0.055
2002-02-18,0.055
2002-02-19,0.0545
2002-02-20,0.0558
2002-02-21,0.0558
2002-02-22,0.0556
2002-02-25,0.0552
2002-02-26,0.0559
2002-02-27,0.0557
2002-02-28,0.0554
2002-03-01,0.0553
2002-03-04,0.0559
2002-03-05,0.056100000000000004
2002-03-06,0.0567
2002-03-07,0.057
2002-03-08,0.0567
2002-03-11,0.056600000000000004
2002-03-12,0.056799999999999996
2002-03-13,0.0574
2002-03-14,0.0575
2002-03-15,0.0572
2002-03-18,0.0575
2002-03-19,0.0571
2002-03-20,0.057
2002-03-21,0.0576
2002-03-22,0.0576
2002-03-25,0.0579
2002-03-26,0.057800000000000004
2002-03-27,0.057800000000000004
2002-03-28,0.057800000000000004
2002-04-02,0.0588
2002-04-03,0.0582
2002-04-04,0.057699999999999994
2002-04-05,0.0574
2002-04-08,0.0575
2002-04-09,0.0581
2002-04-10,0.057800000000000004
2002-04-11,0.0582
2002-04-12,0.0576
2002-04-15,0.057300000000000004
2002-04-16,0.0576
2002-04-17,0.0582
2002-04-18,0.058499999999999996
2002-04-19,0.0583
2002-04-22,0.0581
2002-04-23,0.0581
2002-04-24,0.0581
2002-04-25,0.057300000000000004
2002-04-26,0.0576
2002-04-29,0.057300000000000004
2002-04-30,0.0575
2002-05-02,0.057300000000000004
2002-05-03,0.057300000000000004
2002-05-06,0.0571
2002-05-07,0.0567
2002-05-08,0.057300000000000004
2002-05-09,0.057800000000000004
2002-05-10,0.057699999999999994
2002-05-13,0.0576
2002-05-14,0.057699999999999994
2002-05-15,0.057999999999999996
2002-05-16,0.0576
2002-05-17,0.0576
2002-05-20,0.0579
2002-05-21,0.0574
2002-05-22,0.0579
2002-05-23,0.0574
2002-05-24,0.0572
2002-05-27,0.0574
2002-05-28,0.057699999999999994
2002-05-29,0.0575
2002-05-30,0.0572
2002-05-31,0.056799999999999996
2002-06-03,0.057300000000000004
2002-06-04,0.056799999999999996
2002-06-05,0.057300000000000004
2002-06-06,0.0572
2002-06-07,0.057
2002-06-10,0.057699999999999994
2002-06-11,0.0571
2002-06-12,0.056900000000000006
2002-06-13,0.056799999999999996
2002-06-14,0.055999999999999994
2002-06-17,0.056100000000000004
2002-06-18,0.0558
2002-06-19,0.0554
2002-06-20,0.055
2002-06-21,0.0552
2002-06-24,0.0546
2002-06-25,0.0548
2002-06-26,0.0537
2002-06-27,0.054400000000000004
2002-06-28,0.054900000000000004
2002-07-01,0.0553
2002-07-02,0.0555
2002-07-03,0.0553
2002-07-04,0.0555
2002-07-05,0.0559
2002-07-08,0.0559
2002-07-09,0.056100000000000004
2002-07-10,0.0555
2002-07-11,0.055099999999999996
2002-07-12,0.054900000000000004
2002-07-15,0.0545
2002-07-16,0.054000000000000006
2002-07-17,0.054900000000000004
2002-07-18,0.055099999999999996
2002-07-19,0.0547
2002-07-22,0.054400000000000004
2002-07-23,0.054000000000000006
2002-07-24,0.0536
2002-07-25,0.053200000000000004
2002-07-26,0.0535
2002-07-29,0.0542
2002-07-30,0.055
2002-07-31,0.0548
2002-08-01,0.0541
2002-08-02,0.053399999999999996
2002-08-05,0.053099999999999994
2002-08-06,0.053099999999999994
2002-08-07,0.0533
2002-08-08,0.053099999999999994
2002-08-09,0.0528
2002-08-12,0.0524
2002-08-13,0.0521
2002-08-14,0.0519
2002-08-15,0.0519
2002-08-16,0.052000000000000005
2002-08-19,0.0524
2002-08-20,0.0526
2002-08-21,0.0527
2002-08-22,0.0533
2002-08-23,0.0533
2002-08-26,0.053399999999999996
2002-08-27,0.0533
2002-08-28,0.0527
2002-08-29,0.052300000000000006
2002-08-30,0.0526
2002-09-02,0.052300000000000006
2002-09-03,0.0521
2002-09-04,0.051399999999999994
2002-09-05,0.051500000000000004
2002-09-06,0.051399999999999994
2002-09-09,0.0516
2002-09-10,0.0518
2002-09-11,0.052300000000000006
2002-09-12,0.0525
2002-09-13,0.0519
2002-09-16,0.051699999999999996
2002-09-17,0.0518
2002-09-18,0.0508
2002-09-19,0.051100000000000007
2002-09-20,0.0516
2002-09-23,0.051699999999999996
2002-09-24,0.051399999999999994
2002-09-25,0.0521
2002-09-26,0.051699999999999996
2002-09-27,0.052199999999999996
2002-09-30,0.052000000000000005
2002-10-01,0.052199999999999996
2002-10-02,0.0529
2002-10-03,0.053099999999999994
2002-10-04,0.0527
2002-10-07,0.052300000000000006
2002-10-08,0.0525
2002-10-09,0.052000000000000005
2002-10-10,0.0524
2002-10-11,0.0524
2002-10-14,0.053399999999999996
2002-10-15,0.0541
2002-10-16,0.054000000000000006
2002-10-17,0.054000000000000006
2002-10-18,0.0541
2002-10-21,0.054299999999999994
2002-10-22,0.0545
2002-10-23,0.0542
2002-10-24,0.0546
2002-10-25,0.0548
2002-10-28,0.0541
2002-10-29,0.0542
2002-10-30,0.054299999999999994
2002-10-31,0.0546
2002-11-01,0.0538
2002-11-04,0.055
2002-11-05,0.054400000000000004
2002-11-06,0.055099999999999996
2002-11-07,0.054900000000000004
2002-11-08,0.0541
2002-11-11,0.0537
2002-11-12,0.0535
2002-11-13,0.0535
2002-11-14,0.0536
2002-11-15,0.0542
2002-11-18,0.054299999999999994
2002-11-19,0.0537
2002-11-20,0.0537
2002-11-21,0.054000000000000006
2002-11-22,0.0536
2002-11-25,0.0545
2002-11-26,0.0538
2002-11-27,0.053399999999999996
2002-11-28,0.054000000000000006
2002-11-29,0.0536
2002-12-02,0.054000000000000006
2002-12-03,0.053899999999999997
2002-12-04,0.0538
2002-12-05,0.053200000000000004
2002-12-06,0.0527
2002-12-09,0.053
2002-12-10,0.0529
2002-12-11,0.053099999999999994
2002-12-12,0.0524
2002-12-13,0.0518
2002-12-16,0.052000000000000005
2002-12-17,0.0524
2002-12-18,0.052300000000000006
2002-12-19,0.052199999999999996
2002-12-20,0.052300000000000006
2002-12-23,0.0519
2002-12-27,0.0516
2002-12-30,0.0516
2003-01-02,0.051699999999999996
2003-01-03,0.0527
2003-01-06,0.0533
2003-01-07,0.0529
2003-01-08,0.0524
2003-01-09,0.0516
2003-01-10,0.0516
2003-01-13,0.0524
2003-01-14,0.0519
2003-01-15,0.051500000000000004
2003-01-16,0.051399999999999994
2003-01-17,0.051500000000000004
2003-01-20,0.0513
2003-01-21,0.051100000000000007
2003-01-22,0.050300000000000004
2003-01-23,0.0507
2003-01-24,0.050199999999999995
2003-01-27,0.0493
2003-01-28,0.049400000000000006
2003-01-29,0.0492
2003-01-30,0.0501
2003-01-31,0.0499
2003-02-03,0.0509
2003-02-04,0.05
2003-02-05,0.049699999999999994
2003-02-06,0.050499999999999996
2003-02-07,0.050199999999999995
2003-02-10,0.0501
2003-02-11,0.0508
2003-02-12,0.050499999999999996
2003-02-13,0.050499999999999996
2003-02-14,0.050499999999999996
2003-02-17,0.0507
2003-02-18,0.0504
2003-02-19,0.05
2003-02-20,0.049800000000000004
2003-02-21,0.0501
2003-02-24,0.0501
2003-02-25,0.050300000000000004
2003-02-26,0.050300000000000004
2003-02-27,0.0504
2003-02-28,0.0508
2003-03-03,0.050499999999999996
2003-03-04,0.0507
2003-03-05,0.0506
2003-03-06,0.0504
2003-03-07,0.05
2003-03-10,0.0496
2003-03-11,0.0495
2003-03-12,0.049699999999999994
2003-03-13,0.0499
2003-03-14,0.051
2003-03-17,0.050199999999999995
2003-03-18,0.0518
2003-03-19,0.0519
2003-03-20,0.0519
2003-03-21,0.0524
2003-03-24,0.052199999999999996
2003-03-25,0.0519
2003-03-26,0.0529
2003-03-27,0.0521
2003-03-28,0.052300000000000006
2003-03-31,0.052000000000000005
2003-04-01,0.0516
2003-04-02,0.0525
2003-04-03,0.0535
2003-04-04,0.052300000000000006
2003-04-07,0.0527
2003-04-08,0.053099999999999994
2003-04-09,0.0519
2003-04-10,0.0518
2003-04-11,0.0521
2003-04-14,0.052199999999999996
2003-04-15,0.0525
2003-04-16,0.0519
2003-04-17,0.0516
2003-04-22,0.051500000000000004
2003-04-23,0.052199999999999996
2003-04-24,0.052000000000000005
2003-04-25,0.0521
2003-04-28,0.0518
2003-04-29,0.0521
2003-04-30,0.0521
2003-05-02,0.052300000000000006
2003-05-05,0.0526
2003-05-06,0.052300000000000006
2003-05-07,0.0518
2003-05-08,0.0513
2003-05-09,0.051
2003-05-12,0.051399999999999994
2003-05-13,0.0513
2003-05-14,0.0521
2003-05-15,0.0507
2003-05-16,0.0506
2003-05-19,0.049800000000000004
2003-05-20,0.049
2003-05-21,0.0487
2003-05-22,0.0487
2003-05-23,0.0484
2003-05-26,0.0481
2003-05-27,0.047599999999999996
2003-05-28,0.0496
2003-05-29,0.0499
2003-05-30,0.048600000000000004
2003-06-02,0.0496
2003-06-03,0.0495
2003-06-04,0.048499999999999995
2003-06-05,0.049100000000000005
2003-06-06,0.0489
2003-06-09,0.048799999999999996
2003-06-10,0.049
2003-06-11,0.048799999999999996
2003-06-12,0.049
2003-06-13,0.0483
2003-06-16,0.047
2003-06-17,0.047599999999999996
2003-06-18,0.0492
2003-06-19,0.049699999999999994
2003-06-20,0.0489
2003-06-23,0.049699999999999994
2003-06-24,0.0496
2003-06-25,0.049100000000000005
2003-06-26,0.0496
2003-06-27,0.050300000000000004
2003-06-30,0.0507
2003-07-01,0.0507
2003-07-02,0.051100000000000007
2003-07-03,0.0519
2003-07-04,0.0512
2003-07-07,0.052199999999999996
2003-07-08,0.052000000000000005
2003-07-09,0.051399999999999994
2003-07-10,0.051699999999999996
2003-07-11,0.0512
2003-07-14,0.051500000000000004
2003-07-15,0.052199999999999996
2003-07-16,0.0524
2003-07-17,0.052199999999999996
2003-07-18,0.0525
2003-07-21,0.053
2003-07-22,0.052199999999999996
2003-07-23,0.051500000000000004
2003-07-24,0.051399999999999994
2003-07-25,0.051699999999999996
2003-07-28,0.052199999999999996
2003-07-29,0.0527
2003-07-30,0.0536
2003-07-31,0.0524
2003-08-01,0.0528
2003-08-04,0.0521
2003-08-05,0.0519
2003-08-06,0.0524
2003-08-07,0.052000000000000005
2003-08-08,0.051100000000000007
2003-08-11,0.0516
2003-08-12,0.051500000000000004
2003-08-13,0.052000000000000005
2003-08-14,0.0518
2003-08-15,0.052300000000000006
2003-08-18,0.0518
2003-08-19,0.0521
2003-08-20,0.051100000000000007
2003-08-21,0.051500000000000004
2003-08-22,0.051500000000000004
2003-08-25,0.0512
2003-08-26,0.052199999999999996
2003-08-27,0.051399999999999994
2003-08-28,0.0519
2003-08-29,0.051500000000000004
2003-09-01,0.0518
2003-09-02,0.0528
2003-09-03,0.053200000000000004
2003-09-04,0.053
2003-09-05,0.0525
2003-09-08,0.0526
2003-09-09,0.0524
2003-09-10,0.0528
2003-09-11,0.0524
2003-09-12,0.053200000000000004
2003-09-15,0.0521
2003-09-16,0.0519
2003-09-17,0.052300000000000006
2003-09-18,0.052300000000000006
2003-09-19,0.0518
2003-09-22,0.051699999999999996
2003-09-23,0.051699999999999996
2003-09-24,0.051699999999999996
2003-09-25,0.0518
2003-09-26,0.052199999999999996
2003-09-29,0.0519
2003-09-30,0.051500000000000004
2003-10-01,0.051500000000000004
2003-10-02,0.0526
2003-10-03,0.0526
2003-10-06,0.053200000000000004
2003-10-07,0.0524
2003-10-08,0.0529
2003-10-09,0.0526
2003-10-10,0.052199999999999996
2003-10-13,0.053200000000000004
2003-10-14,0.0525
2003-10-15,0.053099999999999994
2003-10-16,0.053099999999999994
2003-10-17,0.0535
2003-10-20,0.0527
2003-10-21,0.053
2003-10-22,0.0526
2003-10-23,0.052300000000000006
2003-10-24,0.0527
2003-10-27,0.0524
2003-10-28,0.0535
2003-10-29,0.0529
2003-10-30,0.053200000000000004
2003-10-31,0.053099999999999994
2003-11-03,0.053
2003-11-04,0.053
2003-11-05,0.0529
2003-11-06,0.0536
2003-11-07,0.053200000000000004
2003-11-10,0.0533
2003-11-11,0.0535
2003-11-12,0.0537
2003-11-13,0.054299999999999994
2003-11-14,0.053200000000000004
2003-11-17,0.053
2003-11-18,0.053099999999999994
2003-11-19,0.0528
2003-11-20,0.053099999999999994
2003-11-21,0.0529
2003-11-24,0.053200000000000004
2003-11-25,0.053399999999999996
2003-11-26,0.0533
2003-11-27,0.0533
2003-11-28,0.053
2003-12-01,0.0537
2003-12-02,0.0535
2003-12-03,0.053399999999999996
2003-12-04,0.054000000000000006
2003-12-05,0.0535
2003-12-08,0.0526
2003-12-09,0.0529
2003-12-10,0.0541
2003-12-11,0.053099999999999994
2003-12-12,0.053
2003-12-15,0.053200000000000004
2003-12-16,0.052300000000000006
2003-12-17,0.0518
2003-12-18,0.051399999999999994
2003-12-19,0.051399999999999994
2003-12-22,0.051399999999999994
2003-12-23,0.051500000000000004
2003-12-29,0.051500000000000004
2003-12-30,0.0519
2004-01-02,0.052300000000000006
2004-01-05,0.052300000000000006
2004-01-06,0.0524
2004-01-07,0.0519
2004-01-08,0.0521
2004-01-09,0.0519
2004-01-12,0.051500000000000004
2004-01-13,0.051500000000000004
2004-01-14,0.0516
2004-01-15,0.051500000000000004
2004-01-16,0.051399999999999994
2004-01-19,0.0521
2004-01-20,0.052000000000000005
2004-01-21,0.051699999999999996
2004-01-22,0.052000000000000005
2004-01-23,0.0519
2004-01-26,0.051699999999999996
2004-01-27,0.0518
2004-01-28,0.0518
2004-01-29,0.053099999999999994
2004-01-30,0.0525
2004-02-02,0.052000000000000005
2004-02-03,0.0518
2004-02-04,0.052000000000000005
2004-02-05,0.0518
2004-02-06,0.051699999999999996
2004-02-09,0.0516
2004-02-10,0.0513
2004-02-11,0.052199999999999996
2004-02-12,0.0513
2004-02-13,0.051399999999999994
2004-02-16,0.0519
2004-02-17,0.051699999999999996
2004-02-18,0.051100000000000007
2004-02-19,0.052000000000000005
2004-02-20,0.0521
2004-02-23,0.0521
2004-02-24,0.051699999999999996
2004-02-25,0.052199999999999996
2004-02-26,0.0524
2004-02-27,0.0513
2004-03-01,0.051699999999999996
2004-03-02,0.051399999999999994
2004-03-03,0.051500000000000004
2004-03-04,0.0516
2004-03-05,0.0516
2004-03-08,0.051100000000000007
2004-03-09,0.050300000000000004
2004-03-10,0.05
2004-03-11,0.0499
2004-03-12,0.0499
2004-03-15,0.050300000000000004
2004-03-16,0.051
2004-03-17,0.050499999999999996
2004-03-18,0.050499999999999996
2004-03-19,0.05
2004-03-22,0.051100000000000007
2004-03-23,0.0507
2004-03-24,0.050199999999999995
2004-03-25,0.0499
2004-03-26,0.0501
2004-03-29,0.0507
2004-03-30,0.0508
2004-03-31,0.0507
2004-04-01,0.051
2004-04-02,0.0508
2004-04-05,0.051100000000000007
2004-04-06,0.0518
2004-04-07,0.051699999999999996
2004-04-08,0.0518
2004-04-13,0.0519
2004-04-14,0.0518
2004-04-15,0.0519
2004-04-16,0.0516
2004-04-19,0.0516
2004-04-20,0.051699999999999996
2004-04-21,0.0524
2004-04-22,0.0519
2004-04-23,0.0516
2004-04-26,0.0519
2004-04-27,0.0518
2004-04-28,0.0516
2004-04-29,0.052000000000000005
2004-04-30,0.0525
2004-05-03,0.0525
2004-05-04,0.052199999999999996
2004-05-05,0.0516
2004-05-06,0.0528
2004-05-07,0.052300000000000006
2004-05-10,0.0525
2004-05-11,0.0527
2004-05-12,0.0527
2004-05-13,0.053
2004-05-14,0.053099999999999994
2004-05-17,0.0524
2004-05-18,0.0526
2004-05-19,0.053099999999999994
2004-05-20,0.0536
2004-05-21,0.053200000000000004
2004-05-24,0.053200000000000004
2004-05-25,0.0533
2004-05-26,0.0527
2004-05-27,0.0527
2004-05-28,0.0526
2004-05-31,0.0527
2004-06-01,0.0527
2004-06-02,0.0527
2004-06-03,0.0535
2004-06-04,0.053099999999999994
2004-06-07,0.053200000000000004
2004-06-08,0.0527
2004-06-09,0.0528
2004-06-10,0.053
2004-06-11,0.0527
2004-06-14,0.0526
2004-06-15,0.0526
2004-06-16,0.052300000000000006
2004-06-17,0.0526
2004-06-18,0.052000000000000005
2004-06-21,0.052199999999999996
2004-06-22,0.0527
2004-06-23,0.052300000000000006
2004-06-24,0.0524
2004-06-25,0.0521
2004-06-28,0.052300000000000006
2004-06-29,0.052199999999999996
2004-06-30,0.052199999999999996
2004-07-01,0.0518
2004-07-02,0.0519
2004-07-05,0.051100000000000007
2004-07-06,0.0516
2004-07-07,0.051399999999999994
2004-07-08,0.0513
2004-07-09,0.0513
2004-07-12,0.0513
2004-07-13,0.051699999999999996
2004-07-14,0.0513
2004-07-15,0.051699999999999996
2004-07-16,0.0518
2004-07-19,0.0512
2004-07-20,0.051100000000000007
2004-07-21,0.052000000000000005
2004-07-22,0.051699999999999996
2004-07-23,0.051500000000000004
2004-07-26,0.052000000000000005
2004-07-27,0.0512
2004-07-28,0.0521
2004-07-29,0.051500000000000004
2004-07-30,0.0516
2004-08-02,0.051
2004-08-03,0.051
2004-08-04,0.051
2004-08-05,0.0504
2004-08-06,0.0499
2004-08-09,0.0501
2004-08-10,0.049699999999999994
2004-08-11,0.0499
2004-08-12,0.049800000000000004
2004-08-13,0.0496
2004-08-16,0.049699999999999994
2004-08-17,0.050499999999999996
2004-08-18,0.05
2004-08-19,0.0499
2004-08-20,0.0496
2004-08-23,0.049699999999999994
2004-08-24,0.0509
2004-08-25,0.0501
2004-08-26,0.0495
2004-08-27,0.049800000000000004
2004-08-30,0.050300000000000004
2004-08-31,0.050300000000000004
2004-09-01,0.049100000000000005
2004-09-02,0.049699999999999994
2004-09-03,0.049800000000000004
2004-09-06,0.0506
2004-09-07,0.0504
2004-09-08,0.0507
2004-09-09,0.05
2004-09-10,0.050199999999999995
2004-09-13,0.0495
2004-09-14,0.049800000000000004
2004-09-15,0.049400000000000006
2004-09-16,0.049699999999999994
2004-09-17,0.0489
2004-09-20,0.0496
2004-09-21,0.0493
2004-09-22,0.0489
2004-09-23,0.0483
2004-09-24,0.0487
2004-09-27,0.048799999999999996
2004-09-28,0.048499999999999995
2004-09-29,0.049
2004-09-30,0.049100000000000005
2004-10-01,0.049
2004-10-04,0.049
2004-10-05,0.049
2004-10-06,0.048600000000000004
2004-10-07,0.0493
2004-10-08,0.049400000000000006
2004-10-11,0.0492
2004-10-12,0.048600000000000004
2004-10-13,0.049100000000000005
2004-10-14,0.048
2004-10-15,0.04769999999999999
2004-10-18,0.0482
2004-10-19,0.0482
2004-10-20,0.0483
2004-10-21,0.048
2004-10-22,0.0481
2004-10-25,0.0479
2004-10-26,0.0478
2004-10-27,0.048
2004-10-28,0.0479
2004-10-29,0.048
2004-11-01,0.0482
2004-11-02,0.048
2004-11-03,0.0484
2004-11-04,0.048
2004-11-05,0.04769999999999999
2004-11-08,0.0481
2004-11-09,0.04769999999999999
2004-11-10,0.047400000000000005
2004-11-11,0.047599999999999996
2004-11-12,0.0472
2004-11-15,0.046900000000000004
2004-11-16,0.0464
2004-11-17,0.04650000000000001
2004-11-18,0.0467
2004-11-19,0.0466
2004-11-22,0.046799999999999994
2004-11-23,0.046799999999999994
2004-11-24,0.0464
2004-11-25,0.04650000000000001
2004-11-26,0.0461
2004-11-29,0.0461
2004-11-30,0.04650000000000001
2004-12-01,0.0461
2004-12-02,0.0463
2004-12-03,0.0467
2004-12-06,0.045899999999999996
2004-12-07,0.045599999999999995
2004-12-08,0.0455
2004-12-09,0.0451
2004-12-10,0.0451
2004-12-13,0.0446
2004-12-14,0.044800000000000006
2004-12-15,0.0434
2004-12-16,0.0435
2004-12-17,0.0447
2004-12-20,0.0438
2004-12-21,0.0438
2004-12-22,0.0443
2004-12-23,0.0441
2004-12-27,0.044199999999999996
2004-12-28,0.0444
2004-12-29,0.0454
2004-12-30,0.045599999999999995
2005-01-03,0.044800000000000006
2005-01-04,0.0444
2005-01-05,0.045
2005-01-06,0.045
2005-01-07,0.043899999999999995
2005-01-10,0.044199999999999996
2005-01-11,0.0437
2005-01-12,0.044199999999999996
2005-01-13,0.044199999999999996
2005-01-14,0.0431
2005-01-17,0.042800000000000005
2005-01-18,0.043
2005-01-19,0.0424
2005-01-20,0.0426
2005-01-21,0.042800000000000005
2005-01-24,0.043
2005-01-25,0.0433
2005-01-26,0.0429
2005-01-27,0.043
2005-01-28,0.042300000000000004
2005-01-31,0.042300000000000004
2005-02-01,0.0421
2005-02-02,0.042
2005-02-03,0.0417
2005-02-04,0.0418
2005-02-07,0.0408
2005-02-08,0.0408
2005-02-09,0.0401
2005-02-10,0.0401
2005-02-11,0.0408
2005-02-14,0.041299999999999996
2005-02-15,0.0414
2005-02-16,0.041100000000000005
2005-02-17,0.0414
2005-02-18,0.0426
2005-02-21,0.0433
2005-02-22,0.0436
2005-02-23,0.0438
2005-02-24,0.044000000000000004
2005-02-25,0.0438
2005-02-28,0.0434
2005-03-01,0.0441
2005-03-02,0.044199999999999996
2005-03-03,0.0447
2005-03-04,0.044500000000000005
2005-03-07,0.0435
2005-03-08,0.0436
2005-03-09,0.0443
2005-03-10,0.0449
2005-03-11,0.0446
2005-03-14,0.045
2005-03-15,0.0447
2005-03-16,0.0441
2005-03-17,0.043899999999999995
2005-03-18,0.0435
2005-03-21,0.044199999999999996
2005-03-22,0.043899999999999995
2005-03-23,0.0438
2005-03-24,0.0434
2005-03-29,0.0437
2005-03-30,0.0437
2005-03-31,0.0434
2005-04-01,0.0432
2005-04-04,0.043
2005-04-05,0.0432
2005-04-06,0.043899999999999995
2005-04-07,0.0438
2005-04-08,0.0435
2005-04-11,0.0436
2005-04-12,0.0433
2005-04-13,0.0434
2005-04-14,0.0431
2005-04-15,0.043
2005-04-18,0.042199999999999994
2005-04-19,0.042800000000000005
2005-04-20,0.042300000000000004
2005-04-21,0.0421
2005-04-22,0.0429
2005-04-25,0.0421
2005-04-26,0.0417
2005-04-27,0.0417
2005-04-28,0.04190000000000001
2005-04-29,0.0418
2005-05-02,0.0416
2005-05-03,0.0417
2005-05-04,0.0421
2005-05-05,0.0416
2005-05-06,0.0424
2005-05-09,0.0424
2005-05-10,0.0417
2005-05-11,0.041100000000000005
2005-05-12,0.0412
2005-05-13,0.0404
2005-05-16,0.040999999999999995
2005-05-17,0.0405
2005-05-18,0.04019999999999999
2005-05-19,0.0401
2005-05-20,0.0405
2005-05-23,0.0404
2005-05-24,0.039900000000000005
2005-05-25,0.039599999999999996
2005-05-26,0.0408
2005-05-27,0.040999999999999995
2005-05-30,0.041100000000000005
2005-05-31,0.0404
2005-06-01,0.0406
2005-06-02,0.04
2005-06-03,0.0397
2005-06-06,0.0394
2005-06-07,0.0387
2005-06-08,0.0383
2005-06-09,0.0382
2005-06-10,0.0382
2005-06-13,0.038599999999999995
2005-06-14,0.0392
2005-06-15,0.0397
2005-06-16,0.0408
2005-06-17,0.04019999999999999
2005-06-20,0.04019999999999999
2005-06-21,0.039599999999999996
2005-06-22,0.0385
2005-06-23,0.0387
2005-06-24,0.0384
2005-06-27,0.0381
2005-06-28,0.0385
2005-06-29,0.0393
2005-06-30,0.0387
2005-07-01,0.0387
2005-07-04,0.0393
2005-07-05,0.0391
2005-07-06,0.039
2005-07-07,0.0382
2005-07-08,0.038900000000000004
2005-07-11,0.0388
2005-07-12,0.0393
2005-07-13,0.04019999999999999
2005-07-14,0.0395
2005-07-15,0.0397
2005-07-18,0.0395
2005-07-19,0.0398
2005-07-20,0.0397
2005-07-21,0.039599999999999996
2005-07-22,0.039599999999999996
2005-07-25,0.0392
2005-07-26,0.0392
2005-07-27,0.0388
2005-07-28,0.039
2005-07-29,0.0387
2005-08-01,0.0395
2005-08-02,0.0395
2005-08-03,0.039900000000000005
2005-08-04,0.0403
2005-08-05,0.0403
2005-08-08,0.04
2005-08-09,0.0403
2005-08-10,0.0398
2005-08-11,0.04019999999999999
2005-08-12,0.0397
2005-08-15,0.039599999999999996
2005-08-16,0.0397
2005-08-17,0.0388
2005-08-18,0.038599999999999995
2005-08-19,0.0383
2005-08-22,0.0383
2005-08-23,0.0387
2005-08-24,0.0385
2005-08-25,0.038
2005-08-26,0.038
2005-08-29,0.0379
2005-08-30,0.0388
2005-08-31,0.0377
2005-09-01,0.037599999999999995
2005-09-02,0.037599999999999995
2005-09-05,0.0375
2005-09-06,0.0377
2005-09-07,0.0374
2005-09-08,0.037599999999999995
2005-09-09,0.0373
2005-09-12,0.037200000000000004
2005-09-13,0.0388
2005-09-14,0.038
2005-09-15,0.0379
2005-09-16,0.0384
2005-09-19,0.0382
2005-09-20,0.0378
2005-09-21,0.0371
2005-09-22,0.0365
2005-09-23,0.0371
2005-09-26,0.0374
2005-09-27,0.0383
2005-09-28,0.0383
2005-09-29,0.0374
2005-09-30,0.0381
2005-10-03,0.0379
2005-10-04,0.0382
2005-10-05,0.038
2005-10-06,0.0383
2005-10-07,0.0382
2005-10-10,0.0379
2005-10-11,0.037599999999999995
2005-10-12,0.0382
2005-10-13,0.0388
2005-10-14,0.039
2005-10-17,0.0392
2005-10-18,0.0394
2005-10-19,0.0395
2005-10-20,0.0392
2005-10-21,0.038599999999999995
2005-10-24,0.038900000000000004
2005-10-25,0.038900000000000004
2005-10-26,0.039599999999999996
2005-10-27,0.0398
2005-10-28,0.0397
2005-10-31,0.0397
2005-11-01,0.0395
2005-11-02,0.0403
2005-11-03,0.0405
2005-11-04,0.0406
2005-11-07,0.0401
2005-11-08,0.039900000000000005
2005-11-09,0.04
2005-11-10,0.039900000000000005
2005-11-11,0.04
2005-11-14,0.04
2005-11-15,0.0401
2005-11-16,0.0405
2005-11-17,0.04
2005-11-18,0.04019999999999999
2005-11-21,0.04
2005-11-22,0.039900000000000005
2005-11-23,0.0401
2005-11-24,0.0393
2005-11-25,0.0387
2005-11-28,0.0391
2005-11-29,0.0391
2005-11-30,0.0397
2005-12-01,0.0383
2005-12-02,0.0393
2005-12-05,0.0392
2005-12-06,0.0394
2005-12-07,0.0391
2005-12-08,0.038900000000000004
2005-12-09,0.0392
2005-12-12,0.0391
2005-12-13,0.039
2005-12-14,0.0382
2005-12-15,0.038
2005-12-16,0.0379
2005-12-19,0.038
2005-12-20,0.0377
2005-12-21,0.038
2005-12-22,0.0375
2005-12-23,0.0371
2005-12-27,0.0378
2005-12-28,0.0377
2005-12-29,0.0366
2005-12-30,0.0374
2006-01-02,0.0377
2006-01-03,0.037200000000000004
2006-01-04,0.037000000000000005
2006-01-05,0.0371
2006-01-06,0.036699999999999997
2006-01-09,0.0366
2006-01-10,0.0359
2006-01-11,0.0363
2006-01-12,0.0364
2006-01-13,0.0361
2006-01-16,0.0362
2006-01-17,0.0362
2006-01-18,0.036000000000000004
2006-01-19,0.0366
2006-01-20,0.0369
2006-01-23,0.0371
2006-01-24,0.0373
2006-01-25,0.037599999999999995
2006-01-26,0.0384
2006-01-27,0.0387
2006-01-30,0.0387
2006-01-31,0.0387
2006-02-01,0.0381
2006-02-02,0.0385
2006-02-03,0.0384
2006-02-06,0.0384
2006-02-07,0.0383
2006-02-08,0.0387
2006-02-09,0.038599999999999995
2006-02-10,0.0381
2006-02-13,0.0385
2006-02-14,0.0385
2006-02-15,0.0387
2006-02-16,0.038900000000000004
2006-02-17,0.0385
2006-02-20,0.0382
2006-02-21,0.0384
2006-02-22,0.0383
2006-02-23,0.038
2006-02-24,0.0383
2006-02-27,0.038599999999999995
2006-02-28,0.0385
2006-03-01,0.0385
2006-03-02,0.0383
2006-03-03,0.038599999999999995
2006-03-06,0.038599999999999995
2006-03-07,0.0388
2006-03-08,0.039
2006-03-09,0.039900000000000005
2006-03-10,0.0401
2006-03-13,0.0405
2006-03-14,0.0404
2006-03-15,0.039900000000000005
2006-03-16,0.0403
2006-03-17,0.039599999999999996
2006-03-20,0.0401
2006-03-21,0.039900000000000005
2006-03-22,0.0395
2006-03-23,0.0395
2006-03-24,0.0398
2006-03-27,0.039599999999999996
2006-03-28,0.0401
2006-03-29,0.0407
2006-03-30,0.0408
2006-03-31,0.0408
2006-04-03,0.0409
2006-04-04,0.0414
2006-04-05,0.0418
2006-04-06,0.0424
2006-04-07,0.0429
2006-04-10,0.0431
2006-04-11,0.0426
2006-04-12,0.0425
2006-04-13,0.043
2006-04-18,0.0431
2006-04-19,0.042699999999999995
2006-04-20,0.0431
2006-04-21,0.0429
2006-04-24,0.0432
2006-04-25,0.0436
2006-04-26,0.0434
2006-04-27,0.0436
2006-04-28,0.0433
2006-05-02,0.0432
2006-05-03,0.0432
2006-05-04,0.0435
2006-05-05,0.0438
2006-05-08,0.0434
2006-05-09,0.0438
2006-05-10,0.0438
2006-05-11,0.044000000000000004
2006-05-12,0.0443
2006-05-15,0.044500000000000005
2006-05-16,0.043899999999999995
2006-05-17,0.043899999999999995
2006-05-18,0.0451
2006-05-19,0.0443
2006-05-22,0.0437
2006-05-23,0.0435
2006-05-24,0.0431
2006-05-25,0.043
2006-05-26,0.0431
2006-05-29,0.0431
2006-05-30,0.0432
2006-05-31,0.0436
2006-06-01,0.044000000000000004
2006-06-02,0.044000000000000004
2006-06-05,0.0432
2006-06-06,0.0437
2006-06-07,0.0438
2006-06-08,0.0434
2006-06-09,0.0433
2006-06-12,0.0432
2006-06-13,0.0426
2006-06-14,0.042800000000000005
2006-06-15,0.0433
2006-06-16,0.0434
2006-06-19,0.0436
2006-06-20,0.0433
2006-06-21,0.0438
2006-06-22,0.0441
2006-06-23,0.044500000000000005
2006-06-26,0.0446
2006-06-27,0.0446
2006-06-28,0.0443
2006-06-29,0.0444
2006-06-30,0.0444
2006-07-03,0.0441
2006-07-04,0.0441
2006-07-05,0.0443
2006-07-06,0.0446
2006-07-07,0.0443
2006-07-10,0.044000000000000004
2006-07-11,0.044000000000000004
2006-07-12,0.044199999999999996
2006-07-13,0.0441
2006-07-14,0.0438
2006-07-17,0.0437
2006-07-18,0.0437
2006-07-19,0.044000000000000004
2006-07-20,0.0435
2006-07-21,0.0434
2006-07-24,0.0433
2006-07-25,0.043
2006-07-26,0.0436
2006-07-27,0.0433
2006-07-28,0.0433
2006-07-31,0.0431
2006-08-01,0.0431
2006-08-02,0.0429
2006-08-03,0.043
2006-08-04,0.0431
2006-08-07,0.0426
2006-08-08,0.0425
2006-08-09,0.042800000000000005
2006-08-10,0.042699999999999995
2006-08-11,0.043
2006-08-14,0.0434
2006-08-15,0.0434
2006-08-16,0.043
2006-08-17,0.0424
2006-08-18,0.0425
2006-08-21,0.042
2006-08-22,0.0416
2006-08-23,0.0416
2006-08-24,0.0416
2006-08-25,0.041299999999999996
2006-08-28,0.0414
2006-08-29,0.0415
2006-08-30,0.0416
2006-08-31,0.0414
2006-09-01,0.041100000000000005
2006-09-04,0.0409
2006-09-05,0.040999999999999995
2006-09-06,0.0414
2006-09-07,0.0416
2006-09-08,0.0412
2006-09-11,0.0409
2006-09-12,0.0412
2006-09-13,0.0409
2006-09-14,0.0409
2006-09-15,0.0409
2006-09-18,0.040999999999999995
2006-09-19,0.0408
2006-09-20,0.0405
2006-09-21,0.0405
2006-09-22,0.039900000000000005
2006-09-25,0.0397
2006-09-26,0.0395
2006-09-27,0.0394
2006-09-28,0.0393
2006-09-29,0.0393
2006-10-02,0.039900000000000005
2006-10-03,0.0395
2006-10-04,0.039900000000000005
2006-10-05,0.0397
2006-10-06,0.0397
2006-10-09,0.0401
2006-10-10,0.0403
2006-10-11,0.0403
2006-10-12,0.0405
2006-10-13,0.0404
2006-10-16,0.0405
2006-10-17,0.0403
2006-10-18,0.04019999999999999
2006-10-19,0.0405
2006-10-20,0.0405
2006-10-23,0.0408
2006-10-24,0.0407
2006-10-25,0.0408
2006-10-26,0.0406
2006-10-27,0.04019999999999999
2006-10-30,0.0398
2006-10-31,0.0395
2006-11-01,0.0392
2006-11-02,0.038900000000000004
2006-11-03,0.0391
2006-11-06,0.039599999999999996
2006-11-07,0.0393
2006-11-08,0.038900000000000004
2006-11-09,0.0392
2006-11-10,0.0392
2006-11-13,0.038900000000000004
2006-11-14,0.0391
2006-11-15,0.038900000000000004
2006-11-16,0.0391
2006-11-17,0.0393
2006-11-20,0.038900000000000004
2006-11-21,0.0387
2006-11-22,0.0388
2006-11-23,0.0392
2006-11-24,0.038900000000000004
2006-11-27,0.0393
2006-11-28,0.0392
2006-11-29,0.0391
2006-11-30,0.0393
2006-12-01,0.0391
2006-12-04,0.0388
2006-12-05,0.0388
2006-12-06,0.038900000000000004
2006-12-07,0.038900000000000004
2006-12-08,0.039
2006-12-11,0.0392
2006-12-12,0.0393
2006-12-13,0.0388
2006-12-14,0.0394
2006-12-15,0.0394
2006-12-18,0.0398
2006-12-19,0.0401
2006-12-20,0.0404
2006-12-21,0.0405
2006-12-22,0.0405
2006-12-27,0.0407
2006-12-28,0.041100000000000005
2006-12-29,0.041100000000000005
2007-01-02,0.040999999999999995
2007-01-03,0.040999999999999995
2007-01-04,0.040999999999999995
2007-01-05,0.0409
2007-01-08,0.0416
2007-01-09,0.0416
2007-01-10,0.0418
2007-01-11,0.0421
2007-01-12,0.0424
2007-01-15,0.0425
2007-01-16,0.042300000000000004
2007-01-17,0.04190000000000001
2007-01-18,0.042699999999999995
2007-01-19,0.042
2007-01-22,0.042
2007-01-23,0.0416
2007-01-24,0.042
2007-01-25,0.04190000000000001
2007-01-26,0.0424
2007-01-29,0.042699999999999995
2007-01-30,0.0429
2007-01-31,0.042699999999999995
2007-02-01,0.0425
2007-02-02,0.042800000000000005
2007-02-05,0.0425
2007-02-06,0.042199999999999994
2007-02-07,0.042300000000000004
2007-02-08,0.042199999999999994
2007-02-09,0.042300000000000004
2007-02-12,0.0429
2007-02-13,0.043
2007-02-14,0.0431
2007-02-15,0.0425
2007-02-16,0.042199999999999994
2007-02-19,0.0425
2007-02-20,0.042699999999999995
2007-02-21,0.0421
2007-02-22,0.0424
2007-02-23,0.0424
2007-02-26,0.0418
2007-02-27,0.0415
2007-02-28,0.0415
2007-03-01,0.0417
2007-03-02,0.0416
2007-03-05,0.0414
2007-03-06,0.0414
2007-03-07,0.0416
2007-03-08,0.0417
2007-03-09,0.0416
2007-03-12,0.042
2007-03-13,0.0416
2007-03-14,0.0414
2007-03-15,0.0416
2007-03-16,0.0414
2007-03-19,0.0416
2007-03-20,0.0416
2007-03-21,0.0414
2007-03-22,0.0416
2007-03-23,0.0424
2007-03-26,0.0429
2007-03-27,0.0429
2007-03-28,0.043
2007-03-29,0.0434
2007-03-30,0.0431
2007-04-02,0.0431
2007-04-03,0.0434
2007-04-04,0.0436
2007-04-05,0.0438
2007-04-10,0.0441
2007-04-11,0.0441
2007-04-12,0.0443
2007-04-13,0.045
2007-04-16,0.0452
2007-04-17,0.0454
2007-04-18,0.0444
2007-04-19,0.0441
2007-04-20,0.0446
2007-04-23,0.0443
2007-04-24,0.044000000000000004
2007-04-25,0.0444
2007-04-26,0.044500000000000005
2007-04-27,0.044500000000000005
2007-04-30,0.044500000000000005
2007-05-02,0.0443
2007-05-03,0.0446
2007-05-04,0.0446
2007-05-07,0.0447
2007-05-08,0.0446
2007-05-09,0.0446
2007-05-10,0.0447
2007-05-11,0.044199999999999996
2007-05-14,0.0451
2007-05-15,0.0454
2007-05-16,0.0454
2007-05-17,0.0452
2007-05-18,0.0454
2007-05-21,0.0454
2007-05-22,0.045599999999999995
2007-05-23,0.045899999999999996
2007-05-24,0.0458
2007-05-25,0.0458
2007-05-29,0.046
2007-05-30,0.046
2007-05-31,0.046
2007-06-01,0.0462
2007-06-04,0.0466
2007-06-05,0.0466
2007-06-06,0.046799999999999994
2007-06-07,0.0472
2007-06-08,0.0482
2007-06-11,0.0478
2007-06-12,0.0482
2007-06-13,0.049400000000000006
2007-06-14,0.048799999999999996
2007-06-15,0.0495
2007-06-18,0.049
2007-06-19,0.0493
2007-06-20,0.048499999999999995
2007-06-21,0.049
2007-06-22,0.0489
2007-06-25,0.048600000000000004
2007-06-26,0.0482
2007-06-27,0.0478
2007-06-28,0.0481
2007-06-29,0.04769999999999999
2007-07-02,0.0473
2007-07-03,0.047400000000000005
2007-07-04,0.048
2007-07-05,0.0484
2007-07-06,0.048499999999999995
2007-07-09,0.048799999999999996
2007-07-10,0.0484
2007-07-11,0.047599999999999996
2007-07-12,0.0481
2007-07-13,0.0483
2007-07-16,0.048
2007-07-17,0.047400000000000005
2007-07-18,0.047599999999999996
2007-07-19,0.0478
2007-07-20,0.0471
2007-07-23,0.0462
2007-07-24,0.04650000000000001
2007-07-25,0.0462
2007-07-26,0.0462
2007-07-27,0.045599999999999995
2007-07-30,0.0455
2007-07-31,0.0458
2007-08-01,0.0452
2007-08-02,0.045700000000000005
2007-08-03,0.045700000000000005
2007-08-06,0.0455
2007-08-07,0.0458
2007-08-08,0.0464
2007-08-09,0.0462
2007-08-10,0.0462
2007-08-13,0.0464
2007-08-14,0.0464
2007-08-15,0.0462
2007-08-16,0.046
2007-08-17,0.045899999999999996
2007-08-20,0.0467
2007-08-21,0.0466
2007-08-22,0.04650000000000001
2007-08-23,0.04650000000000001
2007-08-24,0.0463
2007-08-27,0.04650000000000001
2007-08-28,0.0462
2007-08-29,0.0463
2007-08-30,0.0467
2007-08-31,0.0467
2007-09-03,0.0466
2007-09-04,0.0466
2007-09-05,0.046799999999999994
2007-09-06,0.0466
2007-09-07,0.0466
2007-09-10,0.046
2007-09-11,0.045700000000000005
2007-09-12,0.045700000000000005
2007-09-13,0.045899999999999996
2007-09-14,0.046
2007-09-17,0.045700000000000005
2007-09-18,0.0458
2007-09-19,0.046900000000000004
2007-09-20,0.0471
2007-09-21,0.0478
2007-09-24,0.0482
2007-09-25,0.047599999999999996
2007-09-26,0.0478
2007-09-27,0.0479
2007-09-28,0.0475
2007-10-01,0.0475
2007-10-02,0.0475
2007-10-03,0.047
2007-10-04,0.0472
2007-10-05,0.046799999999999994
2007-10-08,0.0472
2007-10-09,0.0471
2007-10-10,0.047
2007-10-11,0.0473
2007-10-12,0.0472
2007-10-15,0.0478
2007-10-16,0.0479
2007-10-17,0.048
2007-10-18,0.047599999999999996
2007-10-19,0.046900000000000004
2007-10-22,0.0461
2007-10-23,0.0462
2007-10-24,0.045899999999999996
2007-10-25,0.045899999999999996
2007-10-26,0.0458
2007-10-29,0.0461
2007-10-30,0.046
2007-10-31,0.0462
2007-11-01,0.047
2007-11-02,0.0461
2007-11-05,0.045700000000000005
2007-11-06,0.0461
2007-11-07,0.045899999999999996
2007-11-08,0.046
2007-11-09,0.0461
2007-11-12,0.0461
2007-11-13,0.0458
2007-11-14,0.0464
2007-11-15,0.0462
2007-11-16,0.045899999999999996
2007-11-19,0.0462
2007-11-20,0.045899999999999996
2007-11-21,0.0461
2007-11-22,0.04650000000000001
2007-11-23,0.0467
2007-11-26,0.0467
2007-11-27,0.0462
2007-11-28,0.046799999999999994
2007-11-29,0.0472
2007-11-30,0.0471
2007-12-03,0.0473
2007-12-04,0.046799999999999994
2007-12-05,0.0464
2007-12-06,0.04650000000000001
2007-12-07,0.047
2007-12-10,0.0473
2007-12-11,0.0479
2007-12-12,0.0478
2007-12-13,0.0479
2007-12-14,0.04769999999999999
2007-12-17,0.047599999999999996
2007-12-18,0.047400000000000005
2007-12-19,0.047
2007-12-20,0.0472
2007-12-21,0.0471
2007-12-27,0.0478
2007-12-28,0.0479
2008-01-02,0.048
2008-01-03,0.046799999999999994
2008-01-04,0.046799999999999994
2008-01-07,0.0467
2008-01-08,0.046799999999999994
2008-01-09,0.046799999999999994
2008-01-10,0.0466
2008-01-11,0.0472
2008-01-14,0.04650000000000001
2008-01-15,0.046799999999999994
2008-01-16,0.0463
2008-01-17,0.04650000000000001
2008-01-18,0.04650000000000001
2008-01-21,0.04650000000000001
2008-01-22,0.0462
2008-01-23,0.046900000000000004
2008-01-24,0.047400000000000005
2008-01-25,0.047599999999999996
2008-01-28,0.046799999999999994
2008-01-29,0.0471
2008-01-30,0.047400000000000005
2008-01-31,0.0472
2008-02-01,0.0466
2008-02-04,0.0464
2008-02-05,0.0462
2008-02-06,0.045899999999999996
2008-02-07,0.0461
2008-02-08,0.046799999999999994
2008-02-11,0.0463
2008-02-12,0.0464
2008-02-13,0.0471
2008-02-14,0.047400000000000005
2008-02-15,0.0475
2008-02-18,0.0475
2008-02-19,0.047400000000000005
2008-02-20,0.047599999999999996
2008-02-21,0.0475
2008-02-22,0.047400000000000005
2008-02-25,0.048
2008-02-26,0.0484
2008-02-27,0.0483
2008-02-28,0.0484
2008-02-29,0.0475
2008-03-03,0.0466
2008-03-04,0.0471
2008-03-05,0.0475
2008-03-06,0.048
2008-03-07,0.0475
2008-03-10,0.0478
2008-03-11,0.0475
2008-03-12,0.0475
2008-03-13,0.047
2008-03-14,0.0475
2008-03-17,0.0473
2008-03-18,0.0482
2008-03-19,0.0475
2008-03-20,0.047
2008-03-25,0.046799999999999994
2008-03-26,0.047400000000000005
2008-03-27,0.0483
2008-03-28,0.048499999999999995
2008-03-31,0.0484
2008-04-01,0.0481
2008-04-02,0.0479
2008-04-03,0.048
2008-04-04,0.0479
2008-04-07,0.04769999999999999
2008-04-08,0.047599999999999996
2008-04-09,0.0478
2008-04-10,0.0473
2008-04-11,0.047599999999999996
2008-04-14,0.047
2008-04-15,0.046799999999999994
2008-04-16,0.04769999999999999
2008-04-17,0.048600000000000004
2008-04-18,0.049
2008-04-21,0.048799999999999996
2008-04-22,0.0489
2008-04-23,0.048600000000000004
2008-04-24,0.0487
2008-04-25,0.0495
2008-04-28,0.0496
2008-04-29,0.0493
2008-04-30,0.0487
2008-05-02,0.0483
2008-05-05,0.0483
2008-05-06,0.0483
2008-05-07,0.048499999999999995
2008-05-08,0.0481
2008-05-09,0.047400000000000005
2008-05-12,0.047599999999999996
2008-05-13,0.047400000000000005
2008-05-14,0.049100000000000005
2008-05-15,0.049699999999999994
2008-05-16,0.0492
2008-05-19,0.048600000000000004
2008-05-20,0.0489
2008-05-21,0.0492
2008-05-22,0.049400000000000006
2008-05-23,0.0489
2008-05-26,0.049
2008-05-27,0.0492
2008-05-28,0.0496
2008-05-29,0.050300000000000004
2008-05-30,0.050300000000000004
2008-06-02,0.049800000000000004
2008-06-03,0.050199999999999995
2008-06-04,0.05
2008-06-05,0.050300000000000004
2008-06-06,0.049100000000000005
2008-06-09,0.0471
2008-06-10,0.049
2008-06-11,0.049699999999999994
2008-06-12,0.050300000000000004
2008-06-13,0.050199999999999995
2008-06-16,0.0493
2008-06-17,0.049100000000000005
2008-06-18,0.0489
2008-06-19,0.0484
2008-06-20,0.048499999999999995
2008-06-23,0.0484
2008-06-24,0.049100000000000005
2008-06-25,0.0495
2008-06-26,0.049400000000000006
2008-06-27,0.049699999999999994
2008-06-30,0.0504
2008-07-01,0.0499
2008-07-02,0.050199999999999995
2008-07-03,0.049800000000000004
2008-07-04,0.0501
2008-07-07,0.049400000000000006
2008-07-08,0.049400000000000006
2008-07-09,0.0495
2008-07-10,0.049
2008-07-11,0.0492
2008-07-14,0.0495
2008-07-15,0.049
2008-07-16,0.0493
2008-07-17,0.0492
2008-07-18,0.0496
2008-07-21,0.050199999999999995
2008-07-22,0.050300000000000004
2008-07-23,0.0501
2008-07-24,0.049800000000000004
2008-07-25,0.049100000000000005
2008-07-28,0.049699999999999994
2008-07-29,0.0496
2008-07-30,0.048799999999999996
2008-07-31,0.048799999999999996
2008-08-01,0.0481
2008-08-04,0.048
2008-08-05,0.0481
2008-08-06,0.048
2008-08-07,0.0482
2008-08-08,0.048600000000000004
2008-08-11,0.048600000000000004
2008-08-12,0.0483
2008-08-13,0.0481
2008-08-14,0.048
2008-08-15,0.0479
2008-08-18,0.047599999999999996
2008-08-19,0.047599999999999996
2008-08-20,0.048
2008-08-21,0.048
2008-08-22,0.048
2008-08-25,0.0479
2008-08-26,0.047599999999999996
2008-08-27,0.0478
2008-08-28,0.04769999999999999
2008-08-29,0.046900000000000004
2008-09-01,0.047
2008-09-02,0.047599999999999996
2008-09-03,0.0472
2008-09-04,0.04769999999999999
2008-09-05,0.0472
2008-09-08,0.0478
2008-09-09,0.0479
2008-09-10,0.047599999999999996
2008-09-11,0.048
2008-09-12,0.048600000000000004
2008-09-15,0.0482
2008-09-16,0.0482
2008-09-17,0.04769999999999999
2008-09-18,0.0492
2008-09-19,0.0499
2008-09-22,0.0508
2008-09-23,0.0508
2008-09-24,0.0504
2008-09-25,0.0499
2008-09-26,0.0499
2008-09-29,0.0495
2008-09-30,0.0483
2008-10-01,0.0471
2008-10-02,0.047599999999999996
2008-10-03,0.0454
2008-10-06,0.0449
2008-10-07,0.0438
2008-10-08,0.0416
2008-10-09,0.0452
2008-10-10,0.0441
2008-10-13,0.04769999999999999
2008-10-14,0.0475
2008-10-15,0.0483
2008-10-16,0.0495
2008-10-17,0.048799999999999996
2008-10-20,0.0484
2008-10-21,0.047599999999999996
2008-10-22,0.046799999999999994
2008-10-23,0.046
2008-10-24,0.0446
2008-10-27,0.045
2008-10-28,0.045899999999999996
2008-10-29,0.045700000000000005
2008-10-30,0.0464
2008-10-31,0.0455
2008-11-03,0.046799999999999994
2008-11-04,0.0463
2008-11-05,0.0455
2008-11-06,0.0464
2008-11-07,0.0458
2008-11-10,0.0455
2008-11-11,0.0461
2008-11-12,0.046
2008-11-13,0.0463
2008-11-14,0.046799999999999994
2008-11-17,0.0463
2008-11-18,0.0458
2008-11-19,0.0452
2008-11-20,0.0443
2008-11-21,0.0435
2008-11-24,0.043
2008-11-25,0.042800000000000005
2008-11-26,0.040999999999999995
2008-11-27,0.0403
2008-11-28,0.0397
2008-12-01,0.039599999999999996
2008-12-02,0.0385
2008-12-03,0.0363
2008-12-04,0.0341
2008-12-05,0.0368
2008-12-08,0.0379
2008-12-09,0.038599999999999995
2008-12-10,0.038900000000000004
2008-12-11,0.04019999999999999
2008-12-12,0.0398
2008-12-15,0.0412
2008-12-16,0.0404
2008-12-17,0.039
2008-12-18,0.0395
2008-12-19,0.0383
2008-12-22,0.039
2008-12-23,0.038900000000000004
2008-12-29,0.0385
2008-12-30,0.0387
2009-01-02,0.0388
2009-01-05,0.039
2009-01-06,0.039900000000000005
2009-01-07,0.0412
2009-01-08,0.042699999999999995
2009-01-09,0.0414
2009-01-12,0.0415
2009-01-13,0.0417
2009-01-14,0.0426
2009-01-15,0.04190000000000001
2009-01-16,0.0418
2009-01-19,0.042800000000000005
2009-01-20,0.0425
2009-01-21,0.0426
2009-01-22,0.043
2009-01-23,0.0438
2009-01-26,0.045700000000000005
2009-01-27,0.045
2009-01-28,0.0437
2009-01-29,0.042699999999999995
2009-01-30,0.0418
2009-02-02,0.0426
2009-02-03,0.042
2009-02-04,0.0426
2009-02-05,0.0431
2009-02-06,0.0426
2009-02-09,0.043
2009-02-10,0.0426
2009-02-11,0.04190000000000001
2009-02-12,0.040999999999999995
2009-02-13,0.041299999999999996
2009-02-16,0.04019999999999999
2009-02-17,0.0397
2009-02-18,0.0391
2009-02-19,0.0416
2009-02-20,0.0415
2009-02-23,0.04190000000000001
2009-02-24,0.041299999999999996
2009-02-25,0.0414
2009-02-26,0.0412
2009-02-27,0.0417
2009-03-02,0.0412
2009-03-03,0.0416
2009-03-04,0.0424
2009-03-05,0.0431
2009-03-06,0.0416
2009-03-09,0.041299999999999996
2009-03-10,0.0414
2009-03-11,0.042300000000000004
2009-03-12,0.0424
2009-03-13,0.043899999999999995
2009-03-16,0.0446
2009-03-17,0.0447
2009-03-18,0.0455
2009-03-19,0.043899999999999995
2009-03-20,0.0438
2009-03-23,0.0432
2009-03-24,0.0443
2009-03-25,0.0446
2009-03-26,0.0449
2009-03-27,0.044000000000000004
2009-03-30,0.0432
2009-03-31,0.042800000000000005
2009-04-01,0.042699999999999995
2009-04-02,0.0433
2009-04-03,0.0437
2009-04-06,0.045
2009-04-07,0.0452
2009-04-08,0.0446
2009-04-09,0.0454
2009-04-14,0.044500000000000005
2009-04-15,0.0443
2009-04-16,0.0449
2009-04-17,0.0444
2009-04-20,0.0443
2009-04-21,0.044000000000000004
2009-04-22,0.0435
2009-04-23,0.0437
2009-04-24,0.0434
2009-04-27,0.0432
2009-04-28,0.043
2009-04-29,0.0432
2009-04-30,0.043
2009-05-04,0.0431
2009-05-05,0.0433
2009-05-06,0.0435
2009-05-07,0.0446
2009-05-08,0.045700000000000005
2009-05-11,0.0454
2009-05-12,0.0455
2009-05-13,0.045599999999999995
2009-05-14,0.0458
2009-05-15,0.045700000000000005
2009-05-18,0.045700000000000005
2009-05-19,0.046
2009-05-20,0.0461
2009-05-21,0.046799999999999994
2009-05-22,0.046900000000000004
2009-05-25,0.047599999999999996
2009-05-26,0.0473
2009-05-27,0.0478
2009-05-28,0.0479
2009-05-29,0.0472
2009-06-01,0.0475
2009-06-02,0.0483
2009-06-03,0.0471
2009-06-04,0.046799999999999994
2009-06-05,0.046799999999999994
2009-06-08,0.04650000000000001
2009-06-09,0.0464
2009-06-10,0.0462
2009-06-11,0.0467
2009-06-12,0.0464
2009-06-15,0.0463
2009-06-16,0.0464
2009-06-17,0.0461
2009-06-18,0.0464
2009-06-19,0.0472
2009-06-22,0.0467
2009-06-23,0.046799999999999994
2009-06-24,0.0466
2009-06-25,0.0466
2009-06-26,0.0464
2009-06-29,0.0461
2009-06-30,0.045700000000000005
2009-07-01,0.045700000000000005
2009-07-02,0.045700000000000005
2009-07-03,0.0451
2009-07-06,0.0446
2009-07-07,0.044800000000000006
2009-07-08,0.0447
2009-07-09,0.0447
2009-07-10,0.0447
2009-07-13,0.044199999999999996
2009-07-14,0.044199999999999996
2009-07-15,0.0444
2009-07-16,0.0446
2009-07-17,0.044500000000000005
2009-07-20,0.045700000000000005
2009-07-21,0.045700000000000005
2009-07-22,0.0454
2009-07-23,0.0455
2009-07-24,0.045899999999999996
2009-07-27,0.045899999999999996
2009-07-28,0.0455
2009-07-29,0.0447
2009-07-30,0.045
2009-07-31,0.043899999999999995
2009-08-03,0.0434
2009-08-04,0.0434
2009-08-05,0.0433
2009-08-06,0.0429
2009-08-07,0.0432
2009-08-10,0.0438
2009-08-11,0.0436
2009-08-12,0.0436
2009-08-13,0.044000000000000004
2009-08-14,0.0435
2009-08-17,0.042800000000000005
2009-08-18,0.0433
2009-08-19,0.042800000000000005
2009-08-20,0.042699999999999995
2009-08-21,0.042699999999999995
2009-08-24,0.0431
2009-08-25,0.0432
2009-08-26,0.0431
2009-08-27,0.0429
2009-08-28,0.0433
2009-08-31,0.043
2009-09-01,0.0429
2009-09-02,0.0431
2009-09-03,0.0435
2009-09-04,0.0438
2009-09-07,0.044000000000000004
2009-09-08,0.044199999999999996
2009-09-09,0.0447
2009-09-10,0.0453
2009-09-11,0.0443
2009-09-14,0.043899999999999995
2009-09-15,0.0438
2009-09-16,0.0438
2009-09-17,0.044199999999999996
2009-09-18,0.044500000000000005
2009-09-21,0.0452
2009-09-22,0.0455
2009-09-23,0.0449
2009-09-24,0.0444
2009-09-25,0.0435
2009-09-28,0.0431
2009-09-29,0.0431
2009-09-30,0.0424
2009-10-01,0.0431
2009-10-02,0.042300000000000004
2009-10-05,0.04190000000000001
2009-10-06,0.042
2009-10-07,0.0418
2009-10-08,0.0417
2009-10-09,0.042
2009-10-12,0.0426
2009-10-13,0.0426
2009-10-14,0.0433
2009-10-15,0.0436
2009-10-16,0.044000000000000004
2009-10-19,0.043899999999999995
2009-10-20,0.0437
2009-10-21,0.043899999999999995
2009-10-22,0.044000000000000004
2009-10-23,0.0444
2009-10-26,0.0446
2009-10-27,0.0446
2009-10-28,0.0437
2009-10-29,0.0437
2009-10-30,0.0435
2009-11-02,0.0434
2009-11-03,0.043
2009-11-04,0.043899999999999995
2009-11-05,0.0444
2009-11-06,0.044199999999999996
2009-11-09,0.0444
2009-11-10,0.043899999999999995
2009-11-11,0.044000000000000004
2009-11-12,0.0437
2009-11-13,0.0438
2009-11-16,0.0437
2009-11-17,0.0436
2009-11-18,0.043
2009-11-19,0.043
2009-11-20,0.042699999999999995
2009-11-23,0.0429
2009-11-24,0.043
2009-11-25,0.0431
2009-11-26,0.0431
2009-11-27,0.042800000000000005
2009-11-30,0.0426
2009-12-01,0.0426
2009-12-02,0.0426
2009-12-03,0.043
2009-12-04,0.042800000000000005
2009-12-07,0.043
2009-12-08,0.042699999999999995
2009-12-09,0.0426
2009-12-10,0.0431
2009-12-11,0.0436
2009-12-14,0.0431
2009-12-15,0.043
2009-12-16,0.0433
2009-12-17,0.0425
2009-12-18,0.04190000000000001
2009-12-21,0.042
2009-12-22,0.042699999999999995
2009-12-23,0.0431
2009-12-28,0.0437
2009-12-29,0.043899999999999995
2009-12-30,0.043899999999999995
2010-01-04,0.0443
2010-01-05,0.043899999999999995
2010-01-06,0.043899999999999995
2010-01-07,0.044199999999999996
2010-01-08,0.044000000000000004
2010-01-11,0.0443
2010-01-12,0.0437
2010-01-13,0.0441
2010-01-14,0.0438
2010-01-15,0.0435
2010-01-18,0.0432
2010-01-19,0.0433
2010-01-20,0.0435
2010-01-21,0.0434
2010-01-22,0.043
2010-01-25,0.0431
2010-01-26,0.042699999999999995
2010-01-27,0.042699999999999995
2010-01-28,0.0425
2010-01-29,0.0421
2010-02-01,0.042
2010-02-02,0.042199999999999994
2010-02-03,0.0424
2010-02-04,0.0425
2010-02-05,0.0418
2010-02-08,0.0407
2010-02-09,0.0414
2010-02-10,0.042
2010-02-11,0.042
2010-02-12,0.042
2010-02-15,0.042199999999999994
2010-02-16,0.042199999999999994
2010-02-17,0.0425
2010-02-18,0.042699999999999995
2010-02-19,0.0426
2010-02-22,0.043
2010-02-23,0.0424
2010-02-24,0.0415
2010-02-25,0.0414
2010-02-26,0.0414
2010-03-01,0.041299999999999996
2010-03-02,0.0415
2010-03-03,0.0416
2010-03-04,0.042
2010-03-05,0.0418
2010-03-08,0.04190000000000001
2010-03-09,0.042
2010-03-10,0.04190000000000001
2010-03-11,0.0418
2010-03-12,0.0421
2010-03-15,0.0417
2010-03-16,0.042
2010-03-17,0.0415
2010-03-18,0.0416
2010-03-19,0.0418
2010-03-22,0.0415
2010-03-23,0.040999999999999995
2010-03-24,0.0409
2010-03-25,0.0412
2010-03-26,0.0414
2010-03-29,0.0414
2010-03-30,0.0412
2010-03-31,0.0407
2010-04-01,0.0407
2010-04-06,0.0405
2010-04-07,0.0403
2010-04-08,0.0403
2010-04-09,0.0406
2010-04-12,0.0412
2010-04-13,0.0412
2010-04-14,0.0412
2010-04-15,0.0409
2010-04-16,0.0409
2010-04-19,0.0408
2010-04-20,0.0408
2010-04-21,0.0409
2010-04-22,0.0408
2010-04-23,0.0404
2010-04-26,0.0401
2010-04-27,0.0397
2010-04-28,0.0384
2010-04-29,0.039
2010-04-30,0.0392
2010-05-03,0.0393
2010-05-04,0.0391
2010-05-05,0.0382
2010-05-06,0.0379
2010-05-07,0.0365
2010-05-10,0.0395
2010-05-11,0.038900000000000004
2010-05-12,0.0405
2010-05-13,0.039599999999999996
2010-05-14,0.039
2010-05-17,0.0387
2010-05-18,0.0385
2010-05-19,0.0378
2010-05-20,0.037599999999999995
2010-05-21,0.0364
2010-05-24,0.0358
2010-05-25,0.0348
2010-05-26,0.0358
2010-05-27,0.0358
2010-05-28,0.0363
2010-05-31,0.035699999999999996
2010-06-01,0.0348
2010-06-02,0.0353
2010-06-03,0.036000000000000004
2010-06-04,0.0358
2010-06-07,0.035
2010-06-08,0.0349
2010-06-09,0.0346
2010-06-10,0.0349
2010-06-11,0.0355
2010-06-14,0.0356
2010-06-15,0.0359
2010-06-16,0.036000000000000004
2010-06-17,0.0366
2010-06-18,0.0362
2010-06-21,0.0366
2010-06-22,0.0361
2010-06-23,0.0358
2010-06-24,0.0354
2010-06-25,0.0353
2010-06-28,0.035699999999999996
2010-06-29,0.0344
2010-06-30,0.0349
2010-07-01,0.0346
2010-07-02,0.0344
2010-07-05,0.0344
2010-07-06,0.0345
2010-07-07,0.0346
2010-07-08,0.0345
2010-07-09,0.035
2010-07-12,0.0342
2010-07-13,0.0345
2010-07-14,0.035
2010-07-15,0.0351
2010-07-16,0.035
2010-07-19,0.035699999999999996
2010-07-20,0.036000000000000004
2010-07-21,0.0359
2010-07-22,0.0356
2010-07-23,0.0361
2010-07-26,0.0362
2010-07-27,0.0358
2010-07-28,0.0361
2010-07-29,0.0363
2010-07-30,0.0358
2010-08-02,0.0358
2010-08-03,0.0356
2010-08-04,0.0347
2010-08-05,0.0346
2010-08-06,0.0342
2010-08-09,0.0338
2010-08-10,0.034300000000000004
2010-08-11,0.034
2010-08-12,0.0336
2010-08-13,0.0336
2010-08-16,0.0329
2010-08-17,0.0323
2010-08-18,0.0316
2010-08-19,0.032
2010-08-20,0.031200000000000002
2010-08-23,0.0308
2010-08-24,0.0304
2010-08-25,0.0292
2010-08-26,0.0286
2010-08-27,0.0274
2010-08-30,0.0281
2010-08-31,0.027999999999999997
2010-09-01,0.0288
2010-09-02,0.030299999999999997
2010-09-03,0.0308
2010-09-06,0.031400000000000004
2010-09-07,0.030600000000000002
2010-09-08,0.029500000000000002
2010-09-09,0.030699999999999998
2010-09-10,0.030899999999999997
2010-09-13,0.032400000000000005
2010-09-14,0.0313
2010-09-15,0.0319
2010-09-16,0.0329
2010-09-17,0.0333
2010-09-20,0.033
2010-09-21,0.0326
2010-09-22,0.031200000000000002
2010-09-23,0.0311
2010-09-24,0.031
2010-09-27,0.0313
2010-09-28,0.030899999999999997
2010-09-29,0.0304
2010-09-30,0.030600000000000002
2010-10-01,0.030600000000000002
2010-10-04,0.0301
2010-10-05,0.0302
2010-10-06,0.0304
2010-10-07,0.030699999999999998
2010-10-08,0.030699999999999998
2010-10-11,0.030899999999999997
2010-10-12,0.030299999999999997
2010-10-13,0.031
2010-10-14,0.031200000000000002
2010-10-15,0.0317
2010-10-18,0.0319
2010-10-19,0.0322
2010-10-20,0.0317
2010-10-21,0.0318
2010-10-22,0.0318
2010-10-25,0.0316
2010-10-26,0.0317
2010-10-27,0.032
2010-10-28,0.032400000000000005
2010-10-29,0.0321
2010-11-01,0.0313
2010-11-02,0.030899999999999997
2010-11-03,0.0304
2010-11-04,0.0317
2010-11-05,0.0311
2010-11-08,0.0313
2010-11-09,0.0311
2010-11-10,0.0317
2010-11-11,0.031400000000000004
2010-11-12,0.0323
2010-11-15,0.032799999999999996
2010-11-16,0.0329
2010-11-17,0.0332
2010-11-18,0.0338
2010-11-19,0.0341
2010-11-22,0.034
2010-11-23,0.0334
2010-11-24,0.032799999999999996
2010-11-25,0.0337
2010-11-26,0.0338
2010-11-29,0.034300000000000004
2010-11-30,0.0334
2010-12-01,0.0341
2010-12-02,0.0346
2010-12-03,0.0348
2010-12-06,0.0354
2010-12-07,0.0361
2010-12-08,0.037000000000000005
2010-12-09,0.036000000000000004
2010-12-10,0.0358
2010-12-13,0.0359
2010-12-14,0.0364
2010-12-15,0.0371
2010-12-16,0.0371
2010-12-17,0.037000000000000005
2010-12-20,0.036699999999999997
2010-12-21,0.0363
2010-12-22,0.0364
2010-12-23,0.0361
2010-12-27,0.0371
2010-12-28,0.0363
2010-12-29,0.0366
2010-12-30,0.0364
2011-01-03,0.0363
2011-01-04,0.0359
2011-01-05,0.0354
2011-01-06,0.0369
2011-01-07,0.0363
2011-01-10,0.0363
2011-01-11,0.0361
2011-01-12,0.0368
2011-01-13,0.0373
2011-01-14,0.0366
2011-01-17,0.0369
2011-01-18,0.0371
2011-01-19,0.0375
2011-01-20,0.0374
2011-01-21,0.0377
2011-01-24,0.0378
2011-01-25,0.0374
2011-01-26,0.0382
2011-01-27,0.0381
2011-01-28,0.0381
2011-01-31,0.0378
2011-02-01,0.0384
2011-02-02,0.0387
2011-02-03,0.0387
2011-02-04,0.0387
2011-02-07,0.039
2011-02-08,0.039
2011-02-09,0.0395
2011-02-10,0.0395
2011-02-11,0.0395
2011-02-14,0.0397
2011-02-15,0.039900000000000005
2011-02-16,0.0393
2011-02-17,0.0391
2011-02-18,0.038599999999999995
2011-02-21,0.0387
2011-02-22,0.0381
2011-02-23,0.038
2011-02-24,0.0378
2011-02-25,0.0381
2011-02-28,0.0378
2011-03-01,0.0382
2011-03-02,0.0381
2011-03-03,0.0388
2011-03-04,0.0391
2011-03-07,0.0392
2011-03-08,0.0393
2011-03-09,0.0392
2011-03-10,0.0388
2011-03-11,0.0382
2011-03-14,0.0388
2011-03-15,0.0375
2011-03-16,0.0375
2011-03-17,0.0379
2011-03-18,0.0382
2011-03-21,0.038900000000000004
2011-03-22,0.0394
2011-03-23,0.0392
2011-03-24,0.0393
2011-03-25,0.0398
2011-03-28,0.0401
2011-03-29,0.039900000000000005
2011-03-30,0.0401
2011-03-31,0.039900000000000005
2011-04-01,0.0403
2011-04-04,0.0405
2011-04-05,0.0404
2011-04-06,0.0406
2011-04-07,0.0412
2011-04-08,0.041299999999999996
2011-04-11,0.0418
2011-04-12,0.0415
2011-04-13,0.0414
2011-04-14,0.040999999999999995
2011-04-15,0.0409
2011-04-18,0.0403
2011-04-19,0.0398
2011-04-20,0.0401
2011-04-21,0.04019999999999999
2011-04-26,0.0398
2011-04-27,0.0398
2011-04-28,0.0398
2011-04-29,0.0395
2011-05-02,0.0393
2011-05-03,0.0393
2011-05-04,0.0395
2011-05-05,0.04
2011-05-06,0.0388
2011-05-09,0.0384
2011-05-10,0.0383
2011-05-11,0.038599999999999995
2011-05-12,0.0382
2011-05-13,0.0385
2011-05-16,0.0381
2011-05-17,0.038900000000000004
2011-05-18,0.0384
2011-05-19,0.0385
2011-05-20,0.0384
2011-05-23,0.0375
2011-05-24,0.0379
2011-05-25,0.0378
2011-05-26,0.0379
2011-05-27,0.0373
2011-05-30,0.0373
2011-05-31,0.0377
2011-06-01,0.038
2011-06-02,0.0375
2011-06-03,0.0377
2011-06-06,0.0377
2011-06-07,0.038
2011-06-08,0.0383
2011-06-09,0.038
2011-06-10,0.038
2011-06-13,0.037599999999999995
2011-06-14,0.0377
2011-06-15,0.0384
2011-06-16,0.0377
2011-06-17,0.0381
2011-06-20,0.0379
2011-06-21,0.0385
2011-06-22,0.0391
2011-06-23,0.0387
2011-06-24,0.0381
2011-06-27,0.0383
2011-06-28,0.0384
2011-06-29,0.0392
2011-06-30,0.039900000000000005
2011-07-01,0.0398
2011-07-04,0.0392
2011-07-05,0.039
2011-07-06,0.0382
2011-07-07,0.0383
2011-07-08,0.0381
2011-07-11,0.0362
2011-07-12,0.035
2011-07-13,0.0363
2011-07-14,0.036699999999999997
2011-07-15,0.0363
2011-07-18,0.0354
2011-07-19,0.0362
2011-07-20,0.0371
2011-07-21,0.0374
2011-07-22,0.0387
2011-07-25,0.0378
2011-07-26,0.0373
2011-07-27,0.0366
2011-07-28,0.0359
2011-07-29,0.0361
2011-08-01,0.0358
2011-08-02,0.0347
2011-08-03,0.0344
2011-08-04,0.034300000000000004
2011-08-05,0.0335
2011-08-08,0.0339
2011-08-09,0.0334
2011-08-10,0.0338
2011-08-11,0.0332
2011-08-12,0.0339
2011-08-15,0.034300000000000004
2011-08-16,0.0347
2011-08-17,0.0346
2011-08-18,0.0333
2011-08-19,0.032400000000000005
2011-08-22,0.032
2011-08-23,0.0325
2011-08-24,0.032400000000000005
2011-08-25,0.0334
2011-08-26,0.0332
2011-08-29,0.0329
2011-08-30,0.0332
2011-08-31,0.0333
2011-09-01,0.0335
2011-09-02,0.0329
2011-09-05,0.0317
2011-09-06,0.0322
2011-09-07,0.0315
2011-09-08,0.0311
2011-09-09,0.0305
2011-09-12,0.0291
2011-09-13,0.0288
2011-09-14,0.0287
2011-09-15,0.0304
2011-09-16,0.0304
2011-09-19,0.0287
2011-09-20,0.0285
2011-09-21,0.028900000000000002
2011-09-22,0.027000000000000003
2011-09-23,0.0269
2011-09-26,0.0274
2011-09-27,0.0286
2011-09-28,0.029500000000000002
2011-09-29,0.0294
2011-09-30,0.028999999999999998
2011-10-03,0.0282
2011-10-04,0.0274
2011-10-05,0.0276
2011-10-06,0.0291
2011-10-07,0.0296
2011-10-10,0.0304
2011-10-11,0.03
2011-10-12,0.0313
2011-10-13,0.031400000000000004
2011-10-14,0.031400000000000004
2011-10-17,0.0319
2011-10-18,0.0305
2011-10-19,0.031
2011-10-20,0.030899999999999997
2011-10-21,0.0302
2011-10-24,0.0302
2011-10-25,0.030899999999999997
2011-10-26,0.0305
2011-10-27,0.0308
2011-10-28,0.0323
2011-10-31,0.031400000000000004
2011-11-01,0.0291
2011-11-02,0.0297
2011-11-03,0.029900000000000003
2011-11-04,0.03
2011-11-07,0.0288
2011-11-08,0.028900000000000002
2011-11-09,0.0277
2011-11-10,0.0275
2011-11-11,0.0279
2011-11-14,0.0278
2011-11-15,0.0271
2011-11-16,0.027200000000000002
2011-11-17,0.027000000000000003
2011-11-18,0.028300000000000002
2011-11-21,0.0279
2011-11-22,0.0286
2011-11-23,0.029300000000000003
2011-11-24,0.030899999999999997
2011-11-25,0.0311
2011-11-28,0.0316
2011-11-29,0.0321
2011-11-30,0.0323
2011-12-01,0.0321
2011-12-02,0.0304
2011-12-05,0.0304
2011-12-06,0.0302
2011-12-07,0.0294
2011-12-08,0.0291
2011-12-09,0.0288
2011-12-12,0.028300000000000002
2011-12-13,0.0278
2011-12-14,0.027000000000000003
2011-12-15,0.026099999999999998
2011-12-16,0.0268
2011-12-19,0.0265
2011-12-20,0.026699999999999998
2011-12-21,0.0278
2011-12-22,0.027200000000000002
2011-12-23,0.0268
2011-12-27,0.026699999999999998
2011-12-28,0.026600000000000002
2011-12-29,0.0263
2011-12-30,0.026000000000000002
2012-01-02,0.0264
2012-01-03,0.0273
2012-01-04,0.0274
2012-01-05,0.0269
2012-01-06,0.0268
2012-01-09,0.027000000000000003
2012-01-10,0.0268
2012-01-11,0.0268
2012-01-12,0.026600000000000002
2012-01-13,0.0259
2012-01-16,0.025699999999999997
2012-01-17,0.0262
2012-01-18,0.026600000000000002
2012-01-19,0.026699999999999998
2012-01-20,0.027200000000000002
2012-01-23,0.0277
2012-01-24,0.0287
2012-01-25,0.028399999999999998
2012-01-26,0.0281
2012-01-27,0.0279
2012-01-30,0.0274
2012-01-31,0.0276
2012-02-01,0.0273
2012-02-02,0.0268
2012-02-03,0.027200000000000002
2012-02-06,0.0274
2012-02-07,0.0271
2012-02-08,0.0282
2012-02-09,0.028300000000000002
2012-02-10,0.0286
2012-02-13,0.028399999999999998
2012-02-14,0.0282
2012-02-15,0.0278
2012-02-16,0.026699999999999998
2012-02-17,0.0273
2012-02-20,0.0276
2012-02-21,0.0278
2012-02-22,0.0277
2012-02-23,0.0273
2012-02-24,0.0271
2012-02-27,0.027000000000000003
2012-02-28,0.026699999999999998
2012-02-29,0.0269
2012-03-01,0.0268
2012-03-02,0.0269
2012-03-05,0.026699999999999998
2012-03-06,0.0268
2012-03-07,0.027000000000000003
2012-03-08,0.0269
2012-03-09,0.027000000000000003
2012-03-12,0.0268
2012-03-13,0.027000000000000003
2012-03-14,0.0282
2012-03-15,0.0291
2012-03-16,0.028900000000000002
2012-03-19,0.0292
2012-03-20,0.028900000000000002
2012-03-21,0.0291
2012-03-22,0.0277
2012-03-23,0.0274
2012-03-26,0.0273
2012-03-27,0.027999999999999997
2012-03-28,0.0276
2012-03-29,0.0275
2012-03-30,0.027200000000000002
2012-04-02,0.027200000000000002
2012-04-03,0.027000000000000003
2012-04-04,0.0271
2012-04-05,0.0268
2012-04-10,0.0265
2012-04-11,0.0264
2012-04-12,0.0265
2012-04-13,0.0264
2012-04-16,0.0262
2012-04-17,0.026600000000000002
2012-04-18,0.0264
2012-04-19,0.0264
2012-04-20,0.0263
2012-04-23,0.026099999999999998
2012-04-24,0.026699999999999998
2012-04-25,0.026699999999999998
2012-04-26,0.0268
2012-04-27,0.0265
2012-04-30,0.0265
2012-05-02,0.026099999999999998
2012-05-03,0.026000000000000002
2012-05-04,0.026000000000000002
2012-05-07,0.0256
2012-05-08,0.0254
2012-05-09,0.025099999999999997
2012-05-10,0.0246
2012-05-11,0.024700000000000003
2012-05-14,0.0233
2012-05-15,0.023799999999999998
2012-05-16,0.023700000000000002
2012-05-17,0.023700000000000002
2012-05-18,0.0232
2012-05-21,0.0235
2012-05-22,0.0233
2012-05-23,0.023
2012-05-24,0.0213
2012-05-25,0.0223
2012-05-28,0.022099999999999998
2012-05-29,0.0217
2012-05-30,0.0209
2012-05-31,0.0204
2012-06-01,0.0187
2012-06-04,0.019
2012-06-05,0.0189
2012-06-06,0.02
2012-06-07,0.0215
2012-06-08,0.0209
2012-06-11,0.022000000000000002
2012-06-12,0.0223
2012-06-13,0.024
2012-06-14,0.024700000000000003
2012-06-15,0.0239
2012-06-18,0.022400000000000003
2012-06-19,0.023399999999999997
2012-06-20,0.0246
2012-06-21,0.024700000000000003
2012-06-22,0.0236
2012-06-25,0.0236
2012-06-26,0.024300000000000002
2012-06-27,0.0246
2012-06-28,0.024399999999999998
2012-06-29,0.0255
2012-07-02,0.0256
2012-07-03,0.0259
2012-07-04,0.0255
2012-07-05,0.025
2012-07-06,0.024700000000000003
2012-07-09,0.023700000000000002
2012-07-10,0.0236
2012-07-11,0.023700000000000002
2012-07-12,0.0231
2012-07-13,0.0226
2012-07-16,0.022799999999999997
2012-07-17,0.023
2012-07-18,0.0223
2012-07-19,0.0223
2012-07-20,0.0223
2012-07-23,0.0219
2012-07-24,0.0231
2012-07-25,0.023399999999999997
2012-07-26,0.0226
2012-07-27,0.023399999999999997
2012-07-30,0.023799999999999998
2012-07-31,0.023799999999999998
2012-08-01,0.0232
2012-08-02,0.0233
2012-08-03,0.0226
2012-08-06,0.0233
2012-08-07,0.023700000000000002
2012-08-08,0.024
2012-08-09,0.024399999999999998
2012-08-10,0.023700000000000002
2012-08-13,0.0242
2012-08-14,0.0242
2012-08-15,0.0248
2012-08-16,0.025099999999999997
2012-08-17,0.0248
2012-08-20,0.025
2012-08-21,0.0248
2012-08-22,0.0245
2012-08-23,0.023399999999999997
2012-08-24,0.0229
2012-08-27,0.0229
2012-08-28,0.023
2012-08-29,0.0226
2012-08-30,0.023
2012-08-31,0.023
2012-09-03,0.0225
2012-09-04,0.0233
2012-09-05,0.0232
2012-09-06,0.0246
2012-09-07,0.0258
2012-09-10,0.0253
2012-09-11,0.0255
2012-09-12,0.0265
2012-09-13,0.0259
2012-09-14,0.0269
2012-09-17,0.026699999999999998
2012-09-18,0.026699999999999998
2012-09-19,0.026000000000000002
2012-09-20,0.025699999999999997
2012-09-21,0.026000000000000002
2012-09-24,0.025699999999999997
2012-09-25,0.0253
2012-09-26,0.0252
2012-09-27,0.0242
2012-09-28,0.024300000000000002
2012-10-01,0.024399999999999998
2012-10-02,0.0248
2012-10-03,0.024700000000000003
2012-10-04,0.024399999999999998
2012-10-05,0.024900000000000002
2012-10-08,0.024900000000000002
2012-10-09,0.024900000000000002
2012-10-10,0.024900000000000002
2012-10-11,0.0246
2012-10-12,0.0245
2012-10-15,0.0246
2012-10-16,0.025
2012-10-17,0.0259
2012-10-18,0.0264
2012-10-19,0.026000000000000002
2012-10-22,0.026000000000000002
2012-10-23,0.026000000000000002
2012-10-24,0.0256
2012-10-25,0.0263
2012-10-26,0.0255
2012-10-29,0.0252
2012-10-30,0.025
2012-10-31,0.025099999999999997
2012-11-01,0.0245
2012-11-02,0.024300000000000002
2012-11-05,0.024
2012-11-06,0.0242
2012-11-07,0.0241
2012-11-08,0.023799999999999998
2012-11-09,0.0235
2012-11-12,0.0236
2012-11-13,0.0235
2012-11-14,0.023799999999999998
2012-11-15,0.0239
2012-11-16,0.0242
2012-11-19,0.0242
2012-11-20,0.024399999999999998
2012-11-21,0.0246
2012-11-22,0.025
2012-11-23,0.025
2012-11-26,0.025
2012-11-27,0.024900000000000002
2012-11-28,0.0245
2012-11-29,0.0246
2012-11-30,0.024399999999999998
2012-12-03,0.024399999999999998
2012-12-04,0.025
2012-12-05,0.0242
2012-12-06,0.0242
2012-12-07,0.024
2012-12-10,0.024
2012-12-11,0.0242
2012-12-12,0.024300000000000002
2012-12-13,0.023799999999999998
2012-12-14,0.024
2012-12-17,0.0242
2012-12-18,0.0242
2012-12-19,0.0246
2012-12-20,0.024399999999999998
2012-12-21,0.0239
2012-12-27,0.0239
2012-12-28,0.0229
2013-01-02,0.024300000000000002
2013-01-03,0.0246
2013-01-04,0.0258
2013-01-07,0.025699999999999997
2013-01-08,0.0253
2013-01-09,0.024900000000000002
2013-01-10,0.0254
2013-01-11,0.0259
2013-01-14,0.0259
2013-01-15,0.0256
2013-01-16,0.0256
2013-01-17,0.0258
2013-01-18,0.0254
2013-01-21,0.025099999999999997
2013-01-22,0.0255
2013-01-23,0.0253
2013-01-24,0.025
2013-01-25,0.0259
2013-01-28,0.026099999999999998
2013-01-29,0.0259
2013-01-30,0.0262
2013-01-31,0.0253
2013-02-01,0.025699999999999997
2013-02-04,0.0259
2013-02-05,0.0253
2013-02-06,0.0254
2013-02-07,0.0258
2013-02-08,0.0255
2013-02-11,0.0256
2013-02-12,0.025699999999999997
2013-02-13,0.0258
2013-02-14,0.0259
2013-02-15,0.0258
2013-02-18,0.0258
2013-02-19,0.0258
2013-02-20,0.0263
2013-02-21,0.026000000000000002
2013-02-22,0.026099999999999998
2013-02-25,0.0258
2013-02-26,0.025
2013-02-27,0.024900000000000002
2013-02-28,0.024900000000000002
2013-03-01,0.024900000000000002
2013-03-04,0.0245
2013-03-05,0.024900000000000002
2013-03-06,0.025099999999999997
2013-03-07,0.025099999999999997
2013-03-08,0.0252
2013-03-11,0.0253
2013-03-12,0.0255
2013-03-13,0.0253
2013-03-14,0.0254
2013-03-15,0.0256
2013-03-18,0.024900000000000002
2013-03-19,0.0245
2013-03-20,0.0241
2013-03-21,0.024399999999999998
2013-03-22,0.0236
2013-03-25,0.0246
2013-03-26,0.024399999999999998
2013-03-27,0.024
2013-03-28,0.023799999999999998
2013-04-02,0.0242
2013-04-03,0.0245
2013-04-04,0.0245
2013-04-05,0.023700000000000002
2013-04-08,0.022400000000000003
2013-04-09,0.0233
2013-04-10,0.0235
2013-04-11,0.024
2013-04-12,0.023700000000000002
2013-04-15,0.024
2013-04-16,0.023700000000000002
2013-04-17,0.0241
2013-04-18,0.0239
2013-04-19,0.023799999999999998
2013-04-22,0.024
2013-04-23,0.0232
2013-04-24,0.0235
2013-04-25,0.0233
2013-04-26,0.0232
2013-04-29,0.0229
2013-04-30,0.0226
2013-05-02,0.0227
2013-05-03,0.0229
2013-05-06,0.0236
2013-05-07,0.023799999999999998
2013-05-08,0.0239
2013-05-09,0.0236
2013-05-10,0.024399999999999998
2013-05-13,0.0246
2013-05-14,0.024700000000000003
2013-05-15,0.024700000000000003
2013-05-16,0.024900000000000002
2013-05-17,0.0242
2013-05-20,0.0248
2013-05-21,0.025
2013-05-22,0.024900000000000002
2013-05-23,0.025
2013-05-24,0.025099999999999997
2013-05-27,0.025
2013-05-28,0.025099999999999997
2013-05-29,0.0256
2013-05-30,0.0253
2013-05-31,0.0253
2013-06-03,0.0259
2013-06-04,0.0259
2013-06-05,0.0259
2013-06-06,0.0254
2013-06-07,0.0253
2013-06-10,0.0253
2013-06-11,0.026099999999999998
2013-06-12,0.026000000000000002
2013-06-13,0.0256
2013-06-14,0.0255
2013-06-17,0.0258
2013-06-18,0.026000000000000002
2013-06-19,0.026000000000000002
2013-06-20,0.0263
2013-06-21,0.026600000000000002
2013-06-24,0.0268
2013-06-25,0.0268
2013-06-26,0.0268
2013-06-27,0.0269
2013-06-28,0.0265
2013-07-01,0.0268
2013-07-02,0.0264
2013-07-03,0.0258
2013-07-04,0.026000000000000002
2013-07-05,0.0265
2013-07-08,0.027000000000000003
2013-07-09,0.0268
2013-07-10,0.0262
2013-07-11,0.026099999999999998
2013-07-12,0.0259
2013-07-15,0.025699999999999997
2013-07-16,0.0258
2013-07-17,0.0259
2013-07-18,0.0254
2013-07-19,0.0256
2013-07-22,0.025699999999999997
2013-07-23,0.025699999999999997
2013-07-24,0.0259
2013-07-25,0.0263
2013-07-26,0.0269
2013-07-29,0.027000000000000003
2013-07-30,0.026699999999999998
2013-07-31,0.026699999999999998
2013-08-01,0.026099999999999998
2013-08-02,0.0268
2013-08-05,0.0264
2013-08-06,0.0269
2013-08-07,0.026600000000000002
2013-08-08,0.026600000000000002
2013-08-09,0.026699999999999998
2013-08-12,0.0269
2013-08-13,0.0275
2013-08-14,0.0278
2013-08-15,0.027999999999999997
2013-08-16,0.028399999999999998
2013-08-19,0.0286
2013-08-20,0.028399999999999998
2013-08-21,0.028399999999999998
2013-08-22,0.028999999999999998
2013-08-23,0.0291
2013-08-26,0.0286
2013-08-27,0.0282
2013-08-28,0.0281
2013-08-29,0.028300000000000002
2013-08-30,0.028300000000000002
2013-09-02,0.0287
2013-09-03,0.0288
2013-09-04,0.0291
2013-09-05,0.029300000000000003
2013-09-06,0.0294
2013-09-09,0.0292
2013-09-10,0.0296
2013-09-11,0.029900000000000003
2013-09-12,0.0296
2013-09-13,0.0296
2013-09-16,0.028900000000000002
2013-09-17,0.0292
2013-09-18,0.029500000000000002
2013-09-19,0.0292
2013-09-20,0.029900000000000003
2013-09-23,0.0298
2013-09-24,0.0292
2013-09-25,0.0288
2013-09-26,0.0286
2013-09-27,0.028300000000000002
2013-09-30,0.027999999999999997
2013-10-01,0.028300000000000002
2013-10-02,0.0282
2013-10-03,0.028900000000000002
2013-10-04,0.028999999999999998
2013-10-07,0.0291
2013-10-08,0.0291
2013-10-09,0.028900000000000002
2013-10-10,0.0294
2013-10-11,0.0296
2013-10-14,0.0296
2013-10-15,0.029900000000000003
2013-10-16,0.03
2013-10-17,0.0297
2013-10-18,0.0294
2013-10-21,0.029500000000000002
2013-10-22,0.029300000000000003
2013-10-23,0.0287
2013-10-24,0.0288
2013-10-25,0.0286
2013-10-28,0.0285
2013-10-29,0.0285
2013-10-30,0.028399999999999998
2013-10-31,0.0282
2013-11-01,0.028300000000000002
2013-11-04,0.028300000000000002
2013-11-05,0.028399999999999998
2013-11-06,0.0287
2013-11-07,0.028999999999999998
2013-11-08,0.0286
2013-11-11,0.028900000000000002
2013-11-12,0.029500000000000002
2013-11-13,0.0296
2013-11-14,0.0291
2013-11-15,0.0288
2013-11-18,0.0288
2013-11-19,0.0288
2013-11-20,0.0291
2013-11-21,0.029300000000000003
2013-11-22,0.0292
2013-11-25,0.0287
2013-11-26,0.0287
2013-11-27,0.0285
2013-11-28,0.0288
2013-11-29,0.0285
2013-12-02,0.0285
2013-12-03,0.0287
2013-12-04,0.0287
2013-12-05,0.0291
2013-12-06,0.029300000000000003
2013-12-09,0.029300000000000003
2013-12-10,0.0292
2013-12-11,0.0292
2013-12-12,0.0292
2013-12-13,0.028900000000000002
2013-12-16,0.028900000000000002
2013-12-17,0.028900000000000002
2013-12-18,0.0286
2013-12-19,0.0286
2013-12-20,0.028999999999999998
2013-12-23,0.0291
2013-12-27,0.029500000000000002
2013-12-30,0.0297
2014-01-02,0.0296
2014-01-03,0.0297
2014-01-06,0.029500000000000002
2014-01-07,0.0294
2014-01-08,0.029300000000000003
2014-01-09,0.0297
2014-01-10,0.0296
2014-01-13,0.029300000000000003
2014-01-14,0.0291
2014-01-15,0.028900000000000002
2014-01-16,0.028999999999999998
2014-01-17,0.0286
2014-01-20,0.028300000000000002
2014-01-21,0.028300000000000002
2014-01-22,0.028300000000000002
2014-01-23,0.028300000000000002
2014-01-24,0.0276
2014-01-27,0.0276
2014-01-28,0.0276
2014-01-29,0.0276
2014-01-30,0.0271
2014-01-31,0.0268
2014-02-03,0.0268
2014-02-04,0.0268
2014-02-05,0.026600000000000002
2014-02-06,0.0269
2014-02-07,0.027000000000000003
2014-02-10,0.027000000000000003
2014-02-11,0.027200000000000002
2014-02-12,0.0271
2014-02-13,0.027200000000000002
2014-02-14,0.027200000000000002
2014-02-17,0.0275
2014-02-18,0.0273
2014-02-19,0.0273
2014-02-20,0.0274
2014-02-21,0.0275
2014-02-24,0.0276
2014-02-25,0.0275
2014-02-26,0.0273
2014-02-27,0.0264
2014-02-28,0.026699999999999998
2014-03-03,0.0264
2014-03-04,0.0265
2014-03-05,0.0269
2014-03-06,0.027000000000000003
2014-03-07,0.027000000000000003
2014-03-10,0.027200000000000002
2014-03-11,0.027000000000000003
2014-03-12,0.0271
2014-03-13,0.0271
2014-03-14,0.026600000000000002
2014-03-17,0.0268
2014-03-18,0.026699999999999998
2014-03-19,0.0268
2014-03-20,0.0274
2014-03-21,0.027200000000000002
2014-03-24,0.0271
2014-03-25,0.0264
2014-03-26,0.0265
2014-03-27,0.0264
2014-03-28,0.0262
2014-03-31,0.0265
2014-04-01,0.0265
2014-04-02,0.026699999999999998
2014-04-03,0.027000000000000003
2014-04-04,0.027200000000000002
2014-04-07,0.027000000000000003
2014-04-08,0.0268
2014-04-09,0.026699999999999998
2014-04-10,0.0263
2014-04-11,0.0262
2014-04-14,0.026000000000000002
2014-04-15,0.026099999999999998
2014-04-16,0.0258
2014-04-17,0.025699999999999997
2014-04-22,0.026099999999999998
2014-04-23,0.026099999999999998
2014-04-24,0.026099999999999998
2014-04-25,0.025699999999999997
2014-04-28,0.0253
2014-04-29,0.0258
2014-04-30,0.0259
2014-05-02,0.0254
2014-05-05,0.0252
2014-05-06,0.0256
2014-05-07,0.0252
2014-05-08,0.0254
2014-05-09,0.0254
2014-05-12,0.0259
2014-05-13,0.0258
2014-05-14,0.025099999999999997
2014-05-15,0.024900000000000002
2014-05-16,0.024399999999999998
2014-05-19,0.024399999999999998
2014-05-20,0.0246
2014-05-21,0.024900000000000002
2014-05-22,0.024700000000000003
2014-05-23,0.024700000000000003
2014-05-26,0.024900000000000002
2014-05-27,0.024900000000000002
2014-05-28,0.0245
2014-05-29,0.0242
2014-05-30,0.0246
2014-06-02,0.0246
2014-06-03,0.024900000000000002
2014-06-04,0.025
2014-06-05,0.0255
2014-06-06,0.0255
2014-06-09,0.0252
2014-06-10,0.0252
2014-06-11,0.0256
2014-06-12,0.0258
2014-06-13,0.0255
2014-06-16,0.0252
2014-06-17,0.0253
2014-06-18,0.0254
2014-06-19,0.024900000000000002
2014-06-20,0.025
2014-06-23,0.025099999999999997
2014-06-24,0.024900000000000002
2014-06-25,0.024700000000000003
2014-06-26,0.0242
2014-06-27,0.024
2014-06-30,0.023799999999999998
2014-07-01,0.024
2014-07-02,0.024
2014-07-03,0.0245
2014-07-04,0.024399999999999998
2014-07-07,0.024399999999999998
2014-07-08,0.0242
2014-07-09,0.0239
2014-07-10,0.0235
2014-07-11,0.023399999999999997
2014-07-14,0.0235
2014-07-15,0.0233
2014-07-16,0.0231
2014-07-17,0.0229
2014-07-18,0.0227
2014-07-21,0.0226
2014-07-22,0.0227
2014-07-23,0.0227
2014-07-24,0.022799999999999997
2014-07-25,0.022799999999999997
2014-07-28,0.0226
2014-07-29,0.0219
2014-07-30,0.0219
2014-07-31,0.0223
2014-08-01,0.022799999999999997
2014-08-04,0.0223
2014-08-05,0.0223
2014-08-06,0.0219
2014-08-07,0.0216
2014-08-08,0.0207
2014-08-11,0.021099999999999997
2014-08-12,0.0213
2014-08-13,0.0217
2014-08-14,0.0209
2014-08-15,0.0207
2014-08-18,0.020499999999999997
2014-08-19,0.020499999999999997
2014-08-20,0.0203
2014-08-21,0.0202
2014-08-22,0.0199
2014-08-25,0.019799999999999998
2014-08-26,0.0196
2014-08-27,0.0195
2014-08-28,0.019299999999999998
2014-08-29,0.0191
2014-09-01,0.0191
2014-09-02,0.019799999999999998
2014-09-03,0.0203
2014-09-04,0.0202
2014-09-05,0.021099999999999997
2014-09-08,0.0204
2014-09-09,0.0212
2014-09-10,0.0215
2014-09-11,0.0212
2014-09-12,0.021400000000000002
2014-09-15,0.0215
2014-09-16,0.021400000000000002
2014-09-17,0.0217
2014-09-18,0.0216
2014-09-19,0.022000000000000002
2014-09-22,0.0213
2014-09-23,0.0209
2014-09-24,0.0206
2014-09-25,0.0208
2014-09-26,0.0204
2014-09-29,0.0204
2014-09-30,0.020499999999999997
2014-10-01,0.020099999999999996
2014-10-02,0.0199
2014-10-06,0.0196
2014-10-07,0.019799999999999998
2014-10-08,0.0196
2014-10-09,0.0196
2014-10-10,0.0197
2014-10-13,0.0195
2014-10-14,0.0194
2014-10-15,0.0182
2014-10-16,0.0167
2014-10-17,0.018500000000000003
2014-10-20,0.018600000000000002
2014-10-21,0.018600000000000002
2014-10-22,0.018799999999999997
2014-10-23,0.0191
2014-10-24,0.0192
2014-10-27,0.0191
2014-10-28,0.0187
2014-10-29,0.0189
2014-10-30,0.018799999999999997
2014-10-31,0.018500000000000003
2014-11-03,0.018500000000000003
2014-11-04,0.018500000000000003
2014-11-05,0.0187
2014-11-06,0.018799999999999997
2014-11-07,0.0191
2014-11-10,0.018500000000000003
2014-11-11,0.0189
2014-11-12,0.0184
2014-11-13,0.0184
2014-11-14,0.0181
2014-11-17,0.018000000000000002
2014-11-18,0.0182
2014-11-19,0.0183
2014-11-20,0.0183
2014-11-21,0.018000000000000002
2014-11-24,0.0182
2014-11-25,0.018000000000000002
2014-11-26,0.0176
2014-11-27,0.0171
2014-11-28,0.0169
2014-12-01,0.0168
2014-12-02,0.0173
2014-12-03,0.0173
2014-12-04,0.0176
2014-12-05,0.0174
2014-12-08,0.0172
2014-12-09,0.0167
2014-12-10,0.0161
2014-12-11,0.016
2014-12-12,0.0155
2014-12-15,0.0154
2014-12-16,0.015
2014-12-17,0.0148
2014-12-18,0.015
2014-12-19,0.0154
2014-12-22,0.0154
2014-12-23,0.015300000000000001
2014-12-29,0.0149
2014-12-30,0.0148
2015-01-02,0.0146
2015-01-05,0.013999999999999999
2015-01-06,0.013000000000000001
2015-01-07,0.0121
2015-01-08,0.0127
2015-01-09,0.013300000000000001
2015-01-12,0.0127
2015-01-13,0.0121
2015-01-14,0.0124
2015-01-15,0.0123
2015-01-16,0.011699999999999999
2015-01-19,0.011899999999999999
2015-01-20,0.011899999999999999
2015-01-21,0.012199999999999999
2015-01-22,0.0132
2015-01-23,0.0109
2015-01-26,0.0108
2015-01-27,0.011000000000000001
2015-01-28,0.011000000000000001
2015-01-29,0.0102
2015-01-30,0.0101
2015-02-02,0.0092
2015-02-03,0.0095
2015-02-04,0.0098
2015-02-05,0.0095
2015-02-06,0.009399999999999999
2015-02-09,0.009300000000000001
2015-02-10,0.0096
2015-02-11,0.0096
2015-02-12,0.0096
2015-02-13,0.009300000000000001
2015-02-16,0.0096
2015-02-17,0.0096
2015-02-18,0.0102
2015-02-19,0.0105
2015-02-20,0.0108
2015-02-23,0.011399999999999999
2015-02-24,0.011200000000000002
2015-02-25,0.010700000000000001
2015-02-26,0.0101
2015-02-27,0.0106
2015-03-02,0.010700000000000001
2015-03-03,0.010700000000000001
2015-03-04,0.010700000000000001
2015-03-05,0.0108
2015-03-06,0.009899999999999999
2015-03-09,0.009899999999999999
2015-03-10,0.0089
2015-03-11,0.0075
2015-03-12,0.0066
2015-03-13,0.0074
2015-03-16,0.0074
2015-03-17,0.0072
2015-03-18,0.0074
2015-03-19,0.0066
2015-03-20,0.0067
2015-03-23,0.0066
2015-03-24,0.0066
2015-03-25,0.0066
2015-03-26,0.0066
2015-03-27,0.0070999999999999995
2015-03-30,0.006500000000000001
2015-03-31,0.006500000000000001
2015-04-01,0.006500000000000001
2015-04-02,0.006500000000000001
2015-04-07,0.0068000000000000005
2015-04-08,0.0068000000000000005
2015-04-09,0.0068000000000000005
2015-04-10,0.0068000000000000005
2015-04-13,0.0066
2015-04-14,0.0062
2015-04-15,0.0059
2015-04-16,0.0051
2015-04-17,0.0049
2015-04-20,0.0049
2015-04-21,0.0049
2015-04-22,0.0053
2015-04-23,0.0062
2015-04-24,0.0066
2015-04-27,0.0062
2015-04-28,0.006500000000000001
2015-04-29,0.0075
2015-04-30,0.0088
2015-05-04,0.0096
2015-05-05,0.0098
2015-05-06,0.0113
2015-05-07,0.0146
2015-05-08,0.012
2015-05-11,0.0123
2015-05-12,0.0139
2015-05-13,0.013300000000000001
2015-05-14,0.015
2015-05-15,0.013500000000000002
2015-05-18,0.013500000000000002
2015-05-19,0.0125
2015-05-20,0.0126
2015-05-21,0.0134
2015-05-22,0.013000000000000001
2015-05-26,0.0124
2015-05-27,0.0121
2015-05-28,0.0125
2015-05-29,0.011899999999999999
2015-06-01,0.011699999999999999
2015-06-02,0.013000000000000001
2015-06-03,0.0141
2015-06-04,0.0168
2015-06-05,0.0159
2015-06-08,0.0163
2015-06-09,0.0167
2015-06-10,0.0181
2015-06-11,0.0183
2015-06-12,0.0169
2015-06-15,0.016
2015-06-16,0.0155
2015-06-17,0.0161
2015-06-18,0.0152
2015-06-19,0.015600000000000001
2015-06-22,0.0165
2015-06-23,0.0173
2015-06-24,0.0172
2015-06-25,0.0172
2015-06-26,0.0176
2015-06-29,0.0167
2015-06-30,0.017
2015-07-01,0.0175
2015-07-02,0.0184
2015-07-03,0.0179
2015-07-06,0.0165
2015-07-07,0.0163
2015-07-08,0.014499999999999999
2015-07-09,0.0147
2015-07-10,0.0168
2015-07-13,0.0181
2015-07-14,0.0175
2015-07-15,0.0171
2015-07-16,0.0168
2015-07-17,0.016200000000000003
2015-07-20,0.015700000000000002
2015-07-21,0.015300000000000001
2015-07-22,0.0159
2015-07-23,0.0152
2015-07-24,0.0152
2015-07-27,0.014499999999999999
2015-07-28,0.0149
2015-07-29,0.0147
2015-07-30,0.0149
2015-07-31,0.0146
2015-08-03,0.0141
2015-08-04,0.0139
2015-08-05,0.0146
2015-08-06,0.015300000000000001
2015-08-07,0.0154
2015-08-10,0.0147
2015-08-11,0.0146
2015-08-12,0.013600000000000001
2015-08-13,0.0138
2015-08-14,0.0138
2015-08-17,0.0138
2015-08-18,0.0138
2015-08-19,0.0139
2015-08-20,0.0137
2015-08-21,0.0132
2015-08-24,0.0129
2015-08-25,0.013600000000000001
2015-08-26,0.0141
2015-08-27,0.0148
2015-08-28,0.0149
2015-08-31,0.0149
2015-09-01,0.015700000000000002
2015-09-02,0.015300000000000001
2015-09-03,0.0154
2015-09-04,0.0147
2015-09-07,0.0146
2015-09-08,0.015
2015-09-09,0.0154
2015-09-10,0.0151
2015-09-11,0.0152
2015-09-14,0.0149
2015-09-15,0.0151
2015-09-16,0.0158
2015-09-17,0.016
2015-09-18,0.0147
2015-09-21,0.0147
2015-09-22,0.0146
2015-09-23,0.0143
2015-09-24,0.013999999999999999
2015-09-25,0.0143
2015-09-28,0.014199999999999999
2015-09-29,0.0139
2015-09-30,0.0141
2015-10-01,0.0141
2015-10-02,0.0139
2015-10-05,0.013600000000000001
2015-10-06,0.014199999999999999
2015-10-07,0.0146
2015-10-08,0.0138
2015-10-09,0.0143
2015-10-12,0.0143
2015-10-13,0.0138
2015-10-14,0.013999999999999999
2015-10-15,0.0137
2015-10-16,0.0137
2015-10-19,0.0139
2015-10-20,0.0141
2015-10-21,0.0144
2015-10-22,0.013999999999999999
2015-10-23,0.013500000000000002
2015-10-26,0.0134
2015-10-27,0.013300000000000001
2015-10-28,0.0124
2015-10-29,0.0125
2015-10-30,0.013000000000000001
2015-11-02,0.0138
2015-11-03,0.0138
2015-11-04,0.0144
2015-11-05,0.014499999999999999
2015-11-06,0.015300000000000001
2015-11-09,0.0166
2015-11-10,0.0159
2015-11-11,0.0159
2015-11-12,0.015600000000000001
2015-11-13,0.0152
2015-11-16,0.0152
2015-11-17,0.0146
2015-11-18,0.0143
2015-11-19,0.0139
2015-11-20,0.0138
2015-11-23,0.0137
2015-11-24,0.0137
2015-11-25,0.0138
2015-11-26,0.0139
2015-11-27,0.0137
2015-11-30,0.013999999999999999
2015-12-01,0.0147
2015-12-02,0.0143
2015-12-03,0.0146
2015-12-04,0.0154
2015-12-07,0.0152
2015-12-08,0.0149
2015-12-09,0.0144
2015-12-10,0.015
2015-12-11,0.0146
2015-12-14,0.014499999999999999
2015-12-15,0.0152
2015-12-16,0.0149
2015-12-17,0.0144
2015-12-18,0.013999999999999999
2015-12-21,0.0139
2015-12-22,0.014199999999999999
2015-12-23,0.0148
2015-12-28,0.0151
2015-12-29,0.015
2015-12-30,0.0159
2016-01-04,0.0152
2016-01-05,0.0151
2016-01-06,0.014499999999999999
2016-01-07,0.014499999999999999
2016-01-08,0.015
2016-01-11,0.0147
2016-01-12,0.0151
2016-01-13,0.013999999999999999
2016-01-14,0.013600000000000001
2016-01-15,0.013999999999999999
2016-01-18,0.013999999999999999
2016-01-19,0.014199999999999999
2016-01-20,0.0134
2016-01-21,0.0129
2016-01-22,0.013500000000000002
2016-01-25,0.0132
2016-01-26,0.0128
2016-01-27,0.0125
2016-01-28,0.0124
2016-01-29,0.011399999999999999
2016-02-01,0.011200000000000002
2016-02-02,0.011200000000000002
2016-02-03,0.011000000000000001
2016-02-04,0.011000000000000001
2016-02-05,0.011000000000000001
2016-02-08,0.0101
2016-02-09,0.0098
2016-02-10,0.0103
2016-02-11,0.0091
2016-02-12,0.009399999999999999
2016-02-15,0.009899999999999999
2016-02-16,0.0101
2016-02-17,0.0101
2016-02-18,0.0101
2016-02-19,0.0095
2016-02-22,0.0096
2016-02-23,0.0092
2016-02-24,0.0086
2016-02-25,0.0088
2016-02-26,0.009000000000000001
2016-02-29,0.0087
2016-03-01,0.0095
2016-03-02,0.0104
2016-03-03,0.0103
2016-03-04,0.0103
2016-03-07,0.0104
2016-03-08,0.0102
2016-03-09,0.0105
2016-03-10,0.0106
2016-03-11,0.0109
2016-03-14,0.0106
2016-03-15,0.010700000000000001
2016-03-16,0.0111
2016-03-17,0.0105
2016-03-18,0.0097
2016-03-21,0.0095
2016-03-22,0.0098
2016-03-23,0.01
2016-03-24,0.009300000000000001
2016-03-29,0.0088
2016-03-30,0.0086
2016-03-31,0.0089
2016-04-01,0.0088
2016-04-04,0.008100000000000001
2016-04-05,0.0076
2016-04-06,0.008
2016-04-07,0.0079
2016-04-08,0.0078000000000000005
2016-04-11,0.0078000000000000005
2016-04-12,0.0089
2016-04-13,0.0091
2016-04-14,0.0088
2016-04-15,0.0087
2016-04-18,0.0085
2016-04-19,0.009300000000000001
2016-04-20,0.0089
2016-04-21,0.0096
2016-04-22,0.0097
2016-04-25,0.0102
2016-04-26,0.0106
2016-04-27,0.0108
2016-04-28,0.0103
2016-04-29,0.0103
2016-05-02,0.0102
2016-05-03,0.0101
2016-05-04,0.0095
2016-05-05,0.009899999999999999
2016-05-06,0.009000000000000001
2016-05-09,0.009000000000000001
2016-05-10,0.0087
2016-05-11,0.0086
2016-05-12,0.0091
2016-05-13,0.0089
2016-05-17,0.0091
2016-05-18,0.0089
2016-05-19,0.0095
2016-05-20,0.0092
2016-05-23,0.0091
2016-05-24,0.009399999999999999
2016-05-25,0.009399999999999999
2016-05-26,0.0091
2016-05-27,0.0088
2016-05-30,0.009300000000000001
2016-05-31,0.009300000000000001
2016-06-01,0.0088
2016-06-02,0.009000000000000001
2016-06-03,0.0083
2016-06-06,0.0077
2016-06-07,0.0077
2016-06-08,0.0070999999999999995
2016-06-09,0.0067
2016-06-10,0.0063
2016-06-13,0.0059
2016-06-14,0.005600000000000001
2016-06-15,0.0059
2016-06-16,0.0053
2016-06-17,0.005600000000000001
2016-06-20,0.006500000000000001
2016-06-21,0.0068000000000000005
2016-06-22,0.0067
2016-06-23,0.0067
2016-06-24,0.0048
2016-06-27,0.0039000000000000003
2016-06-28,0.0043
2016-06-29,0.0042
2016-06-30,0.0042
2016-07-01,0.0038
2016-07-04,0.0043
2016-07-05,0.0038
2016-07-06,0.003
2016-07-07,0.0038
2016-07-08,0.0038
2016-07-11,0.0034000000000000002
2016-07-12,0.0044
2016-07-13,0.0046
2016-07-14,0.0044
2016-07-15,0.0049
2016-07-18,0.0052
2016-07-19,0.005
2016-07-20,0.0052
2016-07-21,0.005600000000000001
2016-07-22,0.0053
2016-07-25,0.0051
2016-07-26,0.0044
2016-07-27,0.0046
2016-07-28,0.0038
2016-07-29,0.0039000000000000003
2016-08-01,0.0034000000000000002
2016-08-02,0.004
2016-08-03,0.0043
2016-08-04,0.0044
2016-08-05,0.0040999999999999995
2016-08-08,0.0045000000000000005
2016-08-09,0.0045000000000000005
2016-08-10,0.0040999999999999995
2016-08-11,0.004
2016-08-12,0.0042
2016-08-15,0.0040999999999999995
2016-08-16,0.0042
2016-08-17,0.0048
2016-08-18,0.0044
2016-08-19,0.0040999999999999995
2016-08-22,0.0045000000000000005
2016-08-23,0.0042
2016-08-24,0.0040999999999999995
2016-08-25,0.0043
2016-08-26,0.0046
2016-08-29,0.0049
2016-08-30,0.0046
2016-08-31,0.0043
2016-09-01,0.0049
2016-09-02,0.005
2016-09-05,0.0054
2016-09-06,0.0052
2016-09-07,0.0043
2016-09-08,0.0044
2016-09-09,0.005699999999999999
2016-09-12,0.0064
2016-09-13,0.006
2016-09-14,0.0067
2016-09-15,0.0066
2016-09-16,0.0063
2016-09-19,0.0067
2016-09-20,0.006
2016-09-21,0.005699999999999999
2016-09-22,0.0053
2016-09-23,0.0048
2016-09-26,0.0046
2016-09-27,0.0042
2016-09-28,0.0043
2016-09-29,0.0045000000000000005
2016-09-30,0.004
2016-10-04,0.0048
2016-10-05,0.0055000000000000005
2016-10-06,0.005600000000000001
2016-10-07,0.0067
2016-10-10,0.0068000000000000005
2016-10-11,0.0069
2016-10-12,0.0068000000000000005
2016-10-13,0.0068000000000000005
2016-10-14,0.0068000000000000005
2016-10-17,0.0074
2016-10-18,0.006999999999999999
2016-10-19,0.0066
2016-10-20,0.0067
2016-10-21,0.006
2016-10-24,0.0062
2016-10-25,0.0067
2016-10-26,0.0068000000000000005
2016-10-27,0.008199999999999999
2016-10-28,0.0084
2016-10-31,0.008199999999999999
2016-11-01,0.0085
2016-11-02,0.0076
2016-11-03,0.008
2016-11-04,0.0078000000000000005
2016-11-07,0.0078000000000000005
2016-11-08,0.0077
2016-11-09,0.008199999999999999
2016-11-10,0.009000000000000001
2016-11-11,0.0098
2016-11-14,0.0104
2016-11-15,0.0096
2016-11-16,0.009899999999999999
2016-11-17,0.0091
2016-11-18,0.0095
2016-11-21,0.0096
2016-11-22,0.0089
2016-11-23,0.0088
2016-11-24,0.0091
2016-11-25,0.009300000000000001
2016-11-28,0.0089
2016-11-29,0.0088
2016-11-30,0.0088
2016-12-01,0.0102
2016-12-02,0.0105
2016-12-05,0.0102
2016-12-06,0.0103
2016-12-07,0.0106
2016-12-08,0.0109
2016-12-09,0.012199999999999999
2016-12-12,0.0127
2016-12-13,0.012
2016-12-14,0.0116
2016-12-15,0.011899999999999999
2016-12-16,0.0111
2016-12-19,0.0111
2016-12-20,0.0104
2016-12-21,0.01
2016-12-22,0.009899999999999999
2016-12-23,0.009899999999999999
2016-12-27,0.0095
2016-12-28,0.009300000000000001
2016-12-29,0.0092
2016-12-30,0.0096
2017-01-02,0.0095
2017-01-03,0.0104
2017-01-04,0.0106
2017-01-05,0.010700000000000001
2017-01-06,0.0102
2017-01-09,0.0109
2017-01-10,0.011000000000000001
2017-01-11,0.0109
2017-01-12,0.0104
2017-01-13,0.011000000000000001
2017-01-16,0.011200000000000002
2017-01-17,0.0106
2017-01-18,0.011200000000000002
2017-01-19,0.011699999999999999
2017-01-20,0.0123
2017-01-23,0.0123
2017-01-24,0.011899999999999999
2017-01-25,0.0125
2017-01-26,0.013000000000000001
2017-01-27,0.0123
2017-01-30,0.0125
2017-01-31,0.0124
2017-02-01,0.0123
2017-02-02,0.0124
2017-02-03,0.0124
2017-02-06,0.0123
2017-02-07,0.0118
2017-02-08,0.0116
2017-02-09,0.0111
2017-02-10,0.0113
2017-02-13,0.011699999999999999
2017-02-14,0.0116
2017-02-15,0.0123
2017-02-16,0.0123
2017-02-17,0.011200000000000002
2017-02-20,0.0116
2017-02-21,0.0121
2017-02-22,0.011399999999999999
2017-02-23,0.0111
2017-02-24,0.0104
2017-02-27,0.01
2017-02-28,0.0103
2017-03-01,0.0109
2017-03-02,0.0115
2017-03-03,0.0116
2017-03-06,0.0116
2017-03-07,0.011899999999999999
2017-03-08,0.0121
2017-03-09,0.0124
2017-03-10,0.013000000000000001
2017-03-13,0.0125
2017-03-14,0.0126
2017-03-15,0.012199999999999999
2017-03-16,0.012199999999999999
2017-03-17,0.0124
2017-03-20,0.012199999999999999
2017-03-21,0.0126
2017-03-22,0.0116
2017-03-23,0.011699999999999999
2017-03-24,0.011899999999999999
2017-03-27,0.011399999999999999
2017-03-28,0.0116
2017-03-29,0.0116
2017-03-30,0.011399999999999999
2017-03-31,0.011399999999999999
2017-04-03,0.011200000000000002
2017-04-04,0.0108
2017-04-05,0.0108
2017-04-06,0.0108
2017-04-07,0.0106
2017-04-10,0.0102
2017-04-11,0.0101
2017-04-12,0.009899999999999999
2017-04-13,0.009300000000000001
2017-04-18,0.009300000000000001
2017-04-19,0.009300000000000001
2017-04-20,0.0098
2017-04-21,0.0097
2017-04-24,0.0109
2017-04-25,0.011399999999999999
2017-04-26,0.011399999999999999
2017-04-27,0.011399999999999999
2017-04-28,0.0115
2017-05-02,0.0115
2017-05-03,0.011399999999999999
2017-05-04,0.011699999999999999
2017-05-05,0.0118
2017-05-08,0.0121
2017-05-09,0.0126
2017-05-10,0.0124
2017-05-11,0.0126
2017-05-12,0.0123
2017-05-15,0.0125
2017-05-16,0.013000000000000001
2017-05-17,0.0127
2017-05-18,0.011899999999999999
2017-05-19,0.012199999999999999
2017-05-22,0.0126
2017-05-23,0.0129
2017-05-24,0.0126
2017-05-25,0.0123
2017-05-26,0.0121
2017-05-29,0.012
2017-05-30,0.0118
2017-05-31,0.011899999999999999
2017-06-01,0.012
2017-06-02,0.011699999999999999
2017-06-06,0.0116
2017-06-07,0.0116
2017-06-08,0.0118
2017-06-09,0.011399999999999999
2017-06-12,0.0115
2017-06-13,0.0116
2017-06-14,0.0113
2017-06-15,0.011000000000000001
2017-06-16,0.0116
2017-06-19,0.0115
2017-06-20,0.0111
2017-06-21,0.0109
2017-06-22,0.0106
2017-06-23,0.0108
2017-06-26,0.0108
2017-06-27,0.011000000000000001
2017-06-28,0.012
2017-06-29,0.0124
2017-06-30,0.0125
2017-07-03,0.0128
2017-07-04,0.0132
2017-07-05,0.013600000000000001
2017-07-06,0.0134
2017-07-07,0.0138
2017-07-10,0.0138
2017-07-11,0.0141
2017-07-12,0.0137
2017-07-13,0.013600000000000001
2017-07-14,0.013500000000000002
2017-07-17,0.013500000000000002
2017-07-18,0.013300000000000001
2017-07-19,0.013300000000000001
2017-07-20,0.013300000000000001
2017-07-21,0.0132
2017-07-24,0.013000000000000001
2017-07-25,0.0131
2017-07-26,0.013600000000000001
2017-07-27,0.0132
2017-07-28,0.0139
2017-07-31,0.0138
2017-08-01,0.013000000000000001
2017-08-02,0.0128
2017-08-03,0.0127
2017-08-04,0.0123
2017-08-07,0.0125
2017-08-08,0.0125
2017-08-09,0.012199999999999999
2017-08-10,0.012199999999999999
2017-08-11,0.0115
2017-08-14,0.0121
2017-08-15,0.0121
2017-08-16,0.0124
2017-08-17,0.012199999999999999
2017-08-18,0.0118
2017-08-21,0.0118
2017-08-22,0.0118
2017-08-23,0.012
2017-08-24,0.0116
2017-08-25,0.012
2017-08-28,0.011899999999999999
2017-08-29,0.011200000000000002
2017-08-30,0.0115
2017-08-31,0.0116
2017-09-01,0.0116
2017-09-04,0.011899999999999999
2017-09-05,0.012199999999999999
2017-09-06,0.0115
2017-09-07,0.011699999999999999
2017-09-08,0.0115
2017-09-11,0.0118
2017-09-12,0.011899999999999999
2017-09-13,0.0124
2017-09-14,0.0125
2017-09-15,0.0127
2017-09-18,0.0127
2017-09-19,0.0129
2017-09-20,0.0127
2017-09-21,0.0129
2017-09-22,0.0128
2017-09-25,0.0123
2017-09-26,0.0124
2017-09-27,0.0132
2017-09-28,0.0134
2017-09-29,0.0128
2017-10-02,0.0129
2017-10-04,0.0128
2017-10-05,0.0128
2017-10-06,0.0131
2017-10-09,0.0128
2017-10-10,0.0126
2017-10-11,0.0128
2017-10-12,0.0128
2017-10-13,0.0126
2017-10-16,0.0125
2017-10-17,0.0121
2017-10-18,0.0121
2017-10-19,0.0123
2017-10-20,0.0128
2017-10-23,0.0129
2017-10-24,0.013000000000000001
2017-10-25,0.013300000000000001
2017-10-26,0.013000000000000001
2017-10-27,0.0129
2017-10-30,0.0126
2017-11-01,0.012199999999999999
2017-11-02,0.0126
2017-11-03,0.012199999999999999
2017-11-06,0.012
2017-11-07,0.0121
2017-11-08,0.0118
2017-11-09,0.011899999999999999
2017-11-10,0.0128
2017-11-13,0.0126
2017-11-14,0.013000000000000001
2017-11-15,0.0124
2017-11-16,0.0127
2017-11-17,0.0125
2017-11-20,0.012199999999999999
2017-11-21,0.011699999999999999
2017-11-22,0.0118
2017-11-23,0.0116
2017-11-24,0.0118
2017-11-27,0.011699999999999999
2017-11-28,0.0116
2017-11-29,0.0118
2017-11-30,0.011899999999999999
2017-12-01,0.011399999999999999
2017-12-04,0.0113
2017-12-05,0.0113
2017-12-06,0.0111
2017-12-07,0.011200000000000002
2017-12-08,0.0115
2017-12-11,0.011200000000000002
2017-12-12,0.0111
2017-12-13,0.0116
2017-12-14,0.0115
2017-12-15,0.0111
2017-12-18,0.0109
2017-12-19,0.0113
2017-12-20,0.0118
2017-12-21,0.0124
2017-12-22,0.012199999999999999
2017-12-27,0.0121
2017-12-28,0.012199999999999999
2017-12-29,0.0124
2018-01-02,0.0128
2018-01-03,0.0128
2018-01-04,0.0127
2018-01-05,0.0123
2018-01-08,0.0125
2018-01-09,0.0126
2018-01-10,0.0129
2018-01-11,0.0128
2018-01-12,0.013000000000000001
2018-01-15,0.0131
2018-01-16,0.0128
2018-01-17,0.0126
2018-01-18,0.0131
2018-01-19,0.013000000000000001
2018-01-22,0.0132
2018-01-23,0.0128
2018-01-24,0.0131
2018-01-25,0.0131
2018-01-26,0.0124
2018-01-29,0.0129
2018-01-30,0.013300000000000001
2018-01-31,0.0131
2018-02-01,0.0134
2018-02-02,0.0137
2018-02-05,0.0138
2018-02-06,0.0134
2018-02-07,0.013300000000000001
2018-02-08,0.0138
2018-02-09,0.0137
2018-02-12,0.0139
2018-02-13,0.0137
2018-02-14,0.0139
2018-02-15,0.0143
2018-02-16,0.0141
2018-02-19,0.0139
2018-02-20,0.0143
2018-02-21,0.0138
2018-02-22,0.0139
2018-02-23,0.013600000000000001
2018-02-26,0.0132
2018-02-27,0.0132
2018-02-28,0.0132
2018-03-01,0.013000000000000001
2018-03-02,0.0128
2018-03-05,0.013000000000000001
2018-03-06,0.0132
2018-03-07,0.013300000000000001
2018-03-08,0.0132
2018-03-09,0.0129
2018-03-12,0.0131
2018-03-13,0.0128
2018-03-14,0.0128
2018-03-15,0.0126
2018-03-16,0.0123
2018-03-19,0.0123
2018-03-20,0.012199999999999999
2018-03-21,0.0123
2018-03-22,0.011899999999999999
2018-03-23,0.0116
2018-03-26,0.0118
2018-03-27,0.0116
2018-03-28,0.0113
2018-03-29,0.0116
2018-04-03,0.0116
2018-04-04,0.0115
2018-04-05,0.011899999999999999
2018-04-06,0.0118
2018-04-09,0.011699999999999999
2018-04-10,0.0118
2018-04-11,0.0116
2018-04-12,0.0116
2018-04-13,0.012
2018-04-16,0.0121
2018-04-17,0.012
2018-04-18,0.011699999999999999
2018-04-19,0.012
2018-04-20,0.0125
2018-04-23,0.013000000000000001
2018-04-24,0.0129
2018-04-25,0.013000000000000001
2018-04-26,0.0127
2018-04-27,0.0123
2018-04-30,0.0123
2018-05-02,0.0126
2018-05-03,0.0125
2018-05-04,0.012199999999999999
2018-05-07,0.012199999999999999
2018-05-08,0.0121
2018-05-09,0.0126
2018-05-10,0.0124
2018-05-11,0.0123
2018-05-14,0.0127
2018-05-15,0.0129
2018-05-16,0.0129
2018-05-17,0.0132
2018-05-18,0.013300000000000001
2018-05-22,0.0126
2018-05-23,0.012199999999999999
2018-05-24,0.0124
2018-05-25,0.0116
2018-05-28,0.011200000000000002
2018-05-29,0.0095
2018-05-30,0.0104
2018-05-31,0.011000000000000001
2018-06-01,0.0106
2018-06-04,0.010700000000000001
2018-06-05,0.0108
2018-06-06,0.011000000000000001
2018-06-07,0.0118
2018-06-08,0.0109
2018-06-11,0.011399999999999999
2018-06-12,0.011899999999999999
2018-06-13,0.0115
2018-06-14,0.0118
2018-06-15,0.011399999999999999
2018-06-18,0.0116
2018-06-19,0.011399999999999999
2018-06-20,0.0113
2018-06-21,0.0113
2018-06-22,0.0113
2018-06-25,0.011000000000000001
2018-06-26,0.0111
2018-06-27,0.0108
2018-06-28,0.0106
2018-06-29,0.0104
2018-07-02,0.0101
2018-07-03,0.0102
2018-07-04,0.0098
2018-07-05,0.0102
2018-07-06,0.01
2018-07-09,0.0102
2018-07-10,0.0103
2018-07-11,0.01
2018-07-12,0.0102
2018-07-13,0.009899999999999999
2018-07-16,0.0101
2018-07-17,0.0102
2018-07-18,0.0101
2018-07-19,0.0101
2018-07-20,0.01
2018-07-23,0.0104
2018-07-24,0.0105
2018-07-25,0.0102
2018-07-26,0.0104
2018-07-27,0.0105
2018-07-30,0.010700000000000001
2018-07-31,0.0108
2018-08-01,0.011000000000000001
2018-08-02,0.0111
2018-08-03,0.0106
2018-08-06,0.0104
2018-08-07,0.0103
2018-08-08,0.0104
2018-08-09,0.0105
2018-08-10,0.009899999999999999
2018-08-13,0.0097
2018-08-14,0.0097
2018-08-15,0.0098
2018-08-16,0.0097
2018-08-17,0.0095
2018-08-20,0.0096
2018-08-21,0.0097
2018-08-22,0.0098
2018-08-23,0.009899999999999999
2018-08-24,0.009899999999999999
2018-08-27,0.0101
2018-08-28,0.0102
2018-08-29,0.0104
2018-08-30,0.0105
2018-08-31,0.0101
2018-09-03,0.009899999999999999
2018-09-04,0.0101
2018-09-05,0.0103
2018-09-06,0.0104
2018-09-07,0.0102
2018-09-10,0.0108
2018-09-11,0.0109
2018-09-12,0.0109
2018-09-13,0.0108
2018-09-14,0.0109
2018-09-17,0.011000000000000001
2018-09-18,0.011000000000000001
2018-09-19,0.0113
2018-09-20,0.0113
2018-09-21,0.011200000000000002
2018-09-24,0.011200000000000002
2018-09-25,0.011399999999999999
2018-09-26,0.011399999999999999
2018-09-27,0.0111
2018-09-28,0.0108
2018-10-01,0.0111
2018-10-02,0.0105
2018-10-04,0.011399999999999999
2018-10-05,0.0115
2018-10-08,0.011399999999999999
2018-10-09,0.011899999999999999
2018-10-10,0.011699999999999999
2018-10-11,0.011200000000000002
2018-10-12,0.011399999999999999
2018-10-15,0.0111
2018-10-16,0.0113
2018-10-17,0.0111
2018-10-18,0.0111
2018-10-19,0.0104
2018-10-22,0.0108
2018-10-23,0.0105
2018-10-24,0.0101
2018-10-25,0.0101
2018-10-26,0.01
2018-10-29,0.01
2018-10-30,0.0104
2018-10-31,0.0104
2018-11-01,0.0105
2018-11-02,0.0106
2018-11-05,0.010700000000000001
2018-11-06,0.0106
2018-11-07,0.0106
2018-11-08,0.0109
2018-11-09,0.0106
2018-11-12,0.0103
2018-11-13,0.0103
2018-11-14,0.0105
2018-11-15,0.0103
2018-11-16,0.0105
2018-11-19,0.0106
2018-11-20,0.0103
2018-11-21,0.0104
2018-11-22,0.0103
2018-11-23,0.0103
2018-11-26,0.0103
2018-11-27,0.0103
2018-11-28,0.0101
2018-11-29,0.0101
2018-11-30,0.01
2018-12-03,0.01
2018-12-04,0.0096
2018-12-05,0.0091
2018-12-06,0.0091
2018-12-07,0.0089
2018-12-10,0.0087
2018-12-11,0.0086
2018-12-12,0.0084
2018-12-13,0.0085
2018-12-14,0.0088
2018-12-17,0.0089
2018-12-18,0.0087
2018-12-19,0.0087
2018-12-20,0.0085
2018-12-21,0.0086
2018-12-27,0.0086
2018-12-28,0.0087
2019-01-02,0.008199999999999999
2019-01-03,0.008100000000000001
2019-01-04,0.0083
2019-01-07,0.0084
2019-01-08,0.0088
2019-01-09,0.0088
2019-01-10,0.0085
2019-01-11,0.0084
2019-01-14,0.008199999999999999
2019-01-15,0.008199999999999999
2019-01-16,0.0085
2019-01-17,0.0086
2019-01-18,0.0089
2019-01-21,0.0086
2019-01-22,0.0087
2019-01-23,0.0083
2019-01-24,0.008100000000000001
2019-01-25,0.0078000000000000005
2019-01-28,0.0079
2019-01-29,0.008
2019-01-30,0.0079
2019-01-31,0.0076
2019-02-01,0.0077
2019-02-04,0.0077
2019-02-05,0.008
2019-02-06,0.0077
2019-02-07,0.0075
2019-02-08,0.0070999999999999995
2019-02-11,0.0070999999999999995
2019-02-12,0.0076
2019-02-13,0.0076
2019-02-14,0.0073
2019-02-15,0.0073
2019-02-18,0.0072
2019-02-19,0.0073
2019-02-20,0.0073
2019-02-21,0.0074
2019-02-22,0.0074
2019-02-25,0.0074
2019-02-26,0.0074
2019-02-27,0.0075
2019-02-28,0.0078000000000000005
2019-03-01,0.0083
2019-03-04,0.0083
2019-03-05,0.0083
2019-03-06,0.008
2019-03-07,0.0079
2019-03-08,0.0072
2019-03-11,0.0072
2019-03-12,0.0075
2019-03-13,0.0074
2019-03-14,0.0074
2019-03-15,0.0074
2019-03-18,0.0074
2019-03-19,0.0074
2019-03-20,0.0074
2019-03-21,0.006999999999999999
2019-03-22,0.0062
2019-03-25,0.0062
2019-03-26,0.005699999999999999
2019-03-27,0.0052
2019-03-28,0.0055000000000000005
2019-03-29,0.005699999999999999
2019-04-01,0.0060999999999999995
2019-04-02,0.0060999999999999995
2019-04-03,0.006500000000000001
2019-04-04,0.006500000000000001
2019-04-05,0.0064
2019-04-08,0.0064
2019-04-09,0.0064
2019-04-10,0.0063
2019-04-11,0.0060999999999999995
2019-04-12,0.0066
2019-04-15,0.0072
2019-04-16,0.0074
2019-04-17,0.0075
2019-04-18,0.006999999999999999
2019-04-23,0.0070999999999999995
2019-04-24,0.0067
2019-04-25,0.0064
2019-04-26,0.0062
2019-04-29,0.006500000000000001
2019-04-30,0.0069
2019-05-02,0.0068000000000000005
2019-05-03,0.0069
2019-05-06,0.0066
2019-05-07,0.0064
2019-05-08,0.0062
2019-05-09,0.0059
2019-05-10,0.0062
2019-05-13,0.0060999999999999995
2019-05-14,0.0058
2019-05-15,0.0055000000000000005
2019-05-16,0.0051
2019-05-17,0.0053
2019-05-20,0.0055000000000000005
2019-05-21,0.0055000000000000005
2019-05-22,0.0058
2019-05-23,0.005600000000000001
2019-05-24,0.005600000000000001
2019-05-27,0.0052
2019-05-28,0.0049
2019-05-29,0.0049
2019-05-30,0.0049
2019-05-31,0.0043
2019-06-03,0.0042
2019-06-04,0.004
2019-06-05,0.004
2019-06-06,0.0038
2019-06-07,0.0036
2019-06-11,0.0038
2019-06-12,0.0038
2019-06-13,0.0036
2019-06-14,0.0031
2019-06-17,0.0033
2019-06-18,0.0028000000000000004
2019-06-19,0.0028000000000000004
2019-06-20,0.0026
2019-06-21,0.0026
2019-06-24,0.0026
2019-06-25,0.0026
2019-06-26,0.0025
2019-06-27,0.0028000000000000004
2019-06-28,0.0025
2019-07-01,0.0026
2019-07-02,0.0025
2019-07-03,0.002
2019-07-04,0.0019
2019-07-05,0.0019
2019-07-08,0.0022
2019-07-09,0.0025
2019-07-10,0.0031
2019-07-11,0.0029
2019-07-12,0.004
2019-07-15,0.0034999999999999996
2019-07-16,0.0029
2019-07-17,0.0028000000000000004
2019-07-18,0.0026
2019-07-19,0.0027
2019-07-22,0.0026
2019-07-23,0.0026
2019-07-24,0.0021
2019-07-25,0.0018
2019-07-26,0.0022
2019-07-29,0.0017000000000000001
2019-07-30,0.0017000000000000001
2019-07-31,0.0015
2019-08-01,0.0013
2019-08-02,0.0001
2019-08-05,-0.0006
2019-08-06,-0.0005
2019-08-07,-0.0014000000000000002
2019-08-08,-0.0009
2019-08-09,-0.0009
2019-08-12,-0.0011
2019-08-13,-0.0016
2019-08-14,-0.0017000000000000001
2019-08-15,-0.0024
2019-08-16,-0.0029
2019-08-19,-0.0017000000000000001
2019-08-20,-0.0018
2019-08-21,-0.0016
2019-08-22,-0.0018
2019-08-23,-0.0012
2019-08-26,-0.0018
2019-08-27,-0.002
2019-08-28,-0.0028000000000000004
2019-08-29,-0.0025
2019-08-30,-0.0023
2019-09-02,-0.0023
2019-09-03,-0.0027
2019-09-04,-0.002
2019-09-05,-0.0015
2019-09-06,-0.0007000000000000001
2019-09-09,-0.0008
2019-09-10,-0.0005
2019-09-11,-0.0001
2019-09-12,-0.0007000000000000001
2019-09-13,0.0001
2019-09-16,0.0002
2019-09-17,0.0002
2019-09-18,-0.0001
2019-09-19,-0.0001
2019-09-20,-0.0005
2019-09-23,-0.0015
2019-09-24,-0.0015
2019-09-25,-0.002
2019-09-26,-0.0017000000000000001
2019-09-27,-0.0017000000000000001
2019-09-30,-0.0011
2019-10-01,-0.0007000000000000001
2019-10-02,-0.0009
2019-10-04,-0.0015
2019-10-07,-0.0015
2019-10-08,-0.0011
2019-10-09,-0.0011
2019-10-10,-0.0009
2019-10-11,-0.0002
2019-10-14,0.0
2019-10-15,0.0
2019-10-16,0.0003
2019-10-17,0.001
2019-10-18,0.0008
2019-10-21,0.0013
2019-10-22,0.0011
2019-10-23,0.0005
2019-10-24,0.0007000000000000001
2019-10-25,0.0008
2019-10-28,0.0014000000000000002
2019-10-29,0.0012
2019-10-30,0.0011
2019-10-31,0.0006
2019-11-01,0.0006
2019-11-04,0.0012
2019-11-05,0.0017000000000000001
2019-11-06,0.0018
2019-11-07,0.0016
2019-11-08,0.0022
2019-11-11,0.002
2019-11-12,0.0025
2019-11-13,0.0017000000000000001
2019-11-14,0.0014000000000000002
2019-11-15,0.0013
2019-11-18,0.0014000000000000002
2019-11-19,0.0013
2019-11-20,0.0008
2019-11-21,0.0013
2019-11-22,0.0011
2019-11-25,0.0011
2019-11-26,0.0011
2019-11-27,0.0009
2019-11-28,0.0008
2019-11-29,0.0009
2019-12-02,0.0017000000000000001
2019-12-03,0.0019
2019-12-04,0.0014000000000000002
2019-12-05,0.0016
2019-12-06,0.0016
2019-12-09,0.0017000000000000001
2019-12-10,0.0019
2019-12-11,0.0016
2019-12-12,0.0015
2019-12-13,0.0023
2019-12-16,0.0016
2019-12-17,0.0019
2019-12-18,0.0018
2019-12-19,0.0025
2019-12-20,0.0024
2019-12-23,0.0021
2019-12-27,0.0023
2019-12-30,0.0028000000000000004
2020-01-02,0.0031
2020-01-03,0.0019
2020-01-06,0.002
2020-01-07,0.0021
2020-01-08,0.0022
2020-01-09,0.0026
2020-01-10,0.0028000000000000004
2020-01-13,0.003
2020-01-14,0.0031
2020-01-15,0.0026
2020-01-16,0.0025
2020-01-17,0.0025
2020-01-20,0.0025
2020-01-21,0.0024
2020-01-22,0.0021
2020-01-23,0.0019
2020-01-24,0.0016
2020-01-27,0.0012
2020-01-28,0.0005
2020-01-29,0.001
2020-01-30,0.0007000000000000001
2020-01-31,0.0004
2020-02-03,0.0002
2020-02-04,0.0006
2020-02-05,0.001
2020-02-06,0.0011
2020-02-07,0.0009
2020-02-10,0.0008
2020-02-11,0.001
2020-02-12,0.001
2020-02-13,0.0005
2020-02-14,0.0007000000000000001
2020-02-17,0.0006
2020-02-18,0.0004
2020-02-19,0.0004
2020-02-20,0.0004
2020-02-21,-0.0003
2020-02-24,-0.0007000000000000001
2020-02-25,-0.0007000000000000001
2020-02-26,-0.0008
2020-02-27,-0.0007000000000000001
2020-02-28,-0.0021
2020-03-02,-0.0024
2020-03-03,-0.0017000000000000001
2020-03-04,-0.0023
2020-03-05,-0.0021
2020-03-06,-0.0033
2020-03-09,-0.0051
2020-03-10,-0.0040999999999999995
2020-03-11,-0.0049
2020-03-12,-0.005600000000000001
2020-03-13,-0.0034999999999999996
2020-03-16,-0.0026
2020-03-17,-0.0018
2020-03-18,-0.0003
2020-03-19,0.0004
2020-03-20,-0.0001
2020-03-23,-0.0011
2020-03-24,-0.0007000000000000001
2020-03-25,0.0003
2020-03-26,0.001
2020-03-27,-0.0001
2020-03-30,-0.001
2020-03-31,-0.0006
2020-04-01,-0.0007000000000000001
2020-04-02,-0.0002
2020-04-03,-0.0011
2020-04-06,-0.0007000000000000001
2020-04-07,0.0002
2020-04-08,0.0002
2020-04-09,0.0005
2020-04-14,0.0002
2020-04-15,-0.0004
2020-04-16,-0.001
2020-04-17,-0.001
2020-04-20,-0.001
2020-04-21,-0.0009
2020-04-22,-0.0009
2020-04-23,-0.0006
2020-04-24,-0.001
2020-04-27,-0.0012
2020-04-28,-0.0007000000000000001
2020-04-29,-0.0012
2020-04-30,-0.0013
2020-05-04,-0.002
2020-05-05,-0.0014000000000000002
2020-05-06,-0.0015
2020-05-07,-0.0008
2020-05-08,-0.0015
2020-05-11,-0.0009
2020-05-12,-0.0009
2020-05-13,-0.0013
2020-05-14,-0.0014000000000000002
2020-05-15,-0.0015
2020-05-18,-0.0015
2020-05-19,-0.0007000000000000001
2020-05-20,-0.0008
2020-05-21,-0.0008
2020-05-22,-0.001
2020-05-25,-0.0008
2020-05-26,-0.0002
2020-05-27,-0.0005
2020-05-28,-0.0002
2020-05-29,-0.0002
2020-06-02,0.0004
2020-06-03,0.0005
2020-06-04,0.0008
2020-06-05,0.0018
2020-06-08,0.0021
2020-06-09,0.0012
2020-06-10,0.0013
2020-06-11,0.0005
2020-06-12,0.0002
2020-06-15,-0.0001
2020-06-16,0.0003
2020-06-17,0.0005
2020-06-18,0.0001
2020-06-19,-0.0002
2020-06-22,-0.0003
2020-06-23,-0.0001
2020-06-24,0.0003
2020-06-25,-0.0005
2020-06-26,-0.0008
2020-06-29,-0.0007000000000000001
2020-06-30,-0.0008
2020-07-01,-0.0001
2020-07-02,0.0001
2020-07-03,-0.0003
2020-07-06,-0.0001
2020-07-07,-0.0002
2020-07-08,-0.0005
2020-07-09,-0.0005
2020-07-10,-0.0013
2020-07-13,-0.0007000000000000001
2020-07-14,-0.0005
2020-07-15,-0.0009
2020-07-16,-0.0006
2020-07-17,-0.0006
2020-07-20,-0.0004
2020-07-21,-0.0007000000000000001
2020-07-22,-0.0009
2020-07-23,-0.0011
2020-07-24,-0.001
2020-07-27,-0.001
2020-07-28,-0.0013
2020-07-29,-0.0014000000000000002
2020-07-30,-0.0017000000000000001
2020-07-31,-0.0018
2020-08-03,-0.0014000000000000002
2020-08-04,-0.0016
2020-08-05,-0.0017000000000000001
2020-08-06,-0.0015
2020-08-07,-0.0017000000000000001
2020-08-10,-0.0015
2020-08-11,-0.0013
2020-08-12,-0.0006
2020-08-13,-0.0007000000000000001
2020-08-14,-0.0003
2020-08-17,-0.0003
2020-08-18,-0.0007000000000000001
2020-08-19,-0.0009
2020-08-20,-0.001
2020-08-21,-0.0013
2020-08-24,-0.001
2020-08-25,-0.0006
2020-08-26,-0.0001
2020-08-27,-0.0005
2020-08-28,0.0005
2020-08-31,0.0005
2020-09-01,0.0005
2020-09-02,-0.0004
2020-09-03,-0.0005
2020-09-04,-0.0008
2020-09-07,-0.0006
2020-09-08,-0.0006
2020-09-09,-0.0009
2020-09-10,-0.0006
2020-09-11,-0.0007000000000000001
2020-09-14,-0.0009
2020-09-15,-0.0007000000000000001
2020-09-16,-0.0008
2020-09-17,-0.0008
2020-09-18,-0.0009
2020-09-21,-0.0011
2020-09-22,-0.0013
2020-09-23,-0.0011
2020-09-24,-0.0012
2020-09-25,-0.0012
2020-09-28,-0.0012
2020-09-29,-0.0016
2020-09-30,-0.0017000000000000001
2020-10-01,-0.0013
2020-10-02,-0.0016
2020-10-05,-0.0016
2020-10-06,-0.0014000000000000002
2020-10-07,-0.0014000000000000002
2020-10-08,-0.0012
2020-10-09,-0.0017000000000000001
2020-10-12,-0.0017000000000000001
2020-10-13,-0.0017000000000000001
2020-10-14,-0.002
2020-10-15,-0.0024
2020-10-16,-0.0026
2020-10-19,-0.0026
2020-10-20,-0.0026
2020-10-21,-0.0021
2020-10-22,-0.0021
2020-10-23,-0.002
2020-10-26,-0.0021
2020-10-27,-0.0022
2020-10-28,-0.0029
2020-10-29,-0.0027
2020-10-30,-0.0027
2020-11-02,-0.0026
2020-11-03,-0.0028000000000000004
2020-11-04,-0.0031
2020-11-05,-0.0029
2020-11-06,-0.0028000000000000004
2020-11-09,-0.0028000000000000004
2020-11-10,-0.0011
2020-11-11,-0.0009
2020-11-12,-0.0012
2020-11-13,-0.0016
2020-11-16,-0.0019
2020-11-17,-0.0019
2020-11-18,-0.0019
2020-11-19,-0.0022
2020-11-20,-0.0022
2020-11-23,-0.0022
2020-11-24,-0.0022
2020-11-25,-0.0022
2020-11-26,-0.0022
2020-11-27,-0.0022
2020-11-30,-0.0022
2020-12-01,-0.002
2020-12-02,-0.0015
2020-12-03,-0.0016
2020-12-04,-0.0018
2020-12-07,-0.002
2020-12-08,-0.0021
2020-12-09,-0.0021
2020-12-10,-0.0025
2020-12-11,-0.0027
2020-12-14,-0.0027
2020-12-15,-0.0027
2020-12-16,-0.0025
2020-12-17,-0.0022
2020-12-18,-0.0019
2020-12-21,-0.0027
2020-12-22,-0.0024
2020-12-23,-0.0026
2020-12-28,-0.0019
2020-12-29,-0.0022
2020-12-30,-0.002
2021-01-04,-0.0025
2021-01-05,-0.0024
2021-01-06,-0.0018
2021-01-07,-0.0019
2021-01-08,-0.0019
2021-01-11,-0.0019
2021-01-12,-0.0011
2021-01-13,-0.0014000000000000002
2021-01-14,-0.0018
2021-01-15,-0.0018
2021-01-18,-0.0017000000000000001
2021-01-19,-0.0016
2021-01-20,-0.0018
2021-01-21,-0.0018
2021-01-22,-0.0013
2021-01-25,-0.0017000000000000001
2021-01-26,-0.0018
2021-01-27,-0.0016
2021-01-28,-0.0018
2021-01-29,-0.0012
2021-02-01,-0.0013
2021-02-02,-0.0011
2021-02-03,-0.0007000000000000001
2021-02-04,-0.0007000000000000001
2021-02-05,-0.0005
2021-02-08,-0.0001
2021-02-09,-0.0005
2021-02-10,-0.0004
2021-02-11,-0.0003
2021-02-12,-0.0003
2021-02-15,0.0008
2021-02-16,0.0008
2021-02-17,0.001
2021-02-18,0.001
2021-02-19,0.0013
2021-02-22,0.0015
2021-02-23,0.0016
2021-02-24,0.0016
2021-02-25,0.0019
2021-02-26,0.0016
2021-03-01,0.0012
2021-03-02,0.0011
2021-03-03,0.0014000000000000002
2021-03-04,0.0016
2021-03-05,0.0016
2021-03-08,0.0016
2021-03-09,0.0014000000000000002
2021-03-10,0.0015
2021-03-11,0.0014000000000000002
2021-03-12,0.0016
2021-03-15,0.0016
2021-03-16,0.0014000000000000002
2021-03-17,0.0017000000000000001
2021-03-18,0.0023
2021-03-19,0.0021
2021-03-22,0.002
2021-03-23,0.0018
2021-03-24,0.0015
2021-03-25,0.0015
2021-03-26,0.0015
2021-03-29,0.0018
2021-03-30,0.0025
2021-03-31,0.0025
2021-04-01,0.002
2021-04-06,0.002
2021-04-07,0.0017000000000000001
2021-04-08,0.0017000000000000001
2021-04-09,0.002
2021-04-12,0.0018
2021-04-13,0.0022
2021-04-14,0.0022
2021-04-15,0.0023
2021-04-16,0.0023
2021-04-19,0.0023
2021-04-20,0.0027
2021-04-21,0.0025
2021-04-22,0.0022
2021-04-23,0.0022
2021-04-26,0.0024
2021-04-27,0.0024
2021-04-28,0.0027
2021-04-29,0.0027
2021-04-30,0.0031
2021-05-03,0.0034000000000000002
2021-05-04,0.0031
2021-05-05,0.0029
2021-05-06,0.0029
2021-05-07,0.0029
2021-05-10,0.0031
2021-05-11,0.0034999999999999996
2021-05-12,0.0034999999999999996
2021-05-13,0.0040999999999999995
2021-05-14,0.0038
2021-05-17,0.0038
2021-05-18,0.0039000000000000003
2021-05-19,0.0043
2021-05-20,0.004
2021-05-21,0.0037
2021-05-25,0.0034999999999999996
2021-05-26,0.0032
2021-05-27,0.003
2021-05-28,0.0034999999999999996
2021-05-31,0.0034999999999999996
2021-06-01,0.0032
2021-06-02,0.0032
2021-06-03,0.0032
2021-06-04,0.0032
2021-06-07,0.0031
2021-06-08,0.0029
2021-06-09,0.0026
2021-06-10,0.0026
2021-06-11,0.0022
2021-06-14,0.0023
2021-06-15,0.0024
2021-06-16,0.0027
2021-06-17,0.0027
2021-06-18,0.0022
2021-06-21,0.002
2021-06-22,0.0027
2021-06-23,0.0026
2021-06-24,0.0026
2021-06-25,0.0026
2021-06-28,0.0028000000000000004
2021-06-29,0.0026
2021-06-30,0.0026
2021-07-01,0.0026
2021-07-02,0.0023
2021-07-05,0.0024
2021-07-06,0.0023
2021-07-07,0.0015
2021-07-08,0.0009
2021-07-09,0.0012
2021-07-12,0.0013
2021-07-13,0.0015
2021-07-14,0.0015
2021-07-15,0.0009
2021-07-16,0.0009
2021-07-19,0.0005
2021-07-20,-0.0
2021-07-21,0.0001
2021-07-22,0.0002
2021-07-23,0.0001
2021-07-26,-0.0001
2021-07-27,-0.0002
2021-07-28,-0.0002
2021-07-29,-0.0002
2021-07-30,-0.0001
2021-08-02,-0.0002
2021-08-03,-0.0005
2021-08-04,-0.0007000000000000001
2021-08-05,-0.001
2021-08-06,-0.001
2021-08-09,-0.0007000000000000001
2021-08-10,-0.0007000000000000001
2021-08-11,-0.0004
2021-08-12,-0.0007000000000000001
2021-08-13,-0.0007000000000000001
2021-08-16,-0.0007000000000000001
2021-08-17,-0.0011
2021-08-18,-0.0009
2021-08-19,-0.0012
2021-08-20,-0.0011
2021-08-23,-0.0007000000000000001
2021-08-24,-0.0009
2021-08-25,-0.0007000000000000001
2021-08-26,0.0
2021-08-27,-0.0
2021-08-30,-0.0001
2021-08-31,-0.0001
2021-09-01,0.0005
2021-09-02,0.0007000000000000001
2021-09-03,0.0006
2021-09-06,0.0008
2021-09-07,0.0011
2021-09-08,0.001
2021-09-09,0.001
2021-09-10,0.0009
2021-09-13,0.001
2021-09-14,0.0012
2021-09-15,0.001
2021-09-16,0.0014000000000000002
2021-09-17,0.0015
2021-09-20,0.0012
2021-09-21,0.0013
2021-09-22,0.0012
2021-09-23,0.0012
2021-09-24,0.0018
2021-09-27,0.0022
2021-09-28,0.0022
2021-09-29,0.002
2021-09-30,0.0019
2021-10-01,0.0019
2021-10-04,0.0022
2021-10-05,0.002
2021-10-06,0.0026
2021-10-07,0.0025
2021-10-08,0.0027
2021-10-11,0.0029
2021-10-12,0.003
2021-10-13,0.0027
2021-10-14,0.0023
2021-10-15,0.002
2021-10-18,0.0019
2021-10-19,0.0018
2021-10-20,0.0021
2021-10-21,0.0021
2021-10-22,0.002
2021-10-25,0.002
2021-10-26,0.0016
2021-10-27,0.0012
2021-10-28,0.0005
2021-10-29,0.001
2021-11-01,0.0009
2021-11-02,0.0009
2021-11-03,0.0005
2021-11-04,0.0009
2021-11-05,0.0004
2021-11-08,0.0001
2021-11-09,0.0001
2021-11-10,-0.0004
2021-11-11,-0.0
2021-11-12,-0.0001
2021-11-15,-0.0003
2021-11-16,0.0002
2021-11-17,0.0002
2021-11-18,-0.0
2021-11-19,-0.0009
2021-11-22,-0.0008
2021-11-23,-0.0002
2021-11-24,0.0002
2021-11-25,0.0002
2021-11-26,-0.0005
2021-11-29,-0.0005
2021-11-30,-0.0011
2021-12-01,-0.0011
2021-12-02,-0.0013
2021-12-03,-0.0014000000000000002
2021-12-06,-0.0015
2021-12-07,-0.0015
2021-12-08,-0.0018
2021-12-09,-0.0011
2021-12-10,-0.001
2021-12-13,-0.0012
2021-12-14,-0.0014000000000000002
2021-12-15,-0.0013
2021-12-16,-0.0009
2021-12-17,-0.0009
2021-12-20,-0.0012
2021-12-21,-0.0006
2021-12-22,0.0001
2021-12-23,0.0002
2021-12-27,0.0005
2021-12-28,0.0004
2021-12-29,0.0006
2021-12-30,0.0008
2022-01-03,0.001
2022-01-04,0.0016
2022-01-05,0.0016
2022-01-06,0.0021
2022-01-07,0.0017000000000000001
2022-01-10,0.002
2022-01-11,0.0019
2022-01-12,0.002
2022-01-13,0.0016
2022-01-14,0.0013
2022-01-17,0.0017000000000000001
2022-01-18,0.0019
2022-01-19,0.0021
2022-01-20,0.0018
2022-01-21,0.0014000000000000002
2022-01-24,0.0011
2022-01-25,0.0014000000000000002
2022-01-26,0.0016
2022-01-27,0.0018
2022-01-28,0.0016
2022-01-31,0.0018
2022-02-01,0.002
2022-02-02,0.0022
2022-02-03,0.0022
2022-02-04,0.0025
2022-02-07,0.0032
2022-02-08,0.0033
2022-02-09,0.0034999999999999996
2022-02-10,0.0037
2022-02-11,0.0038
2022-02-14,0.0034000000000000002
2022-02-15,0.0043
2022-02-16,0.0049
2022-02-17,0.0046
2022-02-18,0.0042
2022-02-21,0.0042
2022-02-22,0.0039000000000000003
2022-02-23,0.0042
2022-02-24,0.0033
2022-02-25,0.0037
2022-02-28,0.0039000000000000003
2022-03-01,0.0027
2022-03-02,0.0021
2022-03-03,0.0026
2022-03-04,0.0019
2022-03-07,0.0008
2022-03-08,0.0018
2022-03-09,0.0033
2022-03-10,0.0033
2022-03-11,0.0039000000000000003
2022-03-14,0.004699999999999999
2022-03-15,0.0049
2022-03-16,0.0053
2022-03-17,0.0049
2022-03-18,0.0052
2022-03-21,0.005600000000000001
2022-03-22,0.0063
2022-03-23,0.0060999999999999995
2022-03-24,0.0064
2022-03-25,0.0060999999999999995
2022-03-28,0.0066
2022-03-29,0.0070999999999999995
2022-03-30,0.006999999999999999
2022-03-31,0.0068000000000000005
2022-04-01,0.0068000000000000005
2022-04-04,0.0059
2022-04-05,0.0062
2022-04-06,0.0073
2022-04-07,0.0075
2022-04-08,0.0078000000000000005
2022-04-11,0.0084
2022-04-12,0.009399999999999999
2022-04-13,0.0092
2022-04-14,0.009000000000000001
2022-04-19,0.0106
2022-04-20,0.0103
2022-04-21,0.0103
2022-04-22,0.0103
2022-04-25,0.0101
2022-04-26,0.009399999999999999
2022-04-27,0.0089
2022-04-28,0.0092
2022-04-29,0.0097
2022-05-02,0.0101
2022-05-03,0.0113
2022-05-04,0.011000000000000001
2022-05-05,0.011200000000000002
2022-05-06,0.011899999999999999
2022-05-09,0.0127
2022-05-10,0.011899999999999999
2022-05-11,0.011200000000000002
2022-05-12,0.0104
2022-05-13,0.010700000000000001
2022-05-16,0.0116
2022-05-17,0.0115
2022-05-18,0.0115
2022-05-19,0.0106
2022-05-20,0.011399999999999999
2022-05-23,0.011200000000000002
2022-05-24,0.0118
2022-05-25,0.0115
2022-05-26,0.0118
2022-05-27,0.0126
2022-05-30,0.0131
2022-05-31,0.0134
2022-06-01,0.0138
2022-06-02,0.0146
2022-06-03,0.0148
2022-06-06,0.015300000000000001
2022-06-07,0.0154
2022-06-08,0.0155
2022-06-09,0.0159
2022-06-10,0.0158
2022-06-13,0.016399999999999998
2022-06-14,0.0174
2022-06-15,0.018799999999999997
2022-06-16,0.019
2022-06-17,0.0182
2022-06-20,0.0184
2022-06-21,0.0195
2022-06-22,0.0192
2022-06-23,0.017
2022-06-24,0.0172
2022-06-27,0.0175
2022-06-28,0.0182
2022-06-29,0.0182
2022-06-30,0.0171
2022-07-01,0.0172
2022-07-04,0.016399999999999998
2022-07-05,0.016
2022-07-06,0.0154
2022-07-07,0.0161
2022-07-08,0.015600000000000001
2022-07-11,0.0161
2022-07-12,0.014199999999999999
2022-07-13,0.014499999999999999
2022-07-14,0.014499999999999999
2022-07-15,0.0138
2022-07-18,0.0144
2022-07-19,0.0146
2022-07-20,0.014499999999999999
2022-07-21,0.0149
2022-07-22,0.0131
2022-07-25,0.0134
2022-07-26,0.0126
2022-07-27,0.0123
2022-07-28,0.0127
2022-07-29,0.011899999999999999
2022-08-01,0.011200000000000002
2022-08-02,0.0102
2022-08-03,0.0108
2022-08-04,0.0109
2022-08-05,0.0105
2022-08-08,0.011399999999999999
2022-08-09,0.0116
2022-08-10,0.0115
2022-08-11,0.0118
2022-08-12,0.0128
2022-08-15,0.012
2022-08-16,0.012
2022-08-17,0.0132
2022-08-18,0.0132
2022-08-19,0.0138
2022-08-22,0.014199999999999999
2022-08-23,0.0147
2022-08-24,0.015
2022-08-25,0.0151
2022-08-26,0.0154
2022-08-29,0.016399999999999998
2022-08-30,0.0161
2022-08-31,0.0166
2022-09-01,0.0173
2022-09-02,0.0175
2022-09-05,0.0174
2022-09-06,0.0168
2022-09-07,0.0174
2022-09-08,0.0171
2022-09-09,0.0182
2022-09-12,0.0182
2022-09-13,0.0178
2022-09-14,0.0179
2022-09-15,0.0179
2022-09-16,0.0176
2022-09-19,0.0181
2022-09-20,0.018799999999999997
2022-09-21,0.0191
2022-09-22,0.0184
2022-09-23,0.0191
2022-09-26,0.019299999999999998
2022-09-27,0.019799999999999998
2022-09-28,0.0223
2022-09-29,0.0216
2022-09-30,0.0212
2022-10-03,0.0213
2022-10-04,0.019
2022-10-05,0.0203
2022-10-06,0.0203
2022-10-07,0.021099999999999997
2022-10-10,0.0219
2022-10-11,0.0236
2022-10-12,0.0245
2022-10-13,0.0241
2022-10-14,0.0233
2022-10-17,0.0241
2022-10-18,0.0246
2022-10-19,0.0242
2022-10-20,0.024900000000000002
2022-10-21,0.025699999999999997
2022-10-24,0.0252
2022-10-25,0.0235
2022-10-26,0.0223
2022-10-27,0.0227
2022-10-28,0.022099999999999998
2022-10-31,0.0222
2022-11-01,0.0217
2022-11-02,0.022400000000000003
2022-11-03,0.0226
2022-11-04,0.0225
2022-11-07,0.0229
2022-11-08,0.0232
2022-11-09,0.022400000000000003
2022-11-10,0.0218
2022-11-11,0.021
2022-11-14,0.0219
2022-11-15,0.021400000000000002
2022-11-16,0.0213
2022-11-17,0.02
2022-11-18,0.0206
2022-11-21,0.0202
2022-11-22,0.0199
2022-11-23,0.0196
2022-11-24,0.018000000000000002
2022-11-25,0.0184
2022-11-28,0.018600000000000002
2022-11-29,0.0184
2022-11-30,0.0183
2022-12-01,0.0175
2022-12-02,0.017
2022-12-05,0.0167
2022-12-06,0.0168
2022-12-07,0.0165
2022-12-08,0.0163
2022-12-09,0.0169
2022-12-12,0.0174
2022-12-13,0.0173
2022-12-14,0.0183
2022-12-15,0.0183
2022-12-16,0.019799999999999998
2022-12-19,0.0204
2022-12-20,0.0217
2022-12-21,0.0219
2022-12-22,0.022099999999999998
2022-12-23,0.022799999999999997
2022-12-27,0.023799999999999998
2022-12-28,0.0239
2022-12-29,0.0242
2022-12-30,0.024700000000000003
2023-01-02,0.0245
2023-01-03,0.0226
2023-01-04,0.0223
2023-01-05,0.022400000000000003
2023-01-06,0.022400000000000003
2023-01-09,0.022099999999999998
2023-01-10,0.0222
2023-01-11,0.0218
2023-01-12,0.021400000000000002
2023-01-13,0.0208
2023-01-16,0.0218
2023-01-17,0.0215
2023-01-18,0.0208
2023-01-19,0.0197
2023-01-20,0.0208
2023-01-23,0.0216
2023-01-24,0.0215
2023-01-25,0.0207
2023-01-26,0.0216
2023-01-27,0.022099999999999998
2023-01-30,0.0225
2023-01-31,0.022400000000000003
2023-02-01,0.022099999999999998
2023-02-02,0.022099999999999998
2023-02-03,0.0218
2023-02-06,0.0229
2023-02-07,0.0229
2023-02-08,0.0233
2023-02-09,0.0227
2023-02-10,0.0232
2023-02-13,0.0231
2023-02-14,0.023
2023-02-15,0.0233
2023-02-16,0.024300000000000002
2023-02-17,0.024700000000000003
2023-02-20,0.024
2023-02-21,0.0242
2023-02-22,0.024700000000000003
2023-02-23,0.024900000000000002
2023-02-24,0.024
2023-02-27,0.025
2023-02-28,0.0258
2023-03-01,0.0265
2023-03-02,0.026699999999999998
2023-03-03,0.0264
2023-03-06,0.025699999999999997
2023-03-07,0.025699999999999997
2023-03-08,0.026000000000000002
2023-03-09,0.026000000000000002
2023-03-10,0.024900000000000002
2023-03-13,0.0227
2023-03-14,0.0236
2023-03-15,0.0231
2023-03-16,0.0226
2023-03-17,0.022400000000000003
2023-03-20,0.021
2023-03-21,0.0227
2023-03-22,0.0231
2023-03-23,0.0229
2023-03-24,0.021
2023-03-27,0.0225
2023-03-28,0.023799999999999998
2023-03-29,0.023799999999999998
2023-03-30,0.024
2023-03-31,0.0239
2023-04-03,0.0242
2023-04-04,0.0235
2023-04-05,0.023700000000000002
2023-04-06,0.0223
2023-04-11,0.0233
2023-04-12,0.0239
2023-04-13,0.024700000000000003
2023-04-14,0.024700000000000003
2023-04-17,0.025
2023-04-18,0.0255
2023-04-19,0.0256
2023-04-20,0.0253
2023-04-21,0.025
2023-04-24,0.0252
2023-04-25,0.025099999999999997
2023-04-26,0.024399999999999998
2023-04-27,0.0253
2023-04-28,0.0245
2023-05-02,0.024700000000000003
2023-05-03,0.0235
2023-05-04,0.024
2023-05-05,0.024300000000000002
2023-05-08,0.0248
2023-05-09,0.025
2023-05-10,0.0253
2023-05-11,0.024700000000000003
2023-05-12,0.0242
2023-05-15,0.024700000000000003
2023-05-16,0.024900000000000002
2023-05-17,0.0252
2023-05-18,0.0258
2023-05-19,0.0263
2023-05-22,0.0258
2023-05-23,0.0265
2023-05-24,0.0262
2023-05-25,0.0264
2023-05-26,0.0268
2023-05-29,0.0262
2023-05-30,0.0256
2023-05-31,0.024399999999999998
2023-06-01,0.0248
2023-06-02,0.0248
2023-06-05,0.0254
2023-06-06,0.025099999999999997
2023-06-07,0.0253
2023-06-08,0.026099999999999998
2023-06-09,0.025699999999999997
2023-06-12,0.0253
2023-06-13,0.0253
2023-06-14,0.0258
2023-06-15,0.026000000000000002
2023-06-16,0.0258
2023-06-19,0.025699999999999997
2023-06-20,0.025699999999999997
2023-06-21,0.024700000000000003
2023-06-22,0.0248
2023-06-23,0.024
2023-06-26,0.023700000000000002
2023-06-27,0.023799999999999998
2023-06-28,0.023799999999999998
2023-06-29,0.023799999999999998
2023-06-30,0.0245
2023-07-03,0.0236
2023-07-04,0.024399999999999998
2023-07-05,0.0242
2023-07-06,0.0253
2023-07-07,0.0263
2023-07-10,0.026699999999999998
2023-07-11,0.026000000000000002
2023-07-12,0.0264
2023-07-13,0.0254
2023-07-14,0.0252
2023-07-17,0.025
2023-07-18,0.024399999999999998
2023-07-19,0.0239
2023-07-20,0.0246
2023-07-21,0.025099999999999997
2023-07-24,0.0245
2023-07-25,0.0248
2023-07-26,0.0248
2023-07-27,0.0254
2023-07-28,0.0258
2023-07-31,0.026000000000000002
2023-08-01,0.0258
2023-08-02,0.0262
2023-08-03,0.0268
2023-08-04,0.0269
2023-08-07,0.0268
2023-08-08,0.0258
2023-08-09,0.0256
2023-08-10,0.0262
2023-08-11,0.026600000000000002
2023-08-14,0.027000000000000003
2023-08-15,0.0277
2023-08-16,0.0275
2023-08-17,0.0278
2023-08-18,0.0271
2023-08-21,0.0276
2023-08-22,0.0275
2023-08-23,0.026600000000000002
2023-08-24,0.0259
2023-08-25,0.026600000000000002
2023-08-28,0.026699999999999998
2023-08-29,0.0265
2023-08-30,0.026600000000000002
2023-08-31,0.0262
2023-09-01,0.026000000000000002
2023-09-04,0.027000000000000003
2023-09-05,0.0274
2023-09-06,0.0275
2023-09-07,0.0275
2023-09-08,0.0273
2023-09-11,0.0275
2023-09-12,0.0275
2023-09-13,0.0279
2023-09-14,0.0275
2023-09-15,0.0278
2023-09-18,0.0282
2023-09-19,0.028399999999999998
2023-09-20,0.0287
2023-09-21,0.0288
2023-09-22,0.0288
2023-09-25,0.029500000000000002
2023-09-26,0.029900000000000003
2023-09-27,0.0297
2023-09-28,0.030899999999999997
2023-09-29,0.0302
2023-10-02,0.030699999999999998
2023-10-03,0.0315
2023-10-04,0.0319
2023-10-05,0.0318
2023-10-06,0.0313
2023-10-09,0.030899999999999997
2023-10-10,0.0304
2023-10-11,0.029300000000000003
2023-10-12,0.029300000000000003
2023-10-13,0.029500000000000002
2023-10-16,0.03
2023-10-17,0.0302
2023-10-18,0.031
2023-10-19,0.0313
2023-10-20,0.0313
2023-10-23,0.0318
2023-10-24,0.03
2023-10-25,0.0308
2023-10-26,0.0313
2023-10-27,0.0311
2023-10-30,0.0311
2023-10-31,0.030600000000000002
2023-11-01,0.031400000000000004
2023-11-02,0.030299999999999997
2023-11-03,0.0301
2023-11-06,0.0298
2023-11-07,0.029500000000000002
2023-11-08,0.0285
2023-11-09,0.0288
2023-11-10,0.0297
2023-11-13,0.029300000000000003
2023-11-14,0.0291
2023-11-15,0.028300000000000002
2023-11-16,0.0287
2023-11-17,0.0278
2023-11-20,0.0282
2023-11-21,0.0279
2023-11-22,0.0279
2023-11-23,0.0278
2023-11-24,0.028399999999999998
2023-11-27,0.028300000000000002
2023-11-28,0.0277
2023-11-29,0.0271
2023-11-30,0.0268
2023-12-01,0.0268
2023-12-04,0.0265
2023-12-05,0.025699999999999997
2023-12-06,0.024900000000000002
2023-12-07,0.0239
2023-12-08,0.024700000000000003
2023-12-11,0.024700000000000003
2023-12-12,0.024300000000000002
2023-12-13,0.023799999999999998
2023-12-14,0.0231
2023-12-15,0.0226
2023-12-18,0.0223
2023-12-19,0.0225
2023-12-20,0.022099999999999998
2023-12-21,0.0218
2023-12-22,0.0219
2023-12-27,0.0218
2023-12-28,0.0217
2023-12-29,0.0229
2024-01-02,0.0236
2024-01-03,0.0233
2024-01-04,0.023399999999999997
2024-01-05,0.024
2024-01-08,0.0241
2024-01-09,0.0245
2024-01-10,0.0241
2024-01-11,0.0242
2024-01-12,0.024
2024-01-15,0.0245
2024-01-16,0.0245
2024-01-17,0.0248
2024-01-18,0.025099999999999997
2024-01-19,0.0252
2024-01-22,0.024900000000000002
2024-01-23,0.025099999999999997
2024-01-24,0.0254
2024-01-25,0.025699999999999997
2024-01-26,0.025099999999999997
2024-01-29,0.024900000000000002
2024-01-30,0.024900000000000002
2024-01-31,0.0246
2024-02-01,0.0248
2024-02-02,0.024
2024-02-05,0.025099999999999997
2024-02-06,0.0256
2024-02-07,0.0254
2024-02-08,0.0255
2024-02-09,0.0258
2024-02-12,0.0258
2024-02-13,0.0258
2024-02-14,0.025699999999999997
2024-02-15,0.025099999999999997
2024-02-16,0.0258
2024-02-19,0.025699999999999997
2024-02-20,0.025699999999999997
2024-02-21,0.0258
2024-02-22,0.026099999999999998
2024-02-23,0.026000000000000002
2024-02-26,0.0253
2024-02-27,0.0259
2024-02-28,0.0264
2024-02-29,0.0264
2024-03-01,0.0256
2024-03-04,0.0254
2024-03-05,0.0253
2024-03-06,0.025099999999999997
2024-03-07,0.0245
2024-03-08,0.024399999999999998
2024-03-11,0.0245
2024-03-12,0.0246
2024-03-13,0.0248
2024-03-14,0.0255
2024-03-15,0.0259
2024-03-18,0.0262
2024-03-19,0.026099999999999998
2024-03-20,0.0259
2024-03-21,0.0258
2024-03-22,0.0256
2024-03-25,0.0253
2024-03-26,0.0252
2024-03-27,0.025099999999999997
2024-03-28,0.0248
2024-04-02,0.0255
2024-04-03,0.0259
2024-04-04,0.025699999999999997
2024-04-05,0.0255
2024-04-08,0.0262
2024-04-09,0.0255
2024-04-10,0.0252
2024-04-11,0.0259
2024-04-12,0.0253
2024-04-15,0.025699999999999997
2024-04-16,0.0262
2024-04-17,0.0263
2024-04-18,0.026000000000000002
2024-04-19,0.026099999999999998
2024-04-22,0.026699999999999998
2024-04-23,0.0263
2024-04-24,0.027000000000000003
2024-04-25,0.0274
2024-04-26,0.0275
2024-04-29,0.0268
2024-04-30,0.0269
2024-05-02,0.0268
2024-05-03,0.026600000000000002
2024-05-06,0.0259
2024-05-07,0.0258
2024-05-08,0.0258
2024-05-09,0.0265
2024-05-10,0.0262
2024-05-13,0.0268
2024-05-14,0.0268
2024-05-15,0.026600000000000002
2024-05-16,0.026099999999999998
2024-05-17,0.026600000000000002
2024-05-20,0.0269
2024-05-21,0.026699999999999998
2024-05-22,0.0269
2024-05-23,0.027000000000000003
2024-05-24,0.027200000000000002
2024-05-27,0.0274
2024-05-28,0.0271
2024-05-29,0.0278
2024-05-30,0.028399999999999998
2024-05-31,0.0285
2024-06-03,0.027999999999999997
2024-06-04,0.0273
2024-06-05,0.027200000000000002
2024-06-06,0.027000000000000003
2024-06-07,0.0273
2024-06-10,0.027999999999999997
2024-06-11,0.0282
2024-06-12,0.0278
2024-06-13,0.027200000000000002
2024-06-14,0.0259
2024-06-17,0.0256
2024-06-18,0.026000000000000002
2024-06-19,0.025699999999999997
2024-06-20,0.026099999999999998
2024-06-21,0.025699999999999997
2024-06-24,0.0262
2024-06-25,0.0262
2024-06-26,0.0263
2024-06-27,0.026600000000000002
2024-06-28,0.026600000000000002
2024-07-01,0.0278
2024-07-02,0.0281
2024-07-03,0.0281
2024-07-04,0.0278
2024-07-05,0.0276
2024-07-08,0.0276
2024-07-09,0.0274
2024-07-10,0.027200000000000002
2024-07-11,0.027200000000000002
2024-07-12,0.027000000000000003
2024-07-15,0.0268
2024-07-16,0.0264
2024-07-17,0.026099999999999998
2024-07-18,0.0264
2024-07-19,0.0264
2024-07-22,0.0269
2024-07-23,0.0268
2024-07-24,0.0265
2024-07-25,0.026600000000000002
2024-07-26,0.026699999999999998
2024-07-29,0.0258
2024-07-30,0.026000000000000002
2024-07-31,0.0258
2024-08-01,0.0253
2024-08-02,0.024700000000000003
2024-08-05,0.0241
2024-08-06,0.0241
2024-08-07,0.025
2024-08-08,0.024900000000000002
2024-08-09,0.025
2024-08-12,0.024900000000000002
2024-08-13,0.024900000000000002
2024-08-14,0.024700000000000003
2024-08-15,0.0246
2024-08-16,0.0248
2024-08-19,0.0245
2024-08-20,0.0248
2024-08-21,0.024700000000000003
2024-08-22,0.0248
2024-08-23,0.025099999999999997
2024-08-26,0.025
2024-08-27,0.0254
2024-08-28,0.0252
2024-08-29,0.0252
2024-08-30,0.0253
2024-09-02,0.026099999999999998
2024-09-03,0.026000000000000002
2024-09-04,0.0252
2024-09-05,0.024900000000000002
2024-09-06,0.024399999999999998
2024-09-09,0.0253
2024-09-10,0.0246
2024-09-11,0.0242
2024-09-12,0.0245
2024-09-13,0.0245
2024-09-16,0.0246
2024-09-17,0.0241
2024-09-18,0.0246
2024-09-19,0.025099999999999997
2024-09-20,0.024900000000000002
2024-09-23,0.0252
2024-09-24,0.0256
2024-09-25,0.025099999999999997
2024-09-26,0.025099999999999997
2024-09-27,0.0248
2024-09-30,0.0252
2024-10-01,0.0242
2024-10-02,0.024399999999999998
2024-10-03,0.024900000000000002
2024-10-04,0.0252
2024-10-07,0.0256
2024-10-08,0.025699999999999997
2024-10-09,0.0255
2024-10-10,0.0258
2024-10-11,0.026000000000000002
2024-10-14,0.0258
2024-10-15,0.0254
2024-10-16,0.0252
2024-10-17,0.0253
2024-10-18,0.0254
2024-10-21,0.0258
2024-10-22,0.026600000000000002
2024-10-23,0.026699999999999998
2024-10-24,0.0262
2024-10-25,0.0262
2024-10-28,0.0262
2024-10-29,0.0265
2024-10-30,0.026099999999999998
2024-10-31,0.026600000000000002
2024-11-01,0.026600000000000002
2024-11-04,0.0265
2024-11-05,0.0264
2024-11-06,0.026600000000000002
2024-11-07,0.0276
2024-11-08,0.0265
2024-11-11,0.025699999999999997
2024-11-12,0.0255
2024-11-13,0.0258
2024-11-14,0.026099999999999998
2024-11-15,0.025699999999999997
2024-11-18,0.0262
2024-11-19,0.0253
2024-11-20,0.0258
2024-11-21,0.0254
2024-11-22,0.025099999999999997
2024-11-25,0.0248
2024-11-26,0.0246
2024-11-27,0.023700000000000002
2024-11-28,0.0239
2024-11-29,0.023399999999999997
2024-12-02,0.023
2024-12-03,0.0231
2024-12-04,0.0231
2024-12-05,0.023
2024-12-06,0.0232
2024-12-09,0.0233
2024-12-10,0.023700000000000002
2024-12-11,0.0236
2024-12-12,0.024300000000000002
2024-12-13,0.0248
2024-12-16,0.0248
2024-12-17,0.0248
2024-12-18,0.024900000000000002
2024-12-19,0.025099999999999997
2024-12-20,0.0255
2024-12-23,0.0254
2024-12-27,0.0263
2024-12-30,0.0264
2025-01-02,0.026099999999999998
2025-01-03,0.0262
2025-01-06,0.026699999999999998
2025-01-07,0.027000000000000003
2025-01-08,0.0273
2025-01-09,0.0278
2025-01-10,0.0281
2025-01-13,0.028300000000000002
2025-01-14,0.0285
2025-01-15,0.0286
2025-01-16,0.0281
2025-01-17,0.0277
2025-01-20,0.0278
2025-01-21,0.0275
2025-01-22,0.0275
2025-01-23,0.0278
2025-01-24,0.0281
2025-01-27,0.0276
2025-01-28,0.0278
2025-01-29,0.0277
2025-01-30,0.0277
2025-01-31,0.0275
2025-02-03,0.026600000000000002
2025-02-04,0.0269
2025-02-05,0.026099999999999998
2025-02-06,0.0262
2025-02-07,0.026099999999999998
2025-02-10,0.0264
2025-02-11,0.026699999999999998
2025-02-12,0.027200000000000002
2025-02-13,0.027200000000000002
2025-02-14,0.0268
2025-02-17,0.0277
2025-02-18,0.0277
2025-02-19,0.0279
2025-02-20,0.0281
2025-02-21,0.0276
2025-02-24,0.0274
2025-02-25,0.0276
2025-02-26,0.027000000000000003
2025-02-27,0.027200000000000002
2025-02-28,0.0268
2025-03-03,0.0278
2025-03-04,0.027999999999999997
2025-03-05,0.0302
2025-03-06,0.031200000000000002
2025-03-07,0.031
2025-03-10,0.031
2025-03-11,0.0318
2025-03-12,0.0322
2025-03-13,0.0322
2025-03-14,0.0323
2025-03-17,0.0315
2025-03-18,0.0318
2025-03-19,0.031200000000000002
2025-03-20,0.031
2025-03-21,0.0311
2025-03-24,0.0313
2025-03-25,0.0317
2025-03-26,0.0315
2025-03-27,0.0316
2025-03-28,0.030899999999999997
2025-03-31,0.0308
2025-04-01,0.0305
2025-04-02,0.0305
2025-04-03,0.030600000000000002
2025-04-04,0.029300000000000003
2025-04-07,0.0287
2025-04-08,0.030299999999999997
2025-04-09,0.0304
2025-04-10,0.0304
2025-04-11,0.029500000000000002
2025-04-14,0.0292
2025-04-15,0.0291
2025-04-16,0.0291
2025-04-17,0.029500000000000002
2025-04-22,0.028999999999999998
2025-04-23,0.0291
2025-04-24,0.0292
2025-04-25,0.0292
2025-04-28,0.0296
2025-04-29,0.029500000000000002
2025-04-30,0.0292
2025-05-02,0.0292
2025-05-05,0.0298
2025-05-06,0.030299999999999997
2025-05-07,0.0301
2025-05-08,0.029900000000000003
2025-05-09,0.030699999999999998
2025-05-12,0.030899999999999997
2025-05-13,0.0315
2025-05-14,0.0316
2025-05-15,0.0316
2025-05-16,0.030299999999999997
2025-05-19,0.031400000000000004
2025-05-20,0.0305
2025-05-21,0.0318
2025-05-22,0.0317
2025-05-23,0.0315
2025-05-26,0.0313
2025-05-27,0.0304
2025-05-28,0.030600000000000002
2025-05-29,0.030699999999999998
2025-05-30,0.0304
2025-06-02,0.030600000000000002
2025-06-03,0.0302
2025-06-04,0.0305
2025-06-05,0.0298
2025-06-06,0.0301
2025-06-09,0.029900000000000003
2025-06-10,0.0301
2025-06-11,0.030299999999999997
2025-06-12,0.029900000000000003
2025-06-13,0.029500000000000002
2025-06-16,0.0304
2025-06-17,0.0302
2025-06-18,0.0301
2025-06-19,0.029900000000000003
2025-06-20,0.029900000000000003
2025-06-23,0.0302
2025-06-24,0.030699999999999998
2025-06-25,0.0304
2025-06-26,0.030699999999999998
2025-06-27,0.030899999999999997
2025-06-30,0.0308
2025-07-01,0.030600000000000002
2025-07-02,0.030899999999999997
2025-07-03,0.030899999999999997
2025-07-04,0.030600000000000002
2025-07-07,0.0311
2025-07-08,0.0318
2025-07-09,0.0316
2025-07-10,0.0318
2025-07-11,0.032400000000000005
2025-07-14,0.032400000000000005
2025-07-15,0.032
2025-07-16,0.0323
2025-07-17,0.0323
2025-07-18,0.0321
2025-07-21,0.0317
2025-07-22,0.0315
2025-07-23,0.031400000000000004
2025-07-24,0.0318
2025-07-25,0.0325
2025-07-28,0.0319
2025-07-29,0.032
2025-07-30,0.0319
2025-07-31,0.0318
2025-08-01,0.0319
2025-08-04,0.032
2025-08-05,0.031400000000000004
2025-08-06,0.0317
2025-08-07,0.0315
2025-08-08,0.0316
2025-08-11,0.032
2025-08-12,0.0323
2025-08-13,0.0325
2025-08-14,0.0321
2025-08-15,0.033
2025-08-18,0.0331
2025-08-19,0.0335
2025-08-20,0.033
2025-08-21,0.033
2025-08-22,0.0332
2025-08-25,0.0335
2025-08-26,0.0333
2025-08-27,0.0329
2025-08-28,0.0332
2025-08-29,0.0333
2025-09-01,0.0337
2025-09-02,0.0341
2025-09-03,0.0342
2025-09-04,0.0334
2025-09-05,0.0335
2025-09-08,0.033
2025-09-09,0.033
2025-09-10,0.0329
2025-09-11,0.0329
2025-09-12,0.032799999999999996
2025-09-15,0.033
2025-09-16,0.0329
2025-09-17,0.0327
2025-09-18,0.0327
2025-09-19,0.0333
2025-09-22,0.0335
2025-09-23,0.0336
2025-09-24,0.0335
2025-09-25,0.0334
2025-09-26,0.0334
2025-09-29,0.0332
2025-09-30,0.033
2025-10-01,0.0333
2025-10-02,0.0331
2025-10-03,0.0329
2025-10-06,0.0332
2025-10-07,0.0334
2025-10-08,0.033
2025-10-09,0.033
2025-10-10,0.0327
2025-10-13,0.032400000000000005
2025-10-14,0.032
2025-10-15,0.0319
2025-10-16,0.0318
2025-10-17,0.0317
2025-10-20,0.0321
2025-10-21,0.0317
2025-10-22,0.0315
2025-10-23,0.0319
2025-10-24,0.0321
2025-10-27,0.032400000000000005
2025-10-28,0.0321
2025-10-29,0.0322
2025-10-30,0.0323
2025-10-31,0.032400000000000005
2025-11-03,0.032400000000000005
2025-11-04,0.0326
2025-11-05,0.0326
2025-11-06,0.0327
2025-11-07,0.0329
2025-11-10,0.0329
2025-11-11,0.0329
2025-11-12,0.032799999999999996
2025-11-13,0.0326
2025-11-14,0.0333
2025-11-17,0.0333
2025-11-18,0.0333
2025-11-19,0.0335
2025-11-20,0.0337
2025-11-21,0.0334
2025-11-24,0.0334
2025-11-25,0.0335
2025-11-26,0.0334
2025-11-27,0.0335
2025-11-28,0.0335
2025-12-01,0.034
2025-12-02,0.0342
2025-12-03,0.034300000000000004
2025-12-04,0.034300000000000004
2025-12-05,0.0345
2025-12-08,0.035
2025-12-09,0.0349
2025-12-10,0.0352
2025-12-11,0.0351
2025-12-12,0.0351
2025-12-15,0.0349
2025-12-16,0.035
2025-12-17,0.0351
2025-12-18,0.0352
2025-12-19,0.035699999999999996
2025-12-22,0.0358
2025-12-23,0.0353
2025-12-29,0.0352
2025-12-30,0.0351
2026-01-02,0.0354
2026-01-05,0.0356
2026-01-06,0.0354
2026-01-07,0.0346
2026-01-08,0.0351
2026-01-09,0.0352
2026-01-12,0.035
2026-01-13,0.035
2026-01-14,0.035
2026-01-15,0.0347
2026-01-16,0.0347
2026-01-19,0.0349
2026-01-20,0.0355
2026-01-21,0.0354
2026-01-22,0.0354
2026-01-23,0.0355
2026-01-26,0.0354
2026-01-27,0.0354
2026-01-28,0.0352
2026-01-29,0.0354
2026-01-30,0.0355
2026-02-02,0.0354
2026-02-03,0.035699999999999996
2026-02-04,0.0358
2026-02-05,0.0359
2026-02-06,0.0354
2026-02-09,0.0358
2026-02-10,0.0356
2026-02-11,0.0353
2026-02-12,0.035
2026-02-13,0.0349
2026-02-16,0.0348
2026-02-17,0.0345
2026-02-18,0.0345
2026-02-19,0.0347
2026-02-20,0.0344
2026-02-23,0.0345
2026-02-24,0.0342
2026-02-25,0.0344
2026-02-26,0.0342
2026-02-27,0.0341
2026-03-02,0.0338
2026-03-03,0.0347
2026-03-04,0.0346
2026-03-05,0.0348
2026-03-06,0.0347
2026-03-09,0.0348
2026-03-10,0.0349
2026-03-11,0.0353
2026-03-12,0.0355
2026-03-13,0.0358
2026-03-16,0.0358
2026-03-17,0.0355
2026-03-18,0.035
2026-03-19,0.0354
2026-03-20,0.0353
2026-03-23,0.035699999999999996
2026-03-24,0.0354
2026-03-25,0.0348
2026-03-26,0.0351
2026-03-27,0.0358
2026-03-30,0.0358
2026-03-31,0.0352
2026-04-01,0.0346
2026-04-02,0.0354
2026-04-07,0.0351
2026-04-08,0.035
2026-04-09,0.0354
2026-04-10,0.0361
2026-04-13,0.0363
2026-04-14,0.0363
2026-04-15,0.0363
2026-04-16,0.0364
2026-04-17,0.0364
2026-04-20,0.0361
2026-04-21,0.0358
2026-04-22,0.036000000000000004
2026-04-23,0.036000000000000004
2026-04-24,0.036000000000000004
2026-04-27,0.036000000000000004
2026-04-28,0.0363
2026-04-29,0.0363
2026-04-30,0.0364
2026-05-04,0.036000000000000004
2026-05-05,0.0362
2026-05-06,0.035699999999999996
2026-05-07,0.0358
2026-05-08,0.0359
2026-05-11,0.036000000000000004
2026-05-12,0.0366
2026-05-13,0.0366
2026-05-14,0.0366
2026-05-15,0.0368
2026-05-18,0.0373
2026-05-19,0.0373
2026-05-20,0.0373
2026-05-21,0.0365
2026-05-22,0.0363
2026-05-25,0.0354
2026-05-26,0.0356
2026-05-27,0.0355
2026-05-28,0.0358
2026-05-29,0.0356
2026-06-01,0.035699999999999996
2026-06-02,0.0355
2026-06-03,0.036000000000000004
2026-06-04,0.0362
2026-06-05,0.0361
2026-06-08,0.0363
2026-06-09,0.0364
2026-06-10,0.0364
2026-06-11,0.0365
2026-06-12,0.0358
2026-06-15,0.035699999999999996
2026-06-16,0.0355
2026-06-17,0.0354
2026-06-18,0.0352
2026-06-19,0.0356
2026-06-22,0.035699999999999996
2026-06-23,0.0354
2026-06-24,0.035
2026-06-25,0.0346
2026-06-26,0.0346
2026-06-29,0.0347
2026-06-30,0.0346
2026-07-01,0.035
2026-07-02,0.0354
2026-07-03,0.0356
2026-07-06,0.0356
2026-07-07,0.0361
2026-07-08,0.0368
2026-07-09,0.0369
2026-07-10,0.036699999999999997
2026-07-13,0.036699999999999997
2026-07-14,0.0368
2026-07-15,0.037000000000000005
2026-07-16,0.0371
2026-07-17,0.0369
2026-07-20,0.0369
2026-07-21,0.0371
2026-07-22,0.0371
2026-07-23,0.0371
2026-07-24,0.0371
2026-07-27,0.036699999999999997
2026-07-28,0.0365
2026-07-29,0.0366
2026-07-30,0.037200000000000004
2026-07-31,0.037000000000000005
2026-08-03,0.037000000000000005
2026-08-04,0.0371
2026-08-05,0.0366
2026-08-06,0.036699999999999997
2026-08-07,0.037000000000000005
2026-08-10,0.0369
2026-08-11,0.0374
2026-08-12,0.037000000000000005
2026-08-13,0.0371
2026-08-14,0.0373
2026-08-17,0.0378
2026-08-18,0.0383
2026-08-19,0.0383
2026-08-20,0.0381
2026-08-21,0.0381
2026-08-24,0.0381
2026-08-25,0.038
2026-08-26,0.0377
2026-08-27,0.0366
2026-08-28,0.0368
2026-08-31,0.0385
2026-09-01,0.0374
2026-09-02,0.039
2026-09-03,0.0387
2026-09-04,0.0387
2026-09-07,0.0387
2026-09-08,0.039
2026-09-09,0.0388
2026-09-10,0.0394
2026-09-11,0.0394
2026-09-14,0.0394
2026-09-15,0.0395
2026-09-16,0.0395
2026-09-17,0.0392
2026-09-18,0.038900000000000004
2026-09-21,0.0384
2026-09-22,0.0383
2026-09-23,0.0385
2026-09-24,0.0391
2026-09-25,0.0392
2026-09-28,0.0398
2026-09-29,0.04
2026-09-30,0.039599999999999996
2026-10-01,0.04
2026-10-02,0.0387
2026-10-05,0.0388
