date,beta0
1997-08-07,0.07351
1997-08-08,0.07481
1997-08-11,0.074138
1997-08-12,0.0733101
1997-08-13,0.0735156
1997-08-14,0.0700844
1997-08-15,0.0687916
1997-08-18,0.07297340000000001
1997-08-19,0.0721204
1997-08-20,0.0707619
1997-08-21,0.06811919999999999
1997-08-22,0.0687055
1997-08-25,0.0710359
1997-08-26,0.0709901
1997-08-27,0.069254
1997-08-28,0.0660562
1997-08-29,0.07232910000000001
1997-09-01,0.0730846
1997-09-02,0.0725671
1997-09-03,0.07204769999999999
1997-09-04,0.0717985
1997-09-05,0.0708903
1997-09-08,0.07206610000000001
1997-09-09,0.0716825
1997-09-10,0.0718472
1997-09-11,0.0717216
1997-09-12,0.0717934
1997-09-15,0.0708373
1997-09-16,0.0670181
1997-09-17,0.070303
1997-09-18,0.0706652
1997-09-19,0.0703158
1997-09-22,0.0690445
1997-09-23,0.0704905
1997-09-24,0.0683491
1997-09-25,0.0694219
1997-09-26,0.0690689
1997-09-29,0.0447263
1997-09-30,0.06911679999999999
1997-10-01,0.06919550000000001
1997-10-02,0.0685356
1997-10-06,0.0689583
1997-10-07,0.067448
1997-10-08,0.06769059999999999
1997-10-09,0.06813
1997-10-10,0.0664512
1997-10-13,0.06609090000000001
1997-10-14,0.0675065
1997-10-15,0.0671932
1997-10-16,0.068507
1997-10-17,0.06775400000000001
1997-10-20,0.0682313
1997-10-21,0.0682008
1997-10-22,0.0683749
1997-10-23,0.06844299999999999
1997-10-24,0.0691276
1997-10-27,0.0688479
1997-10-28,0.0747952
1997-10-29,0.0729277
1997-10-30,0.0692732
1997-10-31,0.07061060000000001
1997-11-03,0.0700287
1997-11-04,0.070122
1997-11-05,0.07494139999999999
1997-11-06,0.08518890000000001
1997-11-07,0.0843073
1997-11-10,0.072774
1997-11-11,0.070142
1997-11-12,0.07693520000000001
1997-11-13,0.0841692
1997-11-14,0.0839278
1997-11-17,0.0758166
1997-11-18,0.08152559999999999
1997-11-19,0.0800638
1997-11-20,0.0696869
1997-11-21,0.091231
1997-11-24,0.0695592
1997-11-25,0.09102489999999999
1997-11-26,0.0831779
1997-11-27,0.06868579999999999
1997-11-28,0.0685808
1997-12-01,0.072102
1997-12-02,0.0683486
1997-12-03,0.0749937
1997-12-04,0.0702261
1997-12-05,0.068036
1997-12-08,0.0818476
1997-12-09,0.0735516
1997-12-10,0.0658993
1997-12-11,0.0658595
1997-12-12,0.065989
1997-12-15,0.0736421
1997-12-16,0.0639733
1997-12-17,0.0705987
1997-12-18,0.0696351
1997-12-19,0.06658019999999999
1997-12-22,0.0882251
1997-12-23,0.0648076
1997-12-29,0.0667301
1997-12-30,0.06542690000000001
1998-01-02,0.0659502
1998-01-05,0.0641833
1998-01-06,0.0653776
1998-01-07,0.0640203
1998-01-08,0.0630328
1998-01-09,0.0620564
1998-01-12,0.0610641
1998-01-13,0.0865075
1998-01-14,0.062609
1998-01-15,0.0865451
1998-01-16,0.068107
1998-01-19,0.0664497
1998-01-20,0.0620959
1998-01-21,0.0622993
1998-01-22,0.0685193
1998-01-23,0.0627153
1998-01-26,0.0640892
1998-01-27,0.0631997
1998-01-28,0.0630025
1998-01-29,0.0635075
1998-01-30,0.0758378
1998-02-02,0.0634847
1998-02-03,0.0710569
1998-02-04,0.0690384
1998-02-05,0.06358710000000001
1998-02-06,0.0659764
1998-02-09,0.07024219999999999
1998-02-10,0.0629385
1998-02-11,0.0653937
1998-02-12,0.061942199999999996
1998-02-13,0.0616593
1998-02-16,0.06388060000000001
1998-02-17,0.062133200000000006
1998-02-18,0.064931
1998-02-19,0.0616861
1998-02-20,0.0687868
1998-02-23,0.061535900000000004
1998-02-24,0.06198820000000001
1998-02-25,0.0622753
1998-02-26,0.06158280000000001
1998-02-27,0.0613457
1998-03-02,0.0646699
1998-03-03,0.0653487
1998-03-04,0.0670494
1998-03-05,0.0663265
1998-03-06,0.070992
1998-03-09,0.06332360000000001
1998-03-10,0.066155
1998-03-11,0.063017
1998-03-12,0.062355999999999995
1998-03-13,0.0673479
1998-03-16,0.0616646
1998-03-17,0.0613112
1998-03-18,0.0673725
1998-03-19,0.0615573
1998-03-20,0.061325500000000005
1998-03-23,0.060529
1998-03-24,0.0626164
1998-03-25,0.0603967
1998-03-26,0.060614600000000005
1998-03-27,0.0600239
1998-03-30,0.0604665
1998-03-31,0.063094
1998-04-01,0.0656618
1998-04-02,0.0668705
1998-04-03,0.0592678
1998-04-06,0.0579407
1998-04-07,0.0615091
1998-04-08,0.0607819
1998-04-09,0.0634211
1998-04-14,0.06377769999999999
1998-04-15,0.0652623
1998-04-16,0.0645097
1998-04-17,0.0604238
1998-04-20,0.06454030000000001
1998-04-21,0.060251799999999994
1998-04-22,0.06370479999999999
1998-04-23,0.0614582
1998-04-24,0.06576209999999999
1998-04-27,0.063239
1998-04-28,0.0720473
1998-04-29,0.0696013
1998-04-30,0.0668868
1998-05-04,0.0618013
1998-05-05,0.0663847
1998-05-06,0.0657222
1998-05-07,0.06157409999999999
1998-05-08,0.0605489
1998-05-11,0.0614602
1998-05-12,0.06060069999999999
1998-05-13,0.060256699999999996
1998-05-14,0.06298129999999999
1998-05-15,0.060605700000000005
1998-05-18,0.0712472
1998-05-19,0.0616309
1998-05-20,0.0627842
1998-05-22,0.06461940000000001
1998-05-25,0.06450510000000001
1998-05-26,0.0632362
1998-05-27,0.062874
1998-05-28,0.0640034
1998-05-29,0.0650554
1998-06-02,0.0714363
1998-06-03,0.0613641
1998-06-04,0.061949500000000005
1998-06-05,0.062168400000000006
1998-06-08,0.0621858
1998-06-09,0.0618984
1998-06-10,0.0616793
1998-06-12,0.059398400000000004
1998-06-15,0.059382700000000004
1998-06-16,0.058673
1998-06-17,0.0592745
1998-06-18,0.0594487
1998-06-19,0.059608499999999995
1998-06-22,0.0586447
1998-06-23,0.0590727
1998-06-24,0.0592202
1998-06-25,0.0591944
1998-06-26,0.0593673
1998-06-29,0.0590714
1998-06-30,0.0571431
1998-07-01,0.0592813
1998-07-02,0.0566191
1998-07-03,0.058613
1998-07-06,0.0560487
1998-07-07,0.056183699999999996
1998-07-08,0.0561046
1998-07-09,0.0584661
1998-07-10,0.060353399999999995
1998-07-13,0.0602027
1998-07-14,0.0630169
1998-07-15,0.0633846
1998-07-16,0.0618176
1998-07-17,0.0616834
1998-07-20,0.0626435
1998-07-21,0.0609797
1998-07-22,0.0600618
1998-07-23,0.0636557
1998-07-24,0.0620959
1998-07-27,0.0615669
1998-07-28,0.0642455
1998-07-29,0.0602108
1998-07-30,0.061615500000000004
1998-07-31,0.0617684
1998-08-03,0.06761400000000001
1998-08-04,0.061649
1998-08-05,0.059652399999999994
1998-08-06,0.0591293
1998-08-07,0.0601285
1998-08-10,0.0595843
1998-08-11,0.05604339999999999
1998-08-12,0.0624391
1998-08-13,0.059725400000000005
1998-08-14,0.0571427
1998-08-17,0.0574758
1998-08-18,0.0581923
1998-08-19,0.0540189
1998-08-20,0.062492799999999994
1998-08-21,0.059238299999999994
1998-08-24,0.059135099999999996
1998-08-25,0.0617859
1998-08-26,0.020731899999999998
1998-08-27,0.06529639999999999
1998-08-28,0.0613885
1998-08-31,0.0291073
1998-09-01,0.0634762
1998-09-02,0.0604993
1998-09-03,0.059388699999999996
1998-09-04,0.0602307
1998-09-07,0.0594697
1998-09-08,0.0602986
1998-09-09,0.05431060000000001
1998-09-10,0.0618436
1998-09-11,0.059184
1998-09-14,0.0657508
1998-09-15,0.0636826
1998-09-16,0.0651952
1998-09-17,0.0593321
1998-09-18,0.0653551
1998-09-21,0.0629533
1998-09-22,0.0645043
1998-09-23,0.06485490000000001
1998-09-24,0.070068
1998-09-25,0.0672639
1998-09-28,0.07218770000000001
1998-09-29,0.0672356
1998-09-30,0.0659839
1998-10-01,0.0683346
1998-10-02,0.0693484
1998-10-05,0.0731981
1998-10-06,0.0764783
1998-10-07,0.0697506
1998-10-08,0.07832360000000001
1998-10-09,0.0655002
1998-10-12,0.0818737
1998-10-13,0.0665795
1998-10-14,0.0669497
1998-10-15,0.0688003
1998-10-16,0.0704833
1998-10-19,0.07055360000000001
1998-10-20,0.0293202
1998-10-21,0.07212299999999999
1998-10-22,0.0771525
1998-10-23,0.0769277
1998-10-26,0.07915219999999999
1998-10-27,0.08104309999999999
1998-10-28,0.08227690000000001
1998-10-29,0.0806675
1998-10-30,0.0818544
1998-11-02,0.0820866
1998-11-03,0.08001889999999999
1998-11-04,0.071947
1998-11-05,0.0821366
1998-11-06,0.0733589
1998-11-09,0.0717326
1998-11-10,0.0757389
1998-11-11,0.074621
1998-11-12,0.08177870000000001
1998-11-13,0.0778827
1998-11-16,0.0760544
1998-11-17,0.0746085
1998-11-18,0.0766898
1998-11-19,0.07569530000000001
1998-11-20,0.0733409
1998-11-23,0.0680014
1998-11-24,0.0709949
1998-11-25,0.06901099999999999
1998-11-26,0.0667929
1998-11-27,0.0674662
1998-11-30,0.06333
1998-12-01,0.0658399
1998-12-02,0.06793160000000001
1998-12-03,0.0651618
1998-12-04,0.0620363
1998-12-07,0.0639097
1998-12-08,0.0634594
1998-12-09,0.0608111
1998-12-10,0.0605582
1998-12-11,0.058518600000000004
1998-12-14,0.059479300000000006
1998-12-15,0.059063
1998-12-16,0.0587665
1998-12-17,0.0587867
1998-12-18,0.0591734
1998-12-21,0.057302900000000004
1998-12-22,0.060284000000000004
1998-12-23,0.0603308
1998-12-28,0.0604956
1998-12-29,0.0611535
1998-12-30,0.0778789
1999-01-04,0.0578285
1999-01-05,0.0576192
1999-01-06,0.056897399999999994
1999-01-07,0.0570144
1999-01-08,0.0591991
1999-01-11,0.059287900000000004
1999-01-12,0.0608645
1999-01-13,0.061146700000000005
1999-01-14,0.0638016
1999-01-15,0.06357700000000001
1999-01-18,0.063271
1999-01-19,0.0623245
1999-01-20,0.0635407
1999-01-21,0.061106499999999994
1999-01-22,0.060984699999999996
1999-01-25,0.0607039
1999-01-26,0.040397999999999996
1999-01-27,0.060937700000000004
1999-01-28,0.060520899999999996
1999-01-29,0.0609498
1999-02-01,0.0599169
1999-02-02,0.0602752
1999-02-03,0.0629179
1999-02-04,0.06282689999999999
1999-02-05,0.0607658
1999-02-08,0.0624818
1999-02-09,0.0641579
1999-02-10,0.065233
1999-02-11,0.0589036
1999-02-12,0.0651654
1999-02-15,0.064627
1999-02-16,0.062826
1999-02-17,0.0650903
1999-02-18,0.0637899
1999-02-19,0.06284290000000001
1999-02-22,0.0640064
1999-02-23,0.064553
1999-02-24,0.0642618
1999-02-25,0.0666692
1999-02-26,0.0594705
1999-03-01,0.0670251
1999-03-02,0.0676546
1999-03-03,0.068396
1999-03-04,0.0687362
1999-03-05,0.0687663
1999-03-08,0.0202175
1999-03-09,0.0673389
1999-03-10,0.0675585
1999-03-11,0.0663961
1999-03-12,0.0650207
1999-03-15,0.0668738
1999-03-16,0.0689393
1999-03-17,0.0665024
1999-03-18,0.0660394
1999-03-19,0.0640375
1999-03-22,0.0652513
1999-03-23,0.068641
1999-03-24,0.06462180000000001
1999-03-25,0.06850629999999999
1999-03-26,0.0655723
1999-03-29,0.0651751
1999-03-30,0.0621735
1999-03-31,0.0649658
1999-04-01,0.0738129
1999-04-06,0.0634056
1999-04-07,0.0629651
1999-04-08,0.0684352
1999-04-09,0.0616863
1999-04-12,0.0657218
1999-04-13,0.0637242
1999-04-14,0.0611299
1999-04-15,0.0181507
1999-04-16,0.043482900000000005
1999-04-19,0.0649902
1999-04-20,0.0655591
1999-04-21,0.0622691
1999-04-22,0.0628364
1999-04-23,0.0626678
1999-04-26,0.0629946
1999-04-27,0.0631581
1999-04-28,0.0623649
1999-04-29,0.061054399999999995
1999-04-30,0.0605396
1999-05-03,0.0622061
1999-05-04,0.0623839
1999-05-05,0.0632413
1999-05-06,0.0631441
1999-05-07,0.0623938
1999-05-10,0.0760771
1999-05-11,0.0625852
1999-05-12,0.0633304
1999-05-14,0.0651706
1999-05-17,0.0606924
1999-05-18,0.0209006
1999-05-19,0.0663568
1999-05-20,0.0658475
1999-05-21,0.0650555
1999-05-25,0.06373859999999999
1999-05-26,0.0639612
1999-05-27,0.066055
1999-05-28,0.0639758
1999-05-31,0.06429420000000001
1999-06-01,0.06633499999999999
1999-06-02,0.06534659999999999
1999-06-04,0.0663887
1999-06-07,0.0674792
1999-06-08,0.0651241
1999-06-09,0.06529829999999999
1999-06-10,0.0663161
1999-06-11,0.0676611
1999-06-14,0.0672792
1999-06-15,0.0649545
1999-06-16,0.0670679
1999-06-17,0.0642905
1999-06-18,0.06828680000000001
1999-06-21,0.06388379999999999
1999-06-22,0.0676693
1999-06-23,0.069593
1999-06-24,0.065234
1999-06-25,0.074585
1999-06-28,0.0738703
1999-06-29,0.07289119999999999
1999-06-30,0.0700957
1999-07-01,0.0635179
1999-07-02,0.0849244
1999-07-05,0.0845997
1999-07-06,0.0734702
1999-07-07,0.0646347
1999-07-08,0.0858283
1999-07-09,0.0852444
1999-07-12,0.0713008
1999-07-13,0.06911400000000001
1999-07-14,0.08439740000000001
1999-07-15,0.069426
1999-07-16,0.0704724
1999-07-19,0.07381789999999999
1999-07-20,0.0700118
1999-07-21,0.07383
1999-07-22,0.0640008
1999-07-23,0.068651
1999-07-26,0.0647487
1999-07-27,0.06417869999999999
1999-07-28,0.024510999999999998
1999-07-29,0.0704684
1999-07-30,0.0720322
1999-08-02,0.0740248
1999-08-03,0.0743971
1999-08-04,0.0734386
1999-08-05,0.0733638
1999-08-06,0.07265579999999999
1999-08-09,0.0717768
1999-08-10,0.0715719
1999-08-11,0.07678639999999999
1999-08-12,0.0777215
1999-08-13,0.072783
1999-08-16,0.0715518
1999-08-17,0.0723851
1999-08-18,0.045795199999999994
1999-08-19,0.0761858
1999-08-20,0.0764237
1999-08-23,0.07476
1999-08-24,0.0748303
1999-08-25,0.0735311
1999-08-26,0.0460258
1999-08-27,0.0743246
1999-08-30,0.0724934
1999-08-31,0.0732377
1999-09-01,0.0759352
1999-09-02,0.077736
1999-09-03,0.081511
1999-09-06,0.0868865
1999-09-07,0.0834968
1999-09-08,0.08126620000000001
1999-09-09,0.07709869999999999
1999-09-10,0.0756443
1999-09-13,0.0747567
1999-09-14,0.0770935
1999-09-15,0.0790776
1999-09-16,0.0795013
1999-09-17,0.0806228
1999-09-20,0.0820203
1999-09-21,0.0812253
1999-09-22,0.0796155
1999-09-23,0.08015219999999999
1999-09-24,0.0738984
1999-09-27,0.082728
1999-09-28,0.0765738
1999-09-29,0.08074379999999999
1999-09-30,0.075521
1999-10-01,0.0705253
1999-10-04,0.0719709
1999-10-05,0.0700359
1999-10-06,0.07004389999999999
1999-10-07,0.07288359999999999
1999-10-08,0.072755
1999-10-11,0.0745532
1999-10-12,0.0765469
1999-10-13,0.0739884
1999-10-14,0.0758913
1999-10-15,0.07650470000000001
1999-10-18,0.0741609
1999-10-19,0.0753226
1999-10-20,0.0795655
1999-10-21,0.08100450000000001
1999-10-22,0.0822851
1999-10-25,0.07815820000000001
1999-10-26,0.0839698
1999-10-27,0.0876329
1999-10-28,0.08088329999999999
1999-10-29,0.0843918
1999-11-01,0.0816179
1999-11-02,0.0767857
1999-11-03,0.0774153
1999-11-04,0.0831017
1999-11-05,0.08084730000000001
1999-11-08,0.0855724
1999-11-09,0.0839818
1999-11-10,0.08595269999999999
1999-11-11,0.0631554
1999-11-12,0.081647
1999-11-15,0.08582200000000001
1999-11-16,0.0854897
1999-11-17,0.085947
1999-11-18,0.086646
1999-11-19,0.0865042
1999-11-22,0.0870116
1999-11-23,0.0869722
1999-11-24,0.0879378
1999-11-25,0.0879959
1999-11-26,0.0883558
1999-11-29,0.0882661
1999-11-30,0.0881438
1999-12-01,0.08765679999999999
1999-12-02,0.0875289
1999-12-03,0.0882276
1999-12-06,0.08749739999999999
1999-12-07,0.08583030000000001
1999-12-08,0.0864628
1999-12-09,0.0830837
1999-12-10,0.08643269999999999
1999-12-13,0.079362
1999-12-14,0.0762774
1999-12-15,0.0775674
1999-12-16,0.0734612
1999-12-17,0.0777024
1999-12-20,0.0811017
1999-12-21,0.0779951
1999-12-22,0.0739109
1999-12-23,0.07389949999999999
1999-12-27,0.07173650000000001
1999-12-28,0.0736338
1999-12-29,0.070268
1999-12-30,0.0742063
2000-01-03,0.0801258
2000-01-04,0.0778627
2000-01-05,0.0740167
2000-01-06,0.07435220000000001
2000-01-07,0.0729814
2000-01-10,0.0679601
2000-01-11,0.0695302
2000-01-12,0.07369629999999999
2000-01-13,0.0764534
2000-01-14,0.081119
2000-01-17,0.08135579999999999
2000-01-18,0.0808677
2000-01-19,0.0790947
2000-01-20,0.0794619
2000-01-21,0.0893814
2000-01-24,0.0872462
2000-01-25,0.0846744
2000-01-26,0.0831516
2000-01-27,0.08249790000000001
2000-01-28,0.0795359
2000-01-31,0.0809921
2000-02-01,0.08125410000000001
2000-02-02,0.0742655
2000-02-03,0.0753625
2000-02-04,0.07555519999999999
2000-02-07,0.0827083
2000-02-08,0.08509
2000-02-09,0.0861024
2000-02-10,0.08465070000000001
2000-02-11,0.0753259
2000-02-14,0.0893369
2000-02-15,0.08899549999999999
2000-02-16,0.08939209999999999
2000-02-17,0.0779845
2000-02-18,0.061380699999999996
2000-02-21,0.0611264
2000-02-22,0.0710953
2000-02-23,0.0743399
2000-02-24,0.0741622
2000-02-25,0.0748451
2000-02-28,0.0769145
2000-02-29,0.0733761
2000-03-01,0.0747568
2000-03-02,0.0728349
2000-03-03,0.0707159
2000-03-06,0.0686001
2000-03-07,0.0685375
2000-03-08,0.0666091
2000-03-09,0.0626045
2000-03-10,0.0682962
2000-03-13,0.0645172
2000-03-14,0.0689745
2000-03-15,0.0702611
2000-03-16,0.0721329
2000-03-17,0.0734215
2000-03-20,0.0687532
2000-03-21,0.0697644
2000-03-22,0.0746933
2000-03-23,0.0728747
2000-03-24,0.0716065
2000-03-27,0.0757674
2000-03-28,0.0725128
2000-03-29,0.0712838
2000-03-30,0.0746041
2000-03-31,0.0708097
2000-04-03,0.0682184
2000-04-04,0.0702518
2000-04-05,0.0850286
2000-04-06,0.076831
2000-04-07,0.07023399999999999
2000-04-10,0.0689494
2000-04-11,0.06748910000000001
2000-04-12,0.0679655
2000-04-13,0.06649429999999999
2000-04-14,0.0663475
2000-04-17,0.0698646
2000-04-18,0.0720777
2000-04-19,0.0676834
2000-04-20,0.06838910000000001
2000-04-25,0.0664387
2000-04-26,0.0668527
2000-04-27,0.0648291
2000-04-28,0.0596635
2000-05-02,0.059033300000000004
2000-05-03,0.0593959
2000-05-04,0.060903900000000004
2000-05-05,0.0609827
2000-05-08,0.0597721
2000-05-09,0.0590878
2000-05-10,0.059492500000000004
2000-05-11,0.0605459
2000-05-12,0.0597699
2000-05-15,0.0589567
2000-05-16,0.0582169
2000-05-17,0.05753320000000001
2000-05-18,0.057857000000000006
2000-05-19,0.057366799999999996
2000-05-22,0.0561278
2000-05-23,0.0567138
2000-05-24,0.057086300000000006
2000-05-25,0.0570251
2000-05-26,0.0568136
2000-05-29,0.0574356
2000-05-30,0.057631100000000005
2000-05-31,0.056534100000000004
2000-06-01,0.0555513
2000-06-02,0.0554599
2000-06-05,0.0565515
2000-06-06,0.0569016
2000-06-07,0.0582088
2000-06-08,0.057492299999999996
2000-06-09,0.056277100000000004
2000-06-12,0.0564527
2000-06-13,0.0569478
2000-06-14,0.059774799999999996
2000-06-15,0.0589699
2000-06-16,0.0576251
2000-06-19,0.0586927
2000-06-20,0.056980199999999995
2000-06-21,0.057841300000000005
2000-06-22,0.0572285
2000-06-23,0.0577777
2000-06-26,0.0577717
2000-06-27,0.056917999999999996
2000-06-28,0.0574643
2000-06-29,0.056895499999999995
2000-06-30,0.0578027
2000-07-03,0.057950999999999996
2000-07-04,0.057672299999999996
2000-07-05,0.058029700000000004
2000-07-06,0.060740600000000006
2000-07-07,0.0583054
2000-07-10,0.058925599999999995
2000-07-11,0.058551900000000004
2000-07-12,0.057998
2000-07-13,0.058093599999999995
2000-07-14,0.0582358
2000-07-17,0.0579174
2000-07-18,0.0580884
2000-07-19,0.058104899999999994
2000-07-20,0.05802399999999999
2000-07-21,0.057654699999999996
2000-07-24,0.057365599999999996
2000-07-25,0.0573299
2000-07-26,0.057635399999999996
2000-07-27,0.057238699999999997
2000-07-28,0.0570707
2000-07-31,0.05661190000000001
2000-08-01,0.056097900000000006
2000-08-02,0.0561845
2000-08-03,0.0569468
2000-08-04,0.056539900000000004
2000-08-07,0.056455000000000005
2000-08-08,0.056741799999999995
2000-08-09,0.05711140000000001
2000-08-10,0.055664899999999996
2000-08-11,0.0545794
2000-08-14,0.0538962
2000-08-15,0.055886899999999996
2000-08-16,0.0574456
2000-08-17,0.054493900000000005
2000-08-18,0.055846
2000-08-21,0.0553458
2000-08-22,0.0561873
2000-08-23,0.0556908
2000-08-24,0.0546371
2000-08-25,0.057073799999999994
2000-08-28,0.0569268
2000-08-29,0.0557466
2000-08-30,0.056920599999999995
2000-08-31,0.0590013
2000-09-01,0.061349400000000005
2000-09-04,0.061597
2000-09-05,0.061661099999999996
2000-09-06,0.061707700000000004
2000-09-07,0.0627566
2000-09-08,0.0599078
2000-09-11,0.0605595
2000-09-12,0.0618609
2000-09-13,0.0650969
2000-09-14,0.0658179
2000-09-15,0.068544
2000-09-18,0.0715707
2000-09-19,0.0730611
2000-09-20,0.0705938
2000-09-21,0.0707062
2000-09-22,0.0677868
2000-09-25,0.069164
2000-09-26,0.06745860000000001
2000-09-27,0.07079780000000001
2000-09-28,0.0707371
2000-09-29,0.0709389
2000-10-02,0.0741322
2000-10-04,0.0862744
2000-10-05,0.0734113
2000-10-06,0.07228309999999999
2000-10-09,0.0693452
2000-10-10,0.0681486
2000-10-11,0.0708932
2000-10-12,0.0720644
2000-10-13,0.0634676
2000-10-16,0.0644043
2000-10-17,0.0714719
2000-10-18,0.070426
2000-10-19,0.068729
2000-10-20,0.0678115
2000-10-23,0.0778161
2000-10-24,0.0848976
2000-10-25,0.062805
2000-10-26,0.0724426
2000-10-27,0.0635849
2000-10-30,0.0704438
2000-10-31,0.0859242
2000-11-01,0.0684664
2000-11-02,0.072805
2000-11-03,0.0656305
2000-11-06,0.0633906
2000-11-07,0.0651228
2000-11-08,0.0686452
2000-11-09,0.078046
2000-11-10,0.064978
2000-11-13,0.0682541
2000-11-14,0.08507300000000001
2000-11-15,0.08620710000000001
2000-11-16,0.0650814
2000-11-17,0.0858911
2000-11-20,0.0673367
2000-11-21,0.0758423
2000-11-22,0.0649856
2000-11-23,0.06572689999999999
2000-11-24,0.0685795
2000-11-27,0.061310399999999994
2000-11-28,0.0615534
2000-11-29,0.061919
2000-11-30,0.0636666
2000-12-01,0.0641994
2000-12-04,0.0723274
2000-12-05,0.0703623
2000-12-06,0.0712683
2000-12-07,0.07589209999999999
2000-12-08,0.0720374
2000-12-11,0.0691686
2000-12-12,0.07468720000000001
2000-12-13,0.071671
2000-12-14,0.0663591
2000-12-15,0.062051800000000004
2000-12-18,0.0719656
2000-12-19,0.0658158
2000-12-20,0.071971
2000-12-21,0.0688035
2000-12-22,0.06883
2000-12-27,0.0687885
2000-12-28,0.0725002
2000-12-29,0.067668
2001-01-02,0.0652363
2001-01-03,0.06464120000000001
2001-01-04,0.0658385
2001-01-05,0.0650509
2001-01-08,0.0643109
2001-01-09,0.0646702
2001-01-10,0.0646216
2001-01-11,0.0632139
2001-01-12,0.0679513
2001-01-15,0.0652476
2001-01-16,0.0658304
2001-01-17,0.0666807
2001-01-18,0.0628809
2001-01-19,0.0663416
2001-01-22,0.066275
2001-01-23,0.0654564
2001-01-24,0.0653605
2001-01-25,0.0649187
2001-01-26,0.0627804
2001-01-29,0.0624347
2001-01-30,0.064713
2001-01-31,0.06528400000000001
2001-02-01,0.064215
2001-02-02,0.0623269
2001-02-05,0.0634197
2001-02-06,0.0637451
2001-02-07,0.0625357
2001-02-08,0.062196
2001-02-09,0.0625467
2001-02-12,0.063679
2001-02-13,0.064779
2001-02-14,0.0658744
2001-02-15,0.0640096
2001-02-16,0.0633823
2001-02-19,0.0652202
2001-02-20,0.06520050000000001
2001-02-21,0.0642456
2001-02-22,0.0657724
2001-02-23,0.0712299
2001-02-26,0.06619710000000001
2001-02-27,0.0674353
2001-02-28,0.0683004
2001-03-01,0.0677513
2001-03-02,0.0680579
2001-03-05,0.0662134
2001-03-06,0.0673873
2001-03-07,0.068649
2001-03-08,0.0673637
2001-03-09,0.067266
2001-03-12,0.0652346
2001-03-13,0.0661804
2001-03-14,0.0668571
2001-03-15,0.0681026
2001-03-16,0.0679582
2001-03-19,0.06714439999999999
2001-03-20,0.0667945
2001-03-21,0.0653214
2001-03-22,0.065287
2001-03-23,0.063868
2001-03-26,0.0643287
2001-03-27,0.0641161
2001-03-28,0.0643422
2001-03-29,0.065072
2001-03-30,0.0652389
2001-04-02,0.0655809
2001-04-03,0.0659647
2001-04-04,0.06528489999999999
2001-04-05,0.06595909999999999
2001-04-06,0.0653294
2001-04-09,0.0655139
2001-04-10,0.0653798
2001-04-11,0.06606290000000001
2001-04-12,0.065139
2001-04-17,0.0655088
2001-04-18,0.0659846
2001-04-19,0.0668196
2001-04-20,0.0680798
2001-04-23,0.07064569999999999
2001-04-24,0.0635686
2001-04-25,0.0649093
2001-04-26,0.0786958
2001-04-27,0.0649994
2001-04-30,0.0654479
2001-05-02,0.0655795
2001-05-03,0.0664447
2001-05-04,0.0647558
2001-05-07,0.0636416
2001-05-08,0.06934560000000001
2001-05-09,0.068923
2001-05-10,0.0648777
2001-05-11,0.0678209
2001-05-14,0.0716637
2001-05-15,0.072458
2001-05-16,0.0671109
2001-05-17,0.0709458
2001-05-18,0.0661773
2001-05-21,0.0666297
2001-05-22,0.0664278
2001-05-23,0.0671856
2001-05-24,0.0691423
2001-05-25,0.0662873
2001-05-28,0.0671869
2001-05-29,0.0648067
2001-05-30,0.0659203
2001-05-31,0.0651591
2001-06-01,0.06700590000000001
2001-06-04,0.067649
2001-06-05,0.0666374
2001-06-06,0.06579839999999999
2001-06-07,0.0665268
2001-06-08,0.06353500000000001
2001-06-11,0.0661231
2001-06-12,0.0663399
2001-06-13,0.0641712
2001-06-14,0.0635849
2001-06-15,0.0655853
2001-06-18,0.0667537
2001-06-19,0.0686987
2001-06-20,0.0689708
2001-06-21,0.0688343
2001-06-22,0.06860369999999999
2001-06-25,0.0677856
2001-06-26,0.0663905
2001-06-27,0.06354599999999999
2001-06-28,0.0630651
2001-06-29,0.064318
2001-07-02,0.0663344
2001-07-03,0.0665372
2001-07-04,0.0652465
2001-07-05,0.0647466
2001-07-06,0.0649591
2001-07-09,0.0638799
2001-07-10,0.0648036
2001-07-11,0.0666436
2001-07-12,0.0653079
2001-07-13,0.0633587
2001-07-16,0.0654477
2001-07-17,0.06324729999999999
2001-07-18,0.0639004
2001-07-19,0.0623231
2001-07-20,0.0649912
2001-07-23,0.0621472
2001-07-24,0.0623362
2001-07-25,0.0626599
2001-07-26,0.0640991
2001-07-27,0.0623125
2001-07-30,0.0621371
2001-07-31,0.062031
2001-08-01,0.061855
2001-08-02,0.0641507
2001-08-03,0.0644817
2001-08-06,0.0636162
2001-08-07,0.0628301
2001-08-08,0.0663637
2001-08-09,0.0626875
2001-08-10,0.0630672
2001-08-13,0.0629635
2001-08-14,0.0634431
2001-08-15,0.0626898
2001-08-16,0.063111
2001-08-17,0.0613058
2001-08-20,0.0629537
2001-08-21,0.0621498
2001-08-22,0.0627532
2001-08-23,0.0621907
2001-08-24,0.0631743
2001-08-27,0.0631415
2001-08-28,0.0627537
2001-08-29,0.0628963
2001-08-30,0.062211800000000005
2001-08-31,0.0640404
2001-09-03,0.06402669999999999
2001-09-04,0.0636857
2001-09-05,0.0644382
2001-09-06,0.0644286
2001-09-07,0.0646197
2001-09-10,0.0645974
2001-09-11,0.0655207
2001-09-12,0.0658802
2001-09-13,0.0669627
2001-09-14,0.0673197
2001-09-17,0.0679978
2001-09-18,0.0669479
2001-09-19,0.0691927
2001-09-20,0.0681281
2001-09-21,0.06776410000000001
2001-09-24,0.0694504
2001-09-25,0.0686794
2001-09-26,0.0665754
2001-09-27,0.065126
2001-09-28,0.06607
2001-10-01,0.0662933
2001-10-02,0.0663056
2001-10-03,0.06613859999999999
2001-10-04,0.0662702
2001-10-05,0.0662075
2001-10-08,0.0664972
2001-10-09,0.06668059999999999
2001-10-10,0.0653206
2001-10-11,0.0651002
2001-10-12,0.0651124
2001-10-15,0.062853
2001-10-16,0.0635112
2001-10-17,0.0647327
2001-10-18,0.0642027
2001-10-19,0.0639174
2001-10-22,0.0642649
2001-10-23,0.0634217
2001-10-24,0.0634685
2001-10-25,0.0627117
2001-10-26,0.0617155
2001-10-29,0.062665
2001-10-30,0.0619088
2001-10-31,0.0625435
2001-11-01,0.0569043
2001-11-02,0.0567
2001-11-05,0.056047700000000006
2001-11-06,0.0575199
2001-11-07,0.0573346
2001-11-08,0.0572568
2001-11-09,0.055498000000000006
2001-11-12,0.05550360000000001
2001-11-13,0.0559942
2001-11-14,0.05654410000000001
2001-11-15,0.0570314
2001-11-16,0.0586712
2001-11-19,0.057351099999999995
2001-11-20,0.0576828
2001-11-21,0.058907100000000004
2001-11-22,0.0596711
2001-11-23,0.057693
2001-11-26,0.058678600000000004
2001-11-27,0.0578867
2001-11-28,0.0600706
2001-11-29,0.0602637
2001-11-30,0.0586505
2001-12-03,0.0583033
2001-12-04,0.0563171
2001-12-05,0.0581845
2001-12-06,0.0584068
2001-12-07,0.0570561
2001-12-10,0.057990599999999996
2001-12-11,0.0576966
2001-12-12,0.057012299999999995
2001-12-13,0.057302799999999994
2001-12-14,0.0554726
2001-12-17,0.0578032
2001-12-18,0.0572955
2001-12-19,0.0584032
2001-12-20,0.0586806
2001-12-21,0.0583292
2001-12-27,0.0589523
2001-12-28,0.0587837
2002-01-02,0.0593528
2002-01-03,0.0582408
2002-01-04,0.0578798
2002-01-07,0.0579568
2002-01-08,0.0571005
2002-01-09,0.0575409
2002-01-10,0.058688500000000005
2002-01-11,0.0582559
2002-01-14,0.057977499999999994
2002-01-15,0.056997099999999995
2002-01-16,0.0564583
2002-01-17,0.0582596
2002-01-18,0.0586926
2002-01-21,0.0585278
2002-01-22,0.057755799999999996
2002-01-23,0.057090699999999994
2002-01-24,0.057231899999999995
2002-01-25,0.057233099999999995
2002-01-28,0.057460399999999995
2002-01-29,0.056807699999999996
2002-01-30,0.055972999999999995
2002-01-31,0.0570107
2002-02-01,0.056761799999999994
2002-02-04,0.0552335
2002-02-05,0.0552574
2002-02-06,0.0561812
2002-02-07,0.055670700000000004
2002-02-08,0.0586999
2002-02-11,0.0586839
2002-02-12,0.0589542
2002-02-13,0.0576973
2002-02-14,0.0575678
2002-02-15,0.0579309
2002-02-18,0.058517799999999995
2002-02-19,0.057222499999999996
2002-02-20,0.060994
2002-02-21,0.0596131
2002-02-22,0.0596491
2002-02-25,0.059366300000000004
2002-02-26,0.060975
2002-02-27,0.0584911
2002-02-28,0.0591845
2002-03-01,0.0587773
2002-03-04,0.0590709
2002-03-05,0.0596037
2002-03-06,0.059280299999999994
2002-03-07,0.0608635
2002-03-08,0.0587831
2002-03-11,0.0598329
2002-03-12,0.060167599999999995
2002-03-13,0.0607054
2002-03-14,0.0607728
2002-03-15,0.0596828
2002-03-18,0.0609192
2002-03-19,0.059795
2002-03-20,0.059712699999999994
2002-03-21,0.0610058
2002-03-22,0.0613645
2002-03-25,0.0616093
2002-03-26,0.0616981
2002-03-27,0.0611457
2002-03-28,0.0616566
2002-04-02,0.06260399999999999
2002-04-03,0.0626465
2002-04-04,0.0612907
2002-04-05,0.0607624
2002-04-08,0.061647600000000004
2002-04-09,0.06261219999999999
2002-04-10,0.0621315
2002-04-11,0.0627602
2002-04-12,0.061771
2002-04-15,0.06185450000000001
2002-04-16,0.0624998
2002-04-17,0.0626772
2002-04-18,0.063444
2002-04-19,0.06339260000000001
2002-04-22,0.0634023
2002-04-23,0.0635076
2002-04-24,0.0638594
2002-04-25,0.061736000000000006
2002-04-26,0.062050999999999995
2002-04-29,0.061375
2002-04-30,0.0639024
2002-05-02,0.0611727
2002-05-03,0.0613772
2002-05-06,0.0612543
2002-05-07,0.0624023
2002-05-08,0.0620364
2002-05-09,0.0610156
2002-05-10,0.0614112
2002-05-13,0.060852899999999994
2002-05-14,0.0610233
2002-05-15,0.060888099999999994
2002-05-16,0.0603803
2002-05-17,0.0601741
2002-05-20,0.061197800000000004
2002-05-21,0.060449
2002-05-22,0.0611264
2002-05-23,0.0603652
2002-05-24,0.0600445
2002-05-27,0.0607718
2002-05-28,0.060925200000000006
2002-05-29,0.0604282
2002-05-30,0.060507799999999994
2002-05-31,0.0597914
2002-06-03,0.0602897
2002-06-04,0.06039799999999999
2002-06-05,0.060563700000000005
2002-06-06,0.0605183
2002-06-07,0.061070200000000005
2002-06-10,0.061242599999999994
2002-06-11,0.060612700000000005
2002-06-12,0.0604002
2002-06-13,0.0599111
2002-06-14,0.059415199999999994
2002-06-17,0.0597574
2002-06-18,0.0590622
2002-06-19,0.0587847
2002-06-20,0.0581265
2002-06-21,0.058143
2002-06-24,0.0573304
2002-06-25,0.057509
2002-06-26,0.0560989
2002-06-27,0.056895600000000005
2002-06-28,0.057842000000000005
2002-07-01,0.0586047
2002-07-02,0.0587252
2002-07-03,0.0588039
2002-07-04,0.0585451
2002-07-05,0.059102100000000005
2002-07-08,0.059256
2002-07-09,0.0598259
2002-07-10,0.058584
2002-07-11,0.0581539
2002-07-12,0.0581745
2002-07-15,0.0578196
2002-07-16,0.057060700000000006
2002-07-17,0.0579572
2002-07-18,0.058485699999999995
2002-07-19,0.058339600000000005
2002-07-22,0.0581152
2002-07-23,0.0570755
2002-07-24,0.0567994
2002-07-25,0.0564772
2002-07-26,0.056826299999999996
2002-07-29,0.0576845
2002-07-30,0.058676000000000006
2002-07-31,0.0581939
2002-08-01,0.0576424
2002-08-02,0.0567981
2002-08-05,0.0571442
2002-08-06,0.056962200000000004
2002-08-07,0.057256
2002-08-08,0.057189199999999996
2002-08-09,0.056772
2002-08-12,0.0562407
2002-08-13,0.0560663
2002-08-14,0.0563426
2002-08-15,0.056033099999999995
2002-08-16,0.055166700000000006
2002-08-19,0.0562366
2002-08-20,0.0562496
2002-08-21,0.0568777
2002-08-22,0.057156599999999995
2002-08-23,0.057150999999999993
2002-08-26,0.0570591
2002-08-27,0.0571785
2002-08-28,0.0566368
2002-08-29,0.0561285
2002-08-30,0.0573764
2002-09-02,0.0565833
2002-09-03,0.0568319
2002-09-04,0.055026099999999994
2002-09-05,0.0554174
2002-09-06,0.055513700000000006
2002-09-09,0.055418
2002-09-10,0.0555847
2002-09-11,0.0566196
2002-09-12,0.056799600000000006
2002-09-13,0.0562772
2002-09-16,0.056539900000000004
2002-09-17,0.0564151
2002-09-18,0.0547954
2002-09-19,0.0556929
2002-09-20,0.0558956
2002-09-23,0.0567882
2002-09-24,0.056201999999999995
2002-09-25,0.05760030000000001
2002-09-26,0.0562681
2002-09-27,0.0571438
2002-09-30,0.0574537
2002-10-01,0.0577818
2002-10-02,0.05837970000000001
2002-10-03,0.0586557
2002-10-04,0.0579849
2002-10-07,0.0576834
2002-10-08,0.057941
2002-10-09,0.0576649
2002-10-10,0.057781700000000005
2002-10-11,0.0568402
2002-10-14,0.059185
2002-10-15,0.0589905
2002-10-16,0.0589246
2002-10-17,0.057676
2002-10-18,0.0587589
2002-10-21,0.059116
2002-10-22,0.058743800000000006
2002-10-23,0.0590737
2002-10-24,0.059462799999999996
2002-10-25,0.0594928
2002-10-28,0.0583261
2002-10-29,0.0593353
2002-10-30,0.059266
2002-10-31,0.060193399999999994
2002-11-01,0.0586574
2002-11-04,0.060593
2002-11-05,0.058795900000000005
2002-11-06,0.0593825
2002-11-07,0.0604178
2002-11-08,0.0599253
2002-11-11,0.058668500000000005
2002-11-12,0.0586995
2002-11-13,0.0586691
2002-11-14,0.0589857
2002-11-15,0.0596887
2002-11-18,0.06066970000000001
2002-11-19,0.06025489999999999
2002-11-20,0.059430500000000004
2002-11-21,0.0603099
2002-11-22,0.0210423
2002-11-25,0.0595135
2002-11-26,0.0581818
2002-11-27,0.0580035
2002-11-28,0.0591647
2002-11-29,0.0580786
2002-12-02,0.059633700000000005
2002-12-03,0.0593696
2002-12-04,0.0592572
2002-12-05,0.0585294
2002-12-06,0.057034
2002-12-09,0.0583011
2002-12-10,0.058707
2002-12-11,0.0590474
2002-12-12,0.0573911
2002-12-13,0.056659100000000004
2002-12-16,0.056760200000000004
2002-12-17,0.0580576
2002-12-18,0.0575849
2002-12-19,0.057289599999999996
2002-12-20,0.0579225
2002-12-23,0.0575148
2002-12-27,0.0568876
2002-12-30,0.0570259
2003-01-02,0.0570853
2003-01-03,0.058097399999999993
2003-01-06,0.0587489
2003-01-07,0.0583883
2003-01-08,0.0578561
2003-01-09,0.057299800000000005
2003-01-10,0.0567471
2003-01-13,0.057700800000000003
2003-01-14,0.056871
2003-01-15,0.0563824
2003-01-16,0.056056999999999996
2003-01-17,0.057040499999999994
2003-01-20,0.0566214
2003-01-21,0.0562928
2003-01-22,0.0552599
2003-01-23,0.0560475
2003-01-24,0.055795700000000004
2003-01-27,0.0545254
2003-01-28,0.0544539
2003-01-29,0.0544501
2003-01-30,0.0555262
2003-01-31,0.0554005
2003-02-03,0.056303099999999995
2003-02-04,0.055526400000000004
2003-02-05,0.0548454
2003-02-06,0.055626100000000005
2003-02-07,0.0554078
2003-02-10,0.0555716
2003-02-11,0.0562568
2003-02-12,0.056843500000000005
2003-02-13,0.0571721
2003-02-14,0.0566679
2003-02-17,0.0570553
2003-02-18,0.0564621
2003-02-19,0.055957299999999995
2003-02-20,0.0558368
2003-02-21,0.0570162
2003-02-24,0.0566689
2003-02-25,0.057513800000000004
2003-02-26,0.056886900000000004
2003-02-27,0.0575514
2003-02-28,0.0572329
2003-03-03,0.0579678
2003-03-04,0.057478
2003-03-05,0.0573394
2003-03-06,0.0574517
2003-03-07,0.0571337
2003-03-10,0.05595
2003-03-11,0.0558334
2003-03-12,0.056762
2003-03-13,0.0564513
2003-03-14,0.0572842
2003-03-17,0.056431800000000004
2003-03-18,0.0577688
2003-03-19,0.057290299999999995
2003-03-20,0.0571767
2003-03-21,0.0577849
2003-03-24,0.0581404
2003-03-25,0.0574298
2003-03-26,0.0591632
2003-03-27,0.0580389
2003-03-28,0.0581333
2003-03-31,0.0592542
2003-04-01,0.0581485
2003-04-02,0.0591369
2003-04-03,0.060368000000000005
2003-04-04,0.057833300000000004
2003-04-07,0.057944
2003-04-08,0.0590735
2003-04-09,0.057469799999999994
2003-04-10,0.057280199999999996
2003-04-11,0.0576757
2003-04-14,0.057518099999999996
2003-04-15,0.057746500000000006
2003-04-16,0.0575378
2003-04-17,0.056913
2003-04-22,0.0569933
2003-04-23,0.0577366
2003-04-24,0.0579327
2003-04-25,0.0589703
2003-04-28,0.0577443
2003-04-29,0.058076800000000005
2003-04-30,0.058075299999999996
2003-05-02,0.059235100000000006
2003-05-05,0.0595604
2003-05-06,0.0595664
2003-05-07,0.0588652
2003-05-08,0.058314700000000004
2003-05-09,0.0575554
2003-05-12,0.0592836
2003-05-13,0.058086
2003-05-14,0.0607289
2003-05-15,0.0571337
2003-05-16,0.057503900000000004
2003-05-19,0.0575443
2003-05-20,0.0551044
2003-05-21,0.054899500000000004
2003-05-22,0.0549529
2003-05-23,0.0550425
2003-05-26,0.0547654
2003-05-27,0.054787499999999996
2003-05-28,0.0563509
2003-05-29,0.0566708
2003-05-30,0.0552429
2003-06-02,0.0564671
2003-06-03,0.0563054
2003-06-04,0.055473499999999995
2003-06-05,0.0560222
2003-06-06,0.056307600000000006
2003-06-09,0.055887599999999996
2003-06-10,0.056717199999999995
2003-06-11,0.056444999999999995
2003-06-12,0.056986100000000005
2003-06-13,0.05659
2003-06-16,0.054567899999999996
2003-06-17,0.0550364
2003-06-18,0.0564874
2003-06-19,0.057045000000000005
2003-06-20,0.0560043
2003-06-23,0.0569743
2003-06-24,0.0568302
2003-06-25,0.056293499999999996
2003-06-26,0.0563837
2003-06-27,0.057297900000000006
2003-06-30,0.057731700000000004
2003-07-01,0.057915799999999996
2003-07-02,0.058288900000000005
2003-07-03,0.0596306
2003-07-04,0.0579567
2003-07-07,0.060167200000000004
2003-07-08,0.058846800000000005
2003-07-09,0.0586838
2003-07-10,0.0589782
2003-07-11,0.0585689
2003-07-14,0.059851400000000006
2003-07-15,0.060753
2003-07-16,0.0592171
2003-07-17,0.0597597
2003-07-18,0.060309299999999996
2003-07-21,0.061172399999999995
2003-07-22,0.0587402
2003-07-23,0.058170799999999995
2003-07-24,0.057934
2003-07-25,0.0581191
2003-07-28,0.0587754
2003-07-29,0.0591005
2003-07-30,0.0625385
2003-07-31,0.0597298
2003-08-01,0.0596473
2003-08-04,0.0591412
2003-08-05,0.0589511
2003-08-06,0.059689
2003-08-07,0.0591329
2003-08-08,0.057307899999999995
2003-08-11,0.0594935
2003-08-12,0.06074499999999999
2003-08-13,0.059421499999999995
2003-08-14,0.057696500000000005
2003-08-15,0.058957300000000004
2003-08-18,0.0577452
2003-08-19,0.0573363
2003-08-20,0.056748200000000006
2003-08-21,0.0574199
2003-08-22,0.057807199999999996
2003-08-25,0.0575435
2003-08-26,0.0596767
2003-08-27,0.057460699999999997
2003-08-28,0.058193299999999996
2003-08-29,0.057792399999999994
2003-09-01,0.057966699999999996
2003-09-02,0.0585388
2003-09-03,0.0660471
2003-09-04,0.0592992
2003-09-05,0.0574676
2003-09-08,0.057898
2003-09-09,0.0576243
2003-09-10,0.0585679
2003-09-11,0.058186299999999996
2003-09-12,0.0607264
2003-09-15,0.0579413
2003-09-16,0.0575559
2003-09-17,0.0580938
2003-09-18,0.0589794
2003-09-19,0.058030099999999994
2003-09-22,0.057536199999999996
2003-09-23,0.0578179
2003-09-24,0.0576114
2003-09-25,0.0579316
2003-09-26,0.058433599999999995
2003-09-29,0.0581529
2003-09-30,0.057733999999999994
2003-10-01,0.0600191
2003-10-02,0.0597501
2003-10-03,0.0603023
2003-10-06,0.0610658
2003-10-07,0.0586808
2003-10-08,0.0588244
2003-10-09,0.0583846
2003-10-10,0.0577934
2003-10-13,0.059271700000000004
2003-10-14,0.058010400000000004
2003-10-15,0.0587964
2003-10-16,0.0593363
2003-10-17,0.059732900000000005
2003-10-20,0.0581158
2003-10-21,0.058525299999999995
2003-10-22,0.058594
2003-10-23,0.0600374
2003-10-24,0.058577399999999995
2003-10-27,0.0575522
2003-10-28,0.06286900000000001
2003-10-29,0.0590947
2003-10-30,0.0591124
2003-10-31,0.0589291
2003-11-03,0.0585391
2003-11-04,0.059081999999999996
2003-11-05,0.0584776
2003-11-06,0.0641999
2003-11-07,0.0581292
2003-11-10,0.0582868
2003-11-11,0.058620099999999994
2003-11-12,0.058644600000000005
2003-11-13,0.0625056
2003-11-14,0.0587291
2003-11-17,0.059224
2003-11-18,0.059167899999999995
2003-11-19,0.0582007
2003-11-20,0.058684200000000006
2003-11-21,0.058368399999999994
2003-11-24,0.0587202
2003-11-25,0.0589293
2003-11-26,0.0600355
2003-11-27,0.0589625
2003-11-28,0.0578679
2003-12-01,0.0708468
2003-12-02,0.059017
2003-12-03,0.0591829
2003-12-04,0.0613597
2003-12-05,0.059213800000000004
2003-12-08,0.058069499999999996
2003-12-09,0.0583119
2003-12-10,0.061578799999999996
2003-12-11,0.0586406
2003-12-12,0.0586362
2003-12-15,0.059618599999999994
2003-12-16,0.0577956
2003-12-17,0.0568572
2003-12-18,0.0565512
2003-12-19,0.0563636
2003-12-22,0.0562656
2003-12-23,0.0565016
2003-12-29,0.0567024
2003-12-30,0.056823399999999996
2004-01-02,0.0579589
2004-01-05,0.0571985
2004-01-06,0.0582025
2004-01-07,0.0569748
2004-01-08,0.057366099999999996
2004-01-09,0.0571807
2004-01-12,0.0570378
2004-01-13,0.0569362
2004-01-14,0.057186
2004-01-15,0.05690629999999999
2004-01-16,0.0575603
2004-01-19,0.0590829
2004-01-20,0.0576915
2004-01-21,0.05772
2004-01-22,0.059202500000000005
2004-01-23,0.0590281
2004-01-26,0.0573001
2004-01-27,0.0572779
2004-01-28,0.0572849
2004-01-29,0.0601682
2004-01-30,0.0577337
2004-02-02,0.057321
2004-02-03,0.057260799999999994
2004-02-04,0.057263400000000006
2004-02-05,0.0571988
2004-02-06,0.0567379
2004-02-09,0.0577122
2004-02-10,0.0568565
2004-02-11,0.058968999999999994
2004-02-12,0.0569768
2004-02-13,0.056879400000000004
2004-02-16,0.0585012
2004-02-17,0.058376700000000004
2004-02-18,0.057036100000000006
2004-02-19,0.05788020000000001
2004-02-20,0.0582288
2004-02-23,0.0579343
2004-02-24,0.057587099999999995
2004-02-25,0.059141000000000006
2004-02-26,0.0593674
2004-02-27,0.0572933
2004-03-01,0.058537299999999994
2004-03-02,0.057466100000000006
2004-03-03,0.057285
2004-03-04,0.0573094
2004-03-05,0.0580404
2004-03-08,0.057781200000000005
2004-03-09,0.0563202
2004-03-10,0.0560481
2004-03-11,0.0561528
2004-03-12,0.055896
2004-03-15,0.058228600000000005
2004-03-16,0.058714199999999994
2004-03-17,0.058263499999999996
2004-03-18,0.0582688
2004-03-19,0.056481199999999995
2004-03-22,0.058634399999999996
2004-03-23,0.0587164
2004-03-24,0.057098699999999995
2004-03-25,0.0560894
2004-03-26,0.056574
2004-03-29,0.057510599999999995
2004-03-30,0.056953899999999995
2004-03-31,0.0568311
2004-04-01,0.0581841
2004-04-02,0.057408799999999996
2004-04-05,0.056655699999999996
2004-04-06,0.0583933
2004-04-07,0.0584869
2004-04-08,0.0585287
2004-04-13,0.0576679
2004-04-14,0.05754190000000001
2004-04-15,0.0577487
2004-04-16,0.0570791
2004-04-19,0.05853100000000001
2004-04-20,0.057292699999999995
2004-04-21,0.0589725
2004-04-22,0.0575856
2004-04-23,0.0571424
2004-04-26,0.0572813
2004-04-27,0.0572529
2004-04-28,0.056989599999999994
2004-04-29,0.0574066
2004-04-30,0.058304400000000006
2004-05-03,0.059060699999999994
2004-05-04,0.0589067
2004-05-05,0.0571758
2004-05-06,0.059484
2004-05-07,0.057906000000000006
2004-05-10,0.0581109
2004-05-11,0.0579464
2004-05-12,0.0582911
2004-05-13,0.0582566
2004-05-14,0.0583249
2004-05-17,0.0576649
2004-05-18,0.0578519
2004-05-19,0.058463
2004-05-20,0.0594971
2004-05-21,0.0611996
2004-05-24,0.0586086
2004-05-25,0.0598321
2004-05-26,0.0578979
2004-05-27,0.0579883
2004-05-28,0.058036700000000004
2004-05-31,0.058133
2004-06-01,0.058219700000000006
2004-06-02,0.0584178
2004-06-03,0.0595293
2004-06-04,0.058814000000000005
2004-06-07,0.0592141
2004-06-08,0.0585614
2004-06-09,0.0585377
2004-06-10,0.058446
2004-06-11,0.0578196
2004-06-14,0.0574248
2004-06-15,0.057574600000000004
2004-06-16,0.0577684
2004-06-17,0.057331200000000006
2004-06-18,0.0571663
2004-06-21,0.057351400000000004
2004-06-22,0.0579209
2004-06-23,0.0577595
2004-06-24,0.058596199999999994
2004-06-25,0.057730199999999995
2004-06-28,0.0595523
2004-06-29,0.057677
2004-06-30,0.057487500000000004
2004-07-01,0.056635
2004-07-02,0.057282
2004-07-05,0.0562397
2004-07-06,0.0563642
2004-07-07,0.056851900000000004
2004-07-08,0.0566883
2004-07-09,0.056147600000000006
2004-07-12,0.0563312
2004-07-13,0.0573212
2004-07-14,0.056896
2004-07-15,0.0574552
2004-07-16,0.0568436
2004-07-19,0.0567129
2004-07-20,0.0567095
2004-07-21,0.057740799999999995
2004-07-22,0.057697000000000005
2004-07-23,0.0568112
2004-07-26,0.06075440000000001
2004-07-27,0.0561955
2004-07-28,0.0591835
2004-07-29,0.0565876
2004-07-30,0.0583807
2004-08-02,0.0567335
2004-08-03,0.0567617
2004-08-04,0.056958
2004-08-05,0.0559645
2004-08-06,0.0562026
2004-08-09,0.0561909
2004-08-10,0.054768
2004-08-11,0.0549032
2004-08-12,0.0548282
2004-08-13,0.0546375
2004-08-16,0.0548173
2004-08-17,0.057953599999999994
2004-08-18,0.0561346
2004-08-19,0.054923400000000004
2004-08-20,0.0547402
2004-08-23,0.054976399999999995
2004-08-24,0.0622046
2004-08-25,0.0552823
2004-08-26,0.054097400000000004
2004-08-27,0.0558047
2004-08-30,0.0575974
2004-08-31,0.05773520000000001
2004-09-01,0.054422899999999996
2004-09-02,0.054856800000000004
2004-09-03,0.057512499999999994
2004-09-06,0.055748
2004-09-07,0.0558008
2004-09-08,0.0561788
2004-09-09,0.0567016
2004-09-10,0.055330899999999995
2004-09-13,0.054519599999999994
2004-09-14,0.0585823
2004-09-15,0.054596
2004-09-16,0.055389400000000005
2004-09-17,0.0546113
2004-09-20,0.05518
2004-09-21,0.0554722
2004-09-22,0.0542953
2004-09-23,0.0542122
2004-09-24,0.0545245
2004-09-27,0.0559288
2004-09-28,0.053022099999999996
2004-09-29,0.0548103
2004-09-30,0.054918699999999994
2004-10-01,0.054626400000000006
2004-10-04,0.0547499
2004-10-05,0.054585800000000004
2004-10-06,0.0543015
2004-10-07,0.0548991
2004-10-08,0.054814
2004-10-11,0.056082
2004-10-12,0.0541762
2004-10-13,0.0562744
2004-10-14,0.0537315
2004-10-15,0.0534047
2004-10-18,0.0539574
2004-10-19,0.053971
2004-10-20,0.0540801
2004-10-21,0.053895799999999994
2004-10-22,0.053859399999999995
2004-10-25,0.0536832
2004-10-26,0.0535304
2004-10-27,0.0538178
2004-10-28,0.0538285
2004-10-29,0.053832500000000005
2004-11-01,0.053816499999999996
2004-11-02,0.0536952
2004-11-03,0.054056
2004-11-04,0.0536113
2004-11-05,0.0533997
2004-11-08,0.0534588
2004-11-09,0.053264
2004-11-10,0.0530056
2004-11-11,0.053120900000000006
2004-11-12,0.0526392
2004-11-15,0.0521872
2004-11-16,0.051905799999999995
2004-11-17,0.0520118
2004-11-18,0.052035099999999994
2004-11-19,0.0520612
2004-11-22,0.052320000000000005
2004-11-23,0.0521213
2004-11-24,0.0520196
2004-11-25,0.0518169
2004-11-26,0.0515064
2004-11-29,0.0513506
2004-11-30,0.051856
2004-12-01,0.0515034
2004-12-02,0.0515974
2004-12-03,0.0520186
2004-12-06,0.0512151
2004-12-07,0.0512866
2004-12-08,0.0511978
2004-12-09,0.050745399999999996
2004-12-10,0.0508457
2004-12-13,0.0500987
2004-12-14,0.050338900000000006
2004-12-15,0.0490255
2004-12-16,0.0491623
2004-12-17,0.050723000000000004
2004-12-20,0.0493917
2004-12-21,0.04896690000000001
2004-12-22,0.050114900000000004
2004-12-23,0.0499751
2004-12-27,0.050026299999999996
2004-12-28,0.0504551
2004-12-29,0.0538476
2004-12-30,0.0517183
2005-01-03,0.050003200000000005
2005-01-04,0.0503641
2005-01-05,0.049662300000000006
2005-01-06,0.0477377
2005-01-07,0.0492648
2005-01-10,0.049624100000000004
2005-01-11,0.049015300000000005
2005-01-12,0.0498517
2005-01-13,0.0491554
2005-01-14,0.0484073
2005-01-17,0.048008100000000005
2005-01-18,0.048525799999999994
2005-01-19,0.0484519
2005-01-20,0.047669199999999995
2005-01-21,0.0482694
2005-01-24,0.0477503
2005-01-25,0.0419285
2005-01-26,0.047566199999999996
2005-01-27,0.0470129
2005-01-28,0.0466829
2005-01-31,0.046616099999999994
2005-02-01,0.046298399999999997
2005-02-02,0.04616
2005-02-03,0.0452409
2005-02-04,0.0457817
2005-02-07,0.0445549
2005-02-08,0.0446727
2005-02-09,0.0433706
2005-02-10,0.0436362
2005-02-11,0.0442268
2005-02-14,0.0452191
2005-02-15,0.04501
2005-02-16,0.044382000000000005
2005-02-17,0.0448719
2005-02-18,0.0465316
2005-02-21,0.0470658
2005-02-22,0.0474544
2005-02-23,0.0467381
2005-02-24,0.048117
2005-02-25,0.047786999999999996
2005-02-28,0.0472956
2005-03-01,0.047898300000000005
2005-03-02,0.048389499999999995
2005-03-03,0.0491679
2005-03-04,0.048936400000000005
2005-03-07,0.04783489999999999
2005-03-08,0.0479494
2005-03-09,0.048837200000000004
2005-03-10,0.0492229
2005-03-11,0.0492673
2005-03-14,0.0498153
2005-03-15,0.0491976
2005-03-16,0.0483312
2005-03-17,0.0482215
2005-03-18,0.038091599999999996
2005-03-21,0.048333
2005-03-22,0.0481165
2005-03-23,0.047425100000000005
2005-03-24,0.0472405
2005-03-29,0.0441662
2005-03-30,0.047915400000000004
2005-03-31,0.04256649999999999
2005-04-01,0.0477839
2005-04-04,0.047405
2005-04-05,0.0479689
2005-04-06,0.0484497
2005-04-07,0.048768599999999995
2005-04-08,0.0486787
2005-04-11,0.0485552
2005-04-12,0.048455000000000005
2005-04-13,0.0483568
2005-04-14,0.047763400000000004
2005-04-15,0.0484189
2005-04-18,0.0479161
2005-04-19,0.047909499999999994
2005-04-20,0.0477404
2005-04-21,0.0477343
2005-04-22,0.0481139
2005-04-25,0.0474871
2005-04-26,0.0471668
2005-04-27,0.0468656
2005-04-28,0.046759300000000004
2005-04-29,0.0465655
2005-05-02,0.0469022
2005-05-03,0.046856600000000005
2005-05-04,0.0472094
2005-05-05,0.0470967
2005-05-06,0.0475818
2005-05-09,0.0472181
2005-05-10,0.0465428
2005-05-11,0.0457568
2005-05-12,0.0462519
2005-05-13,0.045342099999999996
2005-05-16,0.046022
2005-05-17,0.0454775
2005-05-18,0.045042
2005-05-19,0.0448084
2005-05-20,0.0452458
2005-05-23,0.0447452
2005-05-24,0.0441669
2005-05-25,0.0444393
2005-05-26,0.0460782
2005-05-27,0.0461068
2005-05-30,0.0459775
2005-05-31,0.045561
2005-06-01,0.0455938
2005-06-02,0.0449017
2005-06-03,0.0443328
2005-06-06,0.0443637
2005-06-07,0.043274400000000005
2005-06-08,0.0426367
2005-06-09,0.0424838
2005-06-10,0.042798800000000005
2005-06-13,0.0430239
2005-06-14,0.043743800000000006
2005-06-15,0.0443749
2005-06-16,0.0453655
2005-06-17,0.0452398
2005-06-20,0.0444005
2005-06-21,0.0437653
2005-06-22,0.0424681
2005-06-23,0.04283000000000001
2005-06-24,0.0426595
2005-06-27,0.0424044
2005-06-28,0.0428606
2005-06-29,0.04374259999999999
2005-06-30,0.043102
2005-07-01,0.0430957
2005-07-04,0.046713199999999996
2005-07-05,0.0438196
2005-07-06,0.043675
2005-07-07,0.0423128
2005-07-08,0.0435406
2005-07-11,0.043491999999999996
2005-07-12,0.0440962
2005-07-13,0.0446804
2005-07-14,0.04457029999999999
2005-07-15,0.0447393
2005-07-18,0.0444211
2005-07-19,0.0447293
2005-07-20,0.0445993
2005-07-21,0.044257200000000003
2005-07-22,0.0443691
2005-07-25,0.0438774
2005-07-26,0.0438968
2005-07-27,0.0434546
2005-07-28,0.043830400000000005
2005-07-29,0.043532400000000006
2005-08-01,0.043788299999999995
2005-08-02,0.0437667
2005-08-03,0.0442783
2005-08-04,0.0457918
2005-08-05,0.044904200000000005
2005-08-08,0.0442254
2005-08-09,0.0444318
2005-08-10,0.044085200000000005
2005-08-11,0.04470640000000001
2005-08-12,0.044094499999999995
2005-08-15,0.0435805
2005-08-16,0.0438422
2005-08-17,0.0433964
2005-08-18,0.0431398
2005-08-19,0.042996299999999994
2005-08-22,0.0430023
2005-08-23,0.0418537
2005-08-24,0.043032
2005-08-25,0.0424555
2005-08-26,0.04260030000000001
2005-08-29,0.0425134
2005-08-30,0.043498999999999996
2005-08-31,0.0395482
2005-09-01,0.0420803
2005-09-02,0.0422748
2005-09-05,0.041896300000000004
2005-09-06,0.0420113
2005-09-07,0.041682300000000005
2005-09-08,0.0418308
2005-09-09,0.041186
2005-09-12,0.041748900000000005
2005-09-13,0.0437863
2005-09-14,0.0426627
2005-09-15,0.0424564
2005-09-16,0.0437227
2005-09-19,0.042865
2005-09-20,0.0425446
2005-09-21,0.041515500000000004
2005-09-22,0.0410144
2005-09-23,0.0415139
2005-09-26,0.033222299999999996
2005-09-27,0.0432715
2005-09-28,0.0431753
2005-09-29,0.0413243
2005-09-30,0.0419255
2005-10-03,0.0426432
2005-10-04,0.0429484
2005-10-05,0.0424831
2005-10-06,0.0436001
2005-10-07,0.0431538
2005-10-10,0.0342097
2005-10-11,0.04132329999999999
2005-10-12,0.0429979
2005-10-13,0.043036500000000005
2005-10-14,0.0437874
2005-10-17,0.0437836
2005-10-18,0.0445793
2005-10-19,0.0462324
2005-10-20,0.0434094
2005-10-21,0.0432931
2005-10-24,0.0541422
2005-10-25,0.0433179
2005-10-26,0.043652800000000005
2005-10-27,0.0439611
2005-10-28,0.04366
2005-10-31,0.043596
2005-11-01,0.043311
2005-11-02,0.045123300000000005
2005-11-03,0.0451787
2005-11-04,0.0451831
2005-11-07,0.0428762
2005-11-08,0.0424798
2005-11-09,0.04306479999999999
2005-11-10,0.0422931
2005-11-11,0.043167
2005-11-14,0.0430626
2005-11-15,0.0426598
2005-11-16,0.0449009
2005-11-17,0.0445281
2005-11-18,0.0448591
2005-11-21,0.042594900000000005
2005-11-22,0.043055500000000003
2005-11-23,0.0445556
2005-11-24,0.0425736
2005-11-25,0.036808299999999995
2005-11-28,0.0433291
2005-11-29,0.0431248
2005-11-30,0.044088
2005-12-01,0.0406803
2005-12-02,0.0429497
2005-12-05,0.042675599999999994
2005-12-06,0.043183
2005-12-07,0.042933599999999995
2005-12-08,0.043474000000000006
2005-12-09,0.043610300000000005
2005-12-12,0.042391500000000006
2005-12-13,0.041981700000000004
2005-12-14,0.0410851
2005-12-15,0.0403377
2005-12-16,0.040135500000000005
2005-12-19,0.040872099999999995
2005-12-20,0.0401985
2005-12-21,0.0405036
2005-12-22,0.039563799999999996
2005-12-23,0.039117
2005-12-27,0.0404864
2005-12-28,0.040527
2005-12-29,0.0386078
2005-12-30,0.041838
2006-01-02,0.041251499999999997
2006-01-03,0.0400421
2006-01-04,0.0394691
2006-01-05,0.0401475
2006-01-06,0.0392619
2006-01-09,0.0388784
2006-01-10,0.0379509
2006-01-11,0.0381911
2006-01-12,0.0385941
2006-01-13,0.0381189
2006-01-16,0.038351
2006-01-17,0.0383877
2006-01-18,0.0381793
2006-01-19,0.038678699999999996
2006-01-20,0.0392251
2006-01-23,0.0392272
2006-01-24,0.0394088
2006-01-25,0.0397367
2006-01-26,0.040726000000000005
2006-01-27,0.041025200000000005
2006-01-30,0.0409351
2006-01-31,0.041048600000000005
2006-02-01,0.040144900000000004
2006-02-02,0.0404279
2006-02-03,0.040323599999999994
2006-02-06,0.040750299999999996
2006-02-07,0.0403953
2006-02-08,0.0407552
2006-02-09,0.0405628
2006-02-10,0.0401264
2006-02-13,0.040474199999999995
2006-02-14,0.040474199999999995
2006-02-15,0.0407634
2006-02-16,0.0410727
2006-02-17,0.040677500000000005
2006-02-20,0.040503
2006-02-21,0.041161199999999995
2006-02-22,0.040558500000000004
2006-02-23,0.0399233
2006-02-24,0.0403973
2006-02-27,0.0405889
2006-02-28,0.0403934
2006-03-01,0.0403934
2006-03-02,0.040213
2006-03-03,0.040153600000000005
2006-03-06,0.040153600000000005
2006-03-07,0.0402424
2006-03-08,0.0407222
2006-03-09,0.041855399999999994
2006-03-10,0.0422086
2006-03-13,0.0425393
2006-03-14,0.042316200000000005
2006-03-15,0.041810799999999995
2006-03-16,0.042277300000000004
2006-03-17,0.0414669
2006-03-20,0.04186619999999999
2006-03-21,0.0415784
2006-03-22,0.0411496
2006-03-23,0.041271699999999995
2006-03-24,0.0415651
2006-03-27,0.041385500000000006
2006-03-28,0.0418182
2006-03-29,0.0423553
2006-03-30,0.0425289
2006-03-31,0.0425289
2006-04-03,0.0424817
2006-04-04,0.0429613
2006-04-05,0.0435808
2006-04-06,0.044328900000000004
2006-04-07,0.045219699999999995
2006-04-10,0.045496299999999996
2006-04-11,0.0447734
2006-04-12,0.044568899999999995
2006-04-13,0.045099600000000004
2006-04-18,0.044963100000000006
2006-04-19,0.0446448
2006-04-20,0.0449917
2006-04-21,0.044865300000000004
2006-04-24,0.045195400000000004
2006-04-25,0.045502799999999996
2006-04-26,0.0451628
2006-04-27,0.0452981
2006-04-28,0.0449478
2006-05-02,0.044836400000000005
2006-05-03,0.044836400000000005
2006-05-04,0.045141400000000005
2006-05-05,0.045601
2006-05-08,0.0452052
2006-05-09,0.04556
2006-05-10,0.0455316
2006-05-11,0.0457735
2006-05-12,0.046010999999999996
2006-05-15,0.046477500000000005
2006-05-16,0.0459062
2006-05-17,0.0459141
2006-05-18,0.0475231
2006-05-19,0.0465862
2006-05-22,0.0461196
2006-05-23,0.0458977
2006-05-24,0.0452189
2006-05-25,0.0453125
2006-05-26,0.0454392
2006-05-29,0.0454467
2006-05-30,0.0454791
2006-05-31,0.0458838
2006-06-01,0.0461595
2006-06-02,0.046260300000000004
2006-06-05,0.0454506
2006-06-06,0.0458583
2006-06-07,0.0459639
2006-06-08,0.0456312
2006-06-09,0.0454327
2006-06-12,0.045429899999999995
2006-06-13,0.0448694
2006-06-14,0.0450399
2006-06-15,0.0454378
2006-06-16,0.0462224
2006-06-19,0.046256700000000005
2006-06-20,0.045424400000000004
2006-06-21,0.0459036
2006-06-22,0.0461416
2006-06-23,0.046619
2006-06-26,0.046773800000000004
2006-06-27,0.0465036
2006-06-28,0.0462521
2006-06-29,0.0462138
2006-06-30,0.046231799999999997
2006-07-03,0.0459425
2006-07-04,0.0459425
2006-07-05,0.046146599999999996
2006-07-06,0.0464069
2006-07-07,0.0460385
2006-07-10,0.0458263
2006-07-11,0.0459167
2006-07-12,0.046155600000000005
2006-07-13,0.0460682
2006-07-14,0.0459086
2006-07-17,0.045851800000000005
2006-07-18,0.045887000000000004
2006-07-19,0.0461495
2006-07-20,0.04561079999999999
2006-07-21,0.0454741
2006-07-24,0.04533909999999999
2006-07-25,0.0451287
2006-07-26,0.0458245
2006-07-27,0.0455677
2006-07-28,0.045495299999999995
2006-07-31,0.0453256
2006-08-01,0.045208899999999996
2006-08-02,0.0450182
2006-08-03,0.0451037
2006-08-04,0.0450528
2006-08-07,0.0445393
2006-08-08,0.0444382
2006-08-09,0.0448126
2006-08-10,0.0447411
2006-08-11,0.0449597
2006-08-14,0.0452791
2006-08-15,0.0452791
2006-08-16,0.044989100000000004
2006-08-17,0.044405
2006-08-18,0.0443948
2006-08-21,0.043890900000000004
2006-08-22,0.0434983
2006-08-23,0.0434983
2006-08-24,0.0434802
2006-08-25,0.0432146
2006-08-28,0.0433532
2006-08-29,0.0434058
2006-08-30,0.043519800000000004
2006-08-31,0.0433568
2006-09-01,0.0430459
2006-09-04,0.0428142
2006-09-05,0.0428841
2006-09-06,0.0432283
2006-09-07,0.0434728
2006-09-08,0.043085500000000006
2006-09-11,0.0426912
2006-09-12,0.043017599999999996
2006-09-13,0.042699299999999996
2006-09-14,0.0426464
2006-09-15,0.0425309
2006-09-18,0.0426961
2006-09-19,0.042452300000000005
2006-09-20,0.0421458
2006-09-21,0.0421427
2006-09-22,0.041548100000000004
2006-09-25,0.041275599999999996
2006-09-26,0.0409654
2006-09-27,0.0408189
2006-09-28,0.0407188
2006-09-29,0.040696
2006-10-02,0.0413228
2006-10-03,0.040975000000000004
2006-10-04,0.041419
2006-10-05,0.041125999999999996
2006-10-06,0.0411819
2006-10-09,0.04143379999999999
2006-10-10,0.0415873
2006-10-11,0.0415453
2006-10-12,0.0416593
2006-10-13,0.0416369
2006-10-16,0.0416338
2006-10-17,0.0414288
2006-10-18,0.0413813
2006-10-19,0.0418443
2006-10-20,0.041848
2006-10-23,0.0418741
2006-10-24,0.041790900000000006
2006-10-25,0.041751199999999995
2006-10-26,0.0415038
2006-10-27,0.041032400000000004
2006-10-30,0.040730300000000004
2006-10-31,0.0403448
2006-11-01,0.040029
2006-11-02,0.0397334
2006-11-03,0.0399616
2006-11-06,0.0404838
2006-11-07,0.0403351
2006-11-08,0.0398035
2006-11-09,0.0402355
2006-11-10,0.040266500000000004
2006-11-13,0.040069299999999995
2006-11-14,0.0401036
2006-11-15,0.0399669
2006-11-16,0.040106
2006-11-17,0.0402868
2006-11-20,0.0398938
2006-11-21,0.0396581
2006-11-22,0.0398002
2006-11-23,0.0403039
2006-11-24,0.0400212
2006-11-27,0.04054630000000001
2006-11-28,0.040397999999999996
2006-11-29,0.0403529
2006-11-30,0.0405108
2006-12-01,0.0403573
2006-12-04,0.0399075
2006-12-05,0.039989
2006-12-06,0.0400786
2006-12-07,0.0400786
2006-12-08,0.0400559
2006-12-11,0.040262599999999996
2006-12-12,0.0403435
2006-12-13,0.0398138
2006-12-14,0.040498700000000006
2006-12-15,0.0402718
2006-12-18,0.0406992
2006-12-19,0.0411021
2006-12-20,0.0413148
2006-12-21,0.041368999999999996
2006-12-22,0.0414371
2006-12-27,0.0417861
2006-12-28,0.042055499999999996
2006-12-29,0.042055499999999996
2007-01-02,0.0418731
2007-01-03,0.0418405
2007-01-04,0.0418405
2007-01-05,0.041845600000000004
2007-01-08,0.0424144
2007-01-09,0.0424144
2007-01-10,0.0428039
2007-01-11,0.0430853
2007-01-12,0.04348080000000001
2007-01-15,0.0434844
2007-01-16,0.043391700000000005
2007-01-17,0.042895
2007-01-18,0.04369239999999999
2007-01-19,0.0429139
2007-01-22,0.042734100000000004
2007-01-23,0.042371400000000004
2007-01-24,0.042858400000000005
2007-01-25,0.0426586
2007-01-26,0.043134399999999996
2007-01-29,0.0435037
2007-01-30,0.04382
2007-01-31,0.0435914
2007-02-01,0.0433956
2007-02-02,0.043661700000000005
2007-02-05,0.0435581
2007-02-06,0.0432552
2007-02-07,0.0433487
2007-02-08,0.043188500000000005
2007-02-09,0.0431052
2007-02-12,0.0437185
2007-02-13,0.043848599999999995
2007-02-14,0.0439789
2007-02-15,0.0434002
2007-02-16,0.0431461
2007-02-19,0.0433562
2007-02-20,0.0436322
2007-02-21,0.042954299999999994
2007-02-22,0.043197
2007-02-23,0.043197
2007-02-26,0.0426106
2007-02-27,0.0424565
2007-02-28,0.0425274
2007-03-01,0.0426626
2007-03-02,0.0427551
2007-03-05,0.0427017
2007-03-06,0.0426868
2007-03-07,0.04298949999999999
2007-03-08,0.0430651
2007-03-09,0.0430504
2007-03-12,0.0434161
2007-03-13,0.043013300000000004
2007-03-14,0.0429958
2007-03-15,0.0431304
2007-03-16,0.0429214
2007-03-19,0.0431046
2007-03-20,0.0431046
2007-03-21,0.043004
2007-03-22,0.04333719999999999
2007-03-23,0.044233
2007-03-26,0.04468079999999999
2007-03-27,0.044801200000000006
2007-03-28,0.044754199999999994
2007-03-29,0.045250000000000005
2007-03-30,0.0449114
2007-04-02,0.0448252
2007-04-03,0.0451857
2007-04-04,0.0453852
2007-04-05,0.045627
2007-04-10,0.045770099999999994
2007-04-11,0.04594
2007-04-12,0.0461566
2007-04-13,0.0469109
2007-04-16,0.046994999999999995
2007-04-17,0.0472986
2007-04-18,0.046283200000000004
2007-04-19,0.0459463
2007-04-20,0.046362600000000004
2007-04-23,0.0458873
2007-04-24,0.045556
2007-04-25,0.0459681
2007-04-26,0.0459684
2007-04-27,0.0459813
2007-04-30,0.0459813
2007-05-02,0.045869299999999995
2007-05-03,0.0462046
2007-05-04,0.0462046
2007-05-07,0.0462306
2007-05-08,0.0463305
2007-05-09,0.0463305
2007-05-10,0.0463854
2007-05-11,0.0458108
2007-05-14,0.0467494
2007-05-15,0.046935000000000004
2007-05-16,0.0468896
2007-05-17,0.0466234
2007-05-18,0.0468471
2007-05-21,0.0468471
2007-05-22,0.0471415
2007-05-23,0.047398100000000006
2007-05-24,0.0471425
2007-05-25,0.046934500000000004
2007-05-29,0.047481
2007-05-30,0.047481
2007-05-31,0.0474923
2007-06-01,0.047626600000000005
2007-06-04,0.0495772
2007-06-05,0.048058199999999995
2007-06-06,0.048383
2007-06-07,0.048668199999999995
2007-06-08,0.049745
2007-06-11,0.049138
2007-06-12,0.049701300000000004
2007-06-13,0.0512742
2007-06-14,0.05043739999999999
2007-06-15,0.0513866
2007-06-18,0.0509357
2007-06-19,0.0512339
2007-06-20,0.0505155
2007-06-21,0.0505542
2007-06-22,0.050308599999999995
2007-06-25,0.0499994
2007-06-26,0.0496626
2007-06-27,0.049157099999999995
2007-06-28,0.049443900000000006
2007-06-29,0.0490861
2007-07-02,0.048625299999999996
2007-07-03,0.0487986
2007-07-04,0.049380499999999994
2007-07-05,0.049941700000000006
2007-07-06,0.0498337
2007-07-09,0.049936999999999995
2007-07-10,0.0495419
2007-07-11,0.0489411
2007-07-12,0.049471999999999995
2007-07-13,0.0495309
2007-07-16,0.049342699999999996
2007-07-17,0.0487446
2007-07-18,0.0490402
2007-07-19,0.0495326
2007-07-20,0.0485635
2007-07-23,0.0475577
2007-07-24,0.047967199999999995
2007-07-25,0.047587700000000004
2007-07-26,0.0476485
2007-07-27,0.0468192
2007-07-30,0.0467717
2007-07-31,0.0470221
2007-08-01,0.0463798
2007-08-02,0.046815699999999995
2007-08-03,0.0468017
2007-08-06,0.0466862
2007-08-07,0.047088
2007-08-08,0.0478676
2007-08-09,0.0473966
2007-08-10,0.047726300000000006
2007-08-13,0.0403392
2007-08-14,0.0403226
2007-08-15,0.0388379
2007-08-16,0.037713
2007-08-17,0.035966200000000004
2007-08-20,0.0371035
2007-08-21,0.0345928
2007-08-22,0.0360366
2007-08-23,0.0384767
2007-08-24,0.0364912
2007-08-27,0.0385415
2007-08-28,0.0371866
2007-08-29,0.0365049
2007-08-30,0.0369922
2007-08-31,0.038003499999999996
2007-09-03,0.0376147
2007-09-04,0.0372389
2007-09-05,0.037672
2007-09-06,0.0374255
2007-09-07,0.0367264
2007-09-10,0.0354447
2007-09-11,0.0349295
2007-09-12,0.0355459
2007-09-13,0.0366318
2007-09-14,0.0373309
2007-09-17,0.0375712
2007-09-18,0.0377735
2007-09-19,0.038883299999999996
2007-09-20,0.0390972
2007-09-21,0.0392518
2007-09-24,0.0391153
2007-09-25,0.0383736
2007-09-26,0.0384452
2007-09-27,0.0397454
2007-09-28,0.0388844
2007-10-01,0.0378181
2007-10-02,0.0386364
2007-10-03,0.0370598
2007-10-04,0.0381363
2007-10-05,0.0371089
2007-10-08,0.0389854
2007-10-09,0.0494569
2007-10-10,0.0493073
2007-10-11,0.0496497
2007-10-12,0.049298299999999996
2007-10-15,0.049917800000000005
2007-10-16,0.050409699999999995
2007-10-17,0.050426399999999996
2007-10-18,0.0501872
2007-10-19,0.0493478
2007-10-22,0.048757999999999996
2007-10-23,0.0496024
2007-10-24,0.0491967
2007-10-25,0.049115099999999995
2007-10-26,0.04896639999999999
2007-10-29,0.0493075
2007-10-30,0.0492485
2007-10-31,0.049469599999999996
2007-11-01,0.0501319
2007-11-02,0.049006299999999996
2007-11-05,0.0485058
2007-11-06,0.048830799999999994
2007-11-07,0.0487613
2007-11-08,0.0488638
2007-11-09,0.0491963
2007-11-12,0.0493047
2007-11-13,0.048892899999999996
2007-11-14,0.0493882
2007-11-15,0.049324700000000006
2007-11-16,0.0492796
2007-11-19,0.0495922
2007-11-20,0.0494342
2007-11-21,0.049891500000000005
2007-11-22,0.050385299999999994
2007-11-23,0.0508617
2007-11-26,0.0513258
2007-11-27,0.050637100000000004
2007-11-28,0.0514801
2007-11-29,0.0518665
2007-11-30,0.051493000000000004
2007-12-03,0.051575499999999996
2007-12-04,0.050869099999999993
2007-12-05,0.050560999999999995
2007-12-06,0.0506574
2007-12-07,0.0508079
2007-12-10,0.050737500000000005
2007-12-11,0.051134700000000005
2007-12-12,0.0512875
2007-12-13,0.0510792
2007-12-14,0.050434400000000004
2007-12-17,0.050332499999999995
2007-12-18,0.050262799999999996
2007-12-19,0.049565700000000004
2007-12-20,0.0497482
2007-12-21,0.0498746
2007-12-27,0.0505313
2007-12-28,0.0320883
2008-01-02,0.0329469
2008-01-03,0.0254315
2008-01-04,0.0404235
2008-01-07,0.041335300000000005
2008-01-08,0.0408042
2008-01-09,0.0317281
2008-01-10,0.024869699999999998
2008-01-11,0.025384000000000004
2008-01-14,0.0246561
2008-01-15,0.0511383
2008-01-16,0.0507132
2008-01-17,0.050899599999999996
2008-01-18,0.051242499999999996
2008-01-21,0.051313500000000005
2008-01-22,0.0512981
2008-01-23,0.05184999999999999
2008-01-24,0.0525785
2008-01-25,0.052481400000000004
2008-01-28,0.051864600000000004
2008-01-29,0.0520424
2008-01-30,0.052469999999999996
2008-01-31,0.052090300000000006
2008-02-01,0.0512156
2008-02-04,0.050990200000000006
2008-02-05,0.050677599999999996
2008-02-06,0.050367699999999994
2008-02-07,0.050411700000000004
2008-02-08,0.0515095
2008-02-11,0.050866600000000005
2008-02-12,0.0510372
2008-02-13,0.051626399999999996
2008-02-14,0.0519425
2008-02-15,0.051939
2008-02-18,0.051984300000000004
2008-02-19,0.0519462
2008-02-20,0.0519632
2008-02-21,0.051795600000000004
2008-02-22,0.0519871
2008-02-25,0.0525442
2008-02-26,0.0530764
2008-02-27,0.0528298
2008-02-28,0.0531339
2008-02-29,0.052064599999999996
2008-03-03,0.05122550000000001
2008-03-04,0.052293700000000005
2008-03-05,0.052918200000000006
2008-03-06,0.0537174
2008-03-07,0.0534658
2008-03-10,0.0542921
2008-03-11,0.053697999999999996
2008-03-12,0.053768500000000004
2008-03-13,0.0534219
2008-03-14,0.0543164
2008-03-17,0.053958700000000005
2008-03-18,0.055234
2008-03-19,0.0539915
2008-03-20,0.0534726
2008-03-25,0.052995400000000005
2008-03-26,0.0535336
2008-03-27,0.0550954
2008-03-28,0.0550281
2008-03-31,0.0549162
2008-04-01,0.0541028
2008-04-02,0.053851500000000004
2008-04-03,0.0541245
2008-04-04,0.053546899999999995
2008-04-07,0.053249500000000005
2008-04-08,0.0531426
2008-04-09,0.0530182
2008-04-10,0.0523648
2008-04-11,0.0526366
2008-04-14,0.0323265
2008-04-15,0.0255057
2008-04-16,0.0282669
2008-04-17,0.0310903
2008-04-18,0.0319358
2008-04-21,0.0333114
2008-04-22,0.034723000000000004
2008-04-23,0.0339479
2008-04-24,0.0316442
2008-04-25,0.0340729
2008-04-28,0.0314769
2008-04-29,0.027838099999999998
2008-04-30,0.032292
2008-05-02,0.0304112
2008-05-05,0.0315856
2008-05-06,0.0319496
2008-05-07,0.0314934
2008-05-08,0.0302572
2008-05-09,0.0284891
2008-05-12,0.029951500000000002
2008-05-13,0.0298514
2008-05-14,0.0320397
2008-05-15,0.033852
2008-05-16,0.0338918
2008-05-19,0.0334237
2008-05-20,0.0538432
2008-05-21,0.0540455
2008-05-22,0.054418499999999995
2008-05-23,0.053554500000000005
2008-05-26,0.052997199999999994
2008-05-27,0.0532613
2008-05-28,0.0534807
2008-05-29,0.05488610000000001
2008-05-30,0.0545475
2008-06-02,0.054004899999999995
2008-06-03,0.0547856
2008-06-04,0.0543194
2008-06-05,0.054271200000000006
2008-06-06,0.0526682
2008-06-09,0.052331899999999994
2008-06-10,0.052304500000000004
2008-06-11,0.052862400000000004
2008-06-12,0.0533971
2008-06-13,0.053234000000000004
2008-06-16,0.0516127
2008-06-17,0.0511989
2008-06-18,0.0510716
2008-06-19,0.050505699999999994
2008-06-20,0.0500281
2008-06-23,0.0496019
2008-06-24,0.0506276
2008-06-25,0.0511987
2008-06-26,0.0513846
2008-06-27,0.0522841
2008-06-30,0.0531618
2008-07-01,0.0524447
2008-07-02,0.052173800000000006
2008-07-03,0.052032600000000005
2008-07-04,0.052857
2008-07-07,0.0522734
2008-07-08,0.0527562
2008-07-09,0.0530609
2008-07-10,0.0524936
2008-07-11,0.0527478
2008-07-14,0.0526347
2008-07-15,0.0271517
2008-07-16,0.0273955
2008-07-17,0.0275147
2008-07-18,0.0278474
2008-07-21,0.053131199999999996
2008-07-22,0.0529009
2008-07-23,0.051958399999999995
2008-07-24,0.0517645
2008-07-25,0.051083699999999996
2008-07-28,0.051563200000000003
2008-07-29,0.0515878
2008-07-30,0.0511488
2008-07-31,0.027360600000000002
2008-08-01,0.0267401
2008-08-04,0.0265592
2008-08-05,0.026667299999999998
2008-08-06,0.026528700000000002
2008-08-07,0.0267691
2008-08-08,0.0269212
2008-08-11,0.0269079
2008-08-12,0.0266479
2008-08-13,0.026468699999999998
2008-08-14,0.0285848
2008-08-15,0.028235
2008-08-18,0.025918
2008-08-19,0.0259178
2008-08-20,0.026316199999999998
2008-08-21,0.0263037
2008-08-22,0.0262737
2008-08-25,0.0261661
2008-08-26,0.0258691
2008-08-27,0.0260467
2008-08-28,0.025945299999999998
2008-08-29,0.025333199999999997
2008-09-01,0.0254558
2008-09-02,0.0260337
2008-09-03,0.025602100000000003
2008-09-04,0.0259854
2008-09-05,0.0255015
2008-09-08,0.0259258
2008-09-09,0.0259967
2008-09-10,0.0257607
2008-09-11,0.026103
2008-09-12,0.0267028
2008-09-15,0.0294831
2008-09-16,0.0261027
2008-09-17,0.0260363
2008-09-18,0.0269135
2008-09-19,0.0275868
2008-09-22,0.0568826
2008-09-23,0.056776099999999996
2008-09-24,0.055804099999999995
2008-09-25,0.054687599999999996
2008-09-26,0.054478200000000004
2008-09-29,0.0544956
2008-09-30,0.0524227
2008-10-01,0.0505242
2008-10-02,0.0514229
2008-10-03,0.0487399
2008-10-06,0.0483572
2008-10-07,0.0467029
2008-10-08,0.0437349
2008-10-09,0.0480011
2008-10-10,0.046615399999999994
2008-10-13,0.0509435
2008-10-14,0.0505558
2008-10-15,0.051967299999999994
2008-10-16,0.0535015
2008-10-17,0.05273
2008-10-20,0.0519362
2008-10-21,0.025212400000000003
2008-10-22,0.026607099999999998
2008-10-23,0.0236097
2008-10-24,0.022202899999999998
2008-10-27,0.0226113
2008-10-28,0.023452099999999997
2008-10-29,0.0231345
2008-10-30,0.023720500000000002
2008-10-31,0.0227909
2008-11-03,0.024002500000000003
2008-11-04,0.0233835
2008-11-05,0.023022
2008-11-06,0.0236346
2008-11-07,0.023495699999999998
2008-11-10,0.022744900000000002
2008-11-11,0.023298199999999998
2008-11-12,0.0230314
2008-11-13,0.0232584
2008-11-14,0.0236892
2008-11-17,0.0233136
2008-11-18,0.0229028
2008-11-19,0.0221693
2008-11-20,0.0212568
2008-11-21,0.0204686
2008-11-24,0.0200439
2008-11-25,0.0199407
2008-11-26,0.0182508
2008-11-27,0.0176774
2008-11-28,0.0171272
2008-12-01,0.0170024
2008-12-02,0.0159649
2008-12-03,0.0139458
2008-12-04,0.011771199999999999
2008-12-05,0.014299
2008-12-08,0.0152561
2008-12-09,0.016054600000000002
2008-12-10,0.0162646
2008-12-11,0.0173327
2008-12-12,0.016901
2008-12-15,0.0181348
2008-12-16,0.0173314
2008-12-17,0.0160307
2008-12-18,0.0163631
2008-12-19,0.015103100000000001
2008-12-22,0.015650900000000002
2008-12-23,0.0153831
2008-12-29,0.015052300000000001
2008-12-30,0.015215000000000001
2009-01-02,0.0152786
2009-01-05,0.0155309
2009-01-06,0.0163692
2009-01-07,0.0175686
2009-01-08,0.0188694
2009-01-09,0.0176982
2009-01-12,0.017727
2009-01-13,0.0177559
2009-01-14,0.0185932
2009-01-15,0.0178519
2009-01-16,0.0177246
2009-01-19,0.0187061
2009-01-20,0.018417
2009-01-21,0.0184762
2009-01-22,0.0189649
2009-01-23,0.0196491
2009-01-26,0.0215434
2009-01-27,0.020947499999999997
2009-01-28,0.0198275
2009-01-29,0.0190229
2009-01-30,0.018412599999999998
2009-02-02,0.0190121
2009-02-03,0.0183871
2009-02-04,0.0190114
2009-02-05,0.0194409
2009-02-06,0.0188844
2009-02-09,0.0193639
2009-02-10,0.0190094
2009-02-11,0.018359399999999998
2009-02-12,0.017354400000000002
2009-02-13,0.0174751
2009-02-16,0.0166393
2009-02-17,0.0161852
2009-02-18,0.0157176
2009-02-19,0.0177797
2009-02-20,0.0175209
2009-02-23,0.017935700000000002
2009-02-24,0.0171814
2009-02-25,0.0173017
2009-02-26,0.0171013
2009-02-27,0.0174925
2009-03-02,0.0170092
2009-03-03,0.017365600000000002
2009-03-04,0.0180391
2009-03-05,0.0187936
2009-03-06,0.0172427
2009-03-09,0.0168483
2009-03-10,0.0170012
2009-03-11,0.017948
2009-03-12,0.0179469
2009-03-13,0.019296
2009-03-16,0.0199257
2009-03-17,0.020116900000000004
2009-03-18,0.0209021
2009-03-19,0.0194879
2009-03-20,0.0193703
2009-03-23,0.0188487
2009-03-24,0.0200114
2009-03-25,0.020286400000000003
2009-03-26,0.0206888
2009-03-27,0.0198552
2009-03-30,0.0190887
2009-03-31,0.0187608
2009-04-01,0.0186852
2009-04-02,0.0190872
2009-04-03,0.0198534
2009-04-06,0.0208186
2009-04-07,0.020871300000000002
2009-04-08,0.0204964
2009-04-09,0.0211353
2009-04-14,0.0205799
2009-04-15,0.0203178
2009-04-16,0.020869
2009-04-17,0.0204581
2009-04-20,0.0205786
2009-04-21,0.020030299999999997
2009-04-22,0.0196174
2009-04-23,0.0201696
2009-04-24,0.01991
2009-04-27,0.019488000000000002
2009-04-28,0.0192072
2009-04-29,0.0195892
2009-04-30,0.019512
2009-05-04,0.01964
2009-05-05,0.020001099999999997
2009-05-06,0.0201567
2009-05-07,0.021424699999999998
2009-05-08,0.0223201
2009-05-11,0.0221284
2009-05-12,0.0221993
2009-05-13,0.022212999999999997
2009-05-14,0.022198799999999998
2009-05-15,0.0219804
2009-05-18,0.0221384
2009-05-19,0.022594500000000003
2009-05-20,0.022816
2009-05-21,0.023234599999999998
2009-05-22,0.0233188
2009-05-25,0.024173399999999998
2009-05-26,0.0237655
2009-05-27,0.024372699999999997
2009-05-28,0.0245172
2009-05-29,0.0240564
2009-06-01,0.0242286
2009-06-02,0.024895399999999998
2009-06-03,0.0233464
2009-06-04,0.0232057
2009-06-05,0.0234138
2009-06-08,0.023458899999999998
2009-06-09,0.0232898
2009-06-10,0.023121299999999997
2009-06-11,0.023588900000000003
2009-06-12,0.023121100000000002
2009-06-15,0.0230091
2009-06-16,0.022975500000000003
2009-06-17,0.0227027
2009-06-18,0.0229697
2009-06-19,0.023742
2009-06-22,0.0231655
2009-06-23,0.0232441
2009-06-24,0.0230365
2009-06-25,0.022896700000000002
2009-06-26,0.022718600000000002
2009-06-29,0.022419699999999997
2009-06-30,0.022227100000000003
2009-07-01,0.022079
2009-07-02,0.0221291
2009-07-03,0.0215576
2009-07-06,0.021015199999999998
2009-07-07,0.0211644
2009-07-08,0.0210838
2009-07-09,0.0210506
2009-07-10,0.0211143
2009-07-13,0.020566900000000003
2009-07-14,0.0207516
2009-07-15,0.0209371
2009-07-16,0.0212834
2009-07-17,0.0210688
2009-07-20,0.022233100000000002
2009-07-21,0.022123
2009-07-22,0.021822400000000002
2009-07-23,0.021957499999999998
2009-07-24,0.0223963
2009-07-27,0.0225341
2009-07-28,0.022147999999999998
2009-07-29,0.0215216
2009-07-30,0.0218079
2009-07-31,0.0209034
2009-08-03,0.020400299999999996
2009-08-04,0.0203999
2009-08-05,0.020478399999999997
2009-08-06,0.020110000000000003
2009-08-07,0.0204242
2009-08-10,0.0211192
2009-08-11,0.02106
2009-08-12,0.0209261
2009-08-13,0.0213536
2009-08-14,0.020659
2009-08-17,0.0200175
2009-08-18,0.0201843
2009-08-19,0.0197154
2009-08-20,0.019610700000000002
2009-08-21,0.0197137
2009-08-24,0.0200773
2009-08-25,0.020103
2009-08-26,0.0199461
2009-08-27,0.0197474
2009-08-28,0.020059200000000003
2009-08-31,0.019814099999999998
2009-09-01,0.0196841
2009-09-02,0.0197873
2009-09-03,0.0202296
2009-09-04,0.020429
2009-09-07,0.0205342
2009-09-08,0.0207298
2009-09-09,0.021129699999999998
2009-09-10,0.0217228
2009-09-11,0.0209143
2009-09-14,0.0205422
2009-09-15,0.0205153
2009-09-16,0.020525500000000002
2009-09-17,0.021019100000000002
2009-09-18,0.0211796
2009-09-21,0.0218289
2009-09-22,0.022096900000000003
2009-09-23,0.0216377
2009-09-24,0.0209739
2009-09-25,0.020221100000000002
2009-09-28,0.0198809
2009-09-29,0.0199065
2009-09-30,0.0192085
2009-10-01,0.019723
2009-10-02,0.0191661
2009-10-05,0.0188442
2009-10-06,0.0188692
2009-10-07,0.018635600000000002
2009-10-08,0.0185686
2009-10-09,0.018796
2009-10-12,0.0193834
2009-10-13,0.019311000000000002
2009-10-14,0.0199791
2009-10-15,0.0202874
2009-10-16,0.0206891
2009-10-19,0.020635599999999997
2009-10-20,0.0203179
2009-10-21,0.020555300000000002
2009-10-22,0.020687
2009-10-23,0.021049799999999997
2009-10-26,0.0213132
2009-10-27,0.021248200000000002
2009-10-28,0.0204048
2009-10-29,0.0203404
2009-10-30,0.0201874
2009-11-02,0.0200506
2009-11-03,0.0197475
2009-11-04,0.020603600000000003
2009-11-05,0.021002800000000002
2009-11-06,0.0209757
2009-11-09,0.0211903
2009-11-10,0.020575100000000002
2009-11-11,0.0207077
2009-11-12,0.0203462
2009-11-13,0.0204939
2009-11-16,0.0204142
2009-11-17,0.0202555
2009-11-18,0.0197472
2009-11-19,0.019740999999999998
2009-11-20,0.019460500000000002
2009-11-23,0.0196519
2009-11-24,0.019693099999999998
2009-11-25,0.0197291
2009-11-26,0.0196812
2009-11-27,0.019287600000000002
2009-11-30,0.0191331
2009-12-01,0.0190917
2009-12-02,0.0191323
2009-12-03,0.0195801
2009-12-04,0.0192902
2009-12-07,0.019646900000000002
2009-12-08,0.0192225
2009-12-09,0.019104
2009-12-10,0.0194739
2009-12-11,0.0200365
2009-12-14,0.019670399999999998
2009-12-15,0.0195143
2009-12-16,0.0199306
2009-12-17,0.01927
2009-12-18,0.018727
2009-12-21,0.0189207
2009-12-22,0.0197185
2009-12-23,0.0200585
2009-12-28,0.0208002
2009-12-29,0.020771799999999997
2009-12-30,0.020851799999999997
2010-01-04,0.0211473
2010-01-05,0.0209586
2010-01-06,0.0209207
2010-01-07,0.0211837
2010-01-08,0.021070199999999997
2010-01-11,0.0212806
2010-01-12,0.0206942
2010-01-13,0.0210371
2010-01-14,0.0208483
2010-01-15,0.020554199999999998
2010-01-18,0.0202093
2010-01-19,0.0203412
2010-01-20,0.0205001
2010-01-21,0.020313599999999998
2010-01-22,0.0199286
2010-01-25,0.0201281
2010-01-26,0.0197866
2010-01-27,0.0197393
2010-01-28,0.0195507
2010-01-29,0.0193429
2010-02-01,0.0192599
2010-02-02,0.0193682
2010-02-03,0.019549399999999998
2010-02-04,0.0196162
2010-02-05,0.0186733
2010-02-08,0.018116399999999998
2010-02-09,0.0185962
2010-02-10,0.0192983
2010-02-11,0.0192353
2010-02-12,0.019198800000000002
2010-02-15,0.0193795
2010-02-16,0.0193377
2010-02-17,0.0196232
2010-02-18,0.019805200000000002
2010-02-19,0.0198678
2010-02-22,0.0202522
2010-02-23,0.019684
2010-02-24,0.0189024
2010-02-25,0.0186306
2010-02-26,0.0186659
2010-03-01,0.0187166
2010-03-02,0.0187673
2010-03-03,0.0189206
2010-03-04,0.0194099
2010-03-05,0.019058
2010-03-08,0.0192797
2010-03-09,0.019357100000000002
2010-03-10,0.0193205
2010-03-11,0.024464
2010-03-12,0.021319599999999998
2010-03-15,0.022106400000000002
2010-03-16,0.0236001
2010-03-17,0.018967400000000002
2010-03-18,0.0189922
2010-03-19,0.0190846
2010-03-22,0.0188016
2010-03-23,0.018403799999999998
2010-03-24,0.018201000000000002
2010-03-25,0.018662
2010-03-26,0.0224919
2010-03-29,0.0215667
2010-03-30,0.020182699999999998
2010-03-31,0.0256359
2010-04-01,0.0268586
2010-04-06,0.0280932
2010-04-07,0.0301233
2010-04-08,0.0264005
2010-04-09,0.028759299999999998
2010-04-12,0.0317293
2010-04-13,0.0341134
2010-04-14,0.0325115
2010-04-15,0.0340656
2010-04-16,0.0344857
2010-04-19,0.0317471
2010-04-20,0.0254753
2010-04-21,0.025428700000000002
2010-04-22,0.0221711
2010-04-23,0.0237817
2010-04-26,0.0186995
2010-04-27,0.0205677
2010-04-28,0.0227132
2010-04-29,0.0233267
2010-04-30,0.023184800000000002
2010-05-03,0.0258589
2010-05-04,0.0260628
2010-05-05,0.0268643
2010-05-06,0.025936
2010-05-07,0.0269361
2010-05-10,0.0230264
2010-05-11,0.025155599999999997
2010-05-12,0.025356100000000003
2010-05-13,0.030927899999999998
2010-05-14,0.0342891
2010-05-17,0.0315288
2010-05-18,0.0321167
2010-05-19,0.0318451
2010-05-20,0.0339599
2010-05-21,0.0309494
2010-05-24,0.0315903
2010-05-25,0.032247200000000004
2010-05-26,0.0304796
2010-05-27,0.032242799999999995
2010-05-28,0.0312896
2010-05-31,0.0305469
2010-06-01,0.0325752
2010-06-02,0.03232
2010-06-03,0.0324466
2010-06-04,0.0310461
2010-06-07,0.0290294
2010-06-08,0.0253484
2010-06-09,0.025746099999999997
2010-06-10,0.026255700000000003
2010-06-11,0.027813599999999997
2010-06-14,0.0280375
2010-06-15,0.0326782
2010-06-16,0.030874899999999997
2010-06-17,0.0303876
2010-06-18,0.0330801
2010-06-21,0.0339308
2010-06-22,0.0325677
2010-06-23,0.0329537
2010-06-24,0.031320100000000003
2010-06-25,0.0314599
2010-06-28,0.0321262
2010-06-29,0.0302127
2010-06-30,0.0319139
2010-07-01,0.0291841
2010-07-02,0.0282566
2010-07-05,0.0287684
2010-07-06,0.029851100000000002
2010-07-07,0.0309271
2010-07-08,0.0312592
2010-07-09,0.030201699999999998
2010-07-12,0.0302697
2010-07-13,0.0312985
2010-07-14,0.0303002
2010-07-15,0.0307014
2010-07-16,0.0321795
2010-07-19,0.040877100000000006
2010-07-20,0.04118960000000001
2010-07-21,0.041008899999999994
2010-07-22,0.040777299999999995
2010-07-23,0.0410888
2010-07-26,0.041236800000000004
2010-07-27,0.0299953
2010-07-28,0.029845700000000003
2010-07-29,0.02839
2010-07-30,0.0250051
2010-08-02,0.0267965
2010-08-03,0.0262493
2010-08-04,0.0262764
2010-08-05,0.0282355
2010-08-06,0.028113600000000002
2010-08-09,0.026189499999999998
2010-08-10,0.0258488
2010-08-11,0.0251206
2010-08-12,0.0239939
2010-08-13,0.0224177
2010-08-16,0.016042400000000002
2010-08-17,0.017352
2010-08-18,0.021092
2010-08-19,0.0186844
2010-08-20,0.0146416
2010-08-23,0.0147955
2010-08-24,0.0142048
2010-08-25,0.008773999999999999
2010-08-26,0.0169984
2010-08-27,0.0190224
2010-08-30,0.020468
2010-08-31,0.0145924
2010-09-01,0.0182947
2010-09-02,0.0102907
2010-09-03,0.015523
2010-09-06,0.0146752
2010-09-07,0.0166687
2010-09-08,0.0150351
2010-09-09,0.0153528
2010-09-10,0.0194226
2010-09-13,0.0172356
2010-09-14,0.017542500000000003
2010-09-15,0.0137588
2010-09-16,0.010902700000000001
2010-09-17,0.0113691
2010-09-20,0.0123508
2010-09-21,0.0149333
2010-09-22,0.0152516
2010-09-23,0.010679899999999999
2010-09-24,0.0100121
2010-09-27,0.0093244
2010-09-28,0.0089193
2010-09-29,0.008523300000000001
2010-09-30,0.008683100000000001
2010-10-01,0.0087519
2010-10-04,0.0081935
2010-10-05,0.0082842
2010-10-06,0.0084208
2010-10-07,0.0086493
2010-10-08,0.0086951
2010-10-11,0.008856300000000001
2010-10-12,0.0082597
2010-10-13,0.0090023
2010-10-14,0.0090919
2010-10-15,0.0095555
2010-10-18,0.0102699
2010-10-19,0.0101491
2010-10-20,0.012029399999999999
2010-10-21,0.009856700000000001
2010-10-22,0.0098097
2010-10-25,0.009624899999999999
2010-10-26,0.0116581
2010-10-27,0.0124282
2010-10-28,0.010825499999999998
2010-10-29,0.0101142
2010-11-01,0.0093332
2010-11-02,0.0090838
2010-11-03,0.0085333
2010-11-04,0.0096977
2010-11-05,0.0089502
2010-11-08,0.0092061
2010-11-09,0.008924999999999999
2010-11-10,0.0099837
2010-11-11,0.0128981
2010-11-12,0.0137967
2010-11-15,0.011139
2010-11-16,0.0114064
2010-11-17,0.0119964
2010-11-18,0.011770599999999999
2010-11-19,0.0119478
2010-11-22,0.013138799999999999
2010-11-23,0.0113416
2010-11-24,0.0106268
2010-11-25,0.0136728
2010-11-26,0.0117112
2010-11-29,0.016285400000000002
2010-11-30,0.0182668
2010-12-01,0.0168821
2010-12-02,0.0177549
2010-12-03,0.0192734
2010-12-06,0.023915099999999998
2010-12-07,0.0239298
2010-12-08,0.0186786
2010-12-09,0.0192597
2010-12-10,0.020232100000000003
2010-12-13,0.0195296
2010-12-14,0.0167953
2010-12-15,0.016408
2010-12-16,0.016432199999999998
2010-12-17,0.0173728
2010-12-20,0.014571099999999998
2010-12-21,0.0141681
2010-12-22,0.014275500000000002
2010-12-23,0.0138649
2010-12-27,0.015644
2010-12-28,0.0169183
2010-12-29,0.0193146
2010-12-30,0.0151015
2011-01-03,0.014035500000000001
2011-01-04,0.018674299999999998
2011-01-05,0.0131921
2011-01-06,0.014599899999999999
2011-01-07,0.014036
2011-01-10,0.0139561
2011-01-11,0.0137439
2011-01-12,0.014519200000000001
2011-01-13,0.0150362
2011-01-14,0.0145412
2011-01-17,0.0146821
2011-01-18,0.015476799999999999
2011-01-19,0.0154013
2011-01-20,0.0153119
2011-01-21,0.015600000000000001
2011-01-24,0.0156725
2011-01-25,0.0152847
2011-01-26,0.016008599999999998
2011-01-27,0.015981000000000002
2011-01-28,0.0158802
2011-01-31,0.0156458
2011-02-01,0.0162068
2011-02-02,0.0165704
2011-02-03,0.0164457
2011-02-04,0.0164743
2011-02-07,0.0168003
2011-02-08,0.0167776
2011-02-09,0.017095100000000002
2011-02-10,0.0171532
2011-02-11,0.0171825
2011-02-14,0.0173396
2011-02-15,0.0175507
2011-02-16,0.0168081
2011-02-17,0.0167801
2011-02-18,0.0163264
2011-02-21,0.0164377
2011-02-22,0.0158451
2011-02-23,0.015733399999999998
2011-02-24,0.0155
2011-02-25,0.0158124
2011-02-28,0.015567
2011-03-01,0.0160318
2011-03-02,0.0159307
2011-03-03,0.0164972
2011-03-04,0.0249399
2011-03-07,0.016985399999999998
2011-03-08,0.0170318
2011-03-09,0.0169743
2011-03-10,0.016573
2011-03-11,0.015961
2011-03-14,0.0166192
2011-03-15,0.015088299999999999
2011-03-16,0.015320100000000001
2011-03-17,0.015653999999999998
2011-03-18,0.0160751
2011-03-21,0.0167584
2011-03-22,0.017279100000000002
2011-03-23,0.016989399999999998
2011-03-24,0.0171465
2011-03-25,0.0175024
2011-03-28,0.0178498
2011-03-29,0.017738
2011-03-30,0.0179748
2011-03-31,0.017839499999999998
2011-04-01,0.018243799999999998
2011-04-04,0.0184118
2011-04-05,0.0182863
2011-04-06,0.0185567
2011-04-07,0.0191646
2011-04-08,0.0192569
2011-04-11,0.0196889
2011-04-12,0.0194236
2011-04-13,0.0193194
2011-04-14,0.0187897
2011-04-15,0.0187962
2011-04-18,0.018111600000000002
2011-04-19,0.0176854
2011-04-20,0.0179708
2011-04-21,0.018084100000000002
2011-04-26,0.0176287
2011-04-27,0.0176585
2011-04-28,0.0177301
2011-04-29,0.0173021
2011-05-02,0.017244
2011-05-03,0.0171861
2011-05-04,0.017437400000000002
2011-05-05,0.0177501
2011-05-06,0.0165526
2011-05-09,0.0162733
2011-05-10,0.0161713
2011-05-11,0.0164561
2011-05-12,0.0160025
2011-05-13,0.0162577
2011-05-16,0.0158508
2011-05-17,0.0165893
2011-05-18,0.016116600000000002
2011-05-19,0.0163731
2011-05-20,0.0162026
2011-05-23,0.0152772
2011-05-24,0.0155947
2011-05-25,0.015494399999999998
2011-05-26,0.0156907
2011-05-27,0.0150407
2011-05-30,0.0150299
2011-05-31,0.0154567
2011-06-01,0.0156356
2011-06-02,0.015102500000000001
2011-06-03,0.015407599999999999
2011-06-06,0.015435700000000002
2011-06-07,0.015721
2011-06-08,0.0160368
2011-06-09,0.0156827
2011-06-10,0.015559700000000001
2011-06-13,0.0151983
2011-06-14,0.0153762
2011-06-15,0.0159537
2011-06-16,0.0170046
2011-06-17,0.0156677
2011-06-20,0.0156343
2011-06-21,0.0161591
2011-06-22,0.0166279
2011-06-23,0.0163824
2011-06-24,0.0180476
2011-06-27,0.015889
2011-06-28,0.016229800000000003
2011-06-29,0.0168549
2011-06-30,0.017403500000000002
2011-07-01,0.0174095
2011-07-04,0.016832899999999998
2011-07-05,0.016659999999999998
2011-07-06,0.0159025
2011-07-07,0.0158457
2011-07-08,0.0157332
2011-07-11,0.0139265
2011-07-12,0.0125614
2011-07-13,0.014001699999999999
2011-07-14,0.0142715
2011-07-15,0.0165736
2011-07-18,0.013177099999999999
2011-07-19,0.0138943
2011-07-20,0.0147072
2011-07-21,0.0149712
2011-07-22,0.0162269
2011-07-25,0.015287
2011-07-26,0.0147733
2011-07-27,0.0140879
2011-07-28,0.013308599999999999
2011-07-29,0.013557699999999999
2011-08-01,0.0131872
2011-08-02,0.0120862
2011-08-03,0.0116179
2011-08-04,0.011562
2011-08-05,0.0108067
2011-08-08,0.0113251
2011-08-09,0.0107272
2011-08-10,0.0109999
2011-08-11,0.0104312
2011-08-12,0.011049199999999999
2011-08-15,0.0115661
2011-08-16,0.011778900000000002
2011-08-17,0.011601300000000002
2011-08-18,0.010381
2011-08-19,0.0095806
2011-08-22,0.0092792
2011-08-23,0.0097582
2011-08-24,0.0096136
2011-08-25,0.010551900000000001
2011-08-26,0.0103063
2011-08-29,0.0099894
2011-08-30,0.010232600000000001
2011-08-31,0.010403800000000001
2011-09-01,0.0105509
2011-09-02,0.009954300000000001
2011-09-05,0.008629
2011-09-06,0.009161899999999999
2011-09-07,0.0086707
2011-09-08,0.0083476
2011-09-09,0.0078161
2011-09-12,0.0065305
2011-09-13,0.0063178
2011-09-14,0.0063528
2011-09-15,0.0079293
2011-09-16,0.007906100000000001
2011-09-19,0.0062804
2011-09-20,0.0061305
2011-09-21,0.0064476
2011-09-22,0.0046776000000000005
2011-09-23,0.0045169
2011-09-26,0.0050248
2011-09-27,0.0062731
2011-09-28,0.0070658
2011-09-29,0.0070603
2011-09-30,0.0067372
2011-10-03,0.005884899999999999
2011-10-04,0.005025699999999999
2011-10-05,0.005192
2011-10-06,0.0066549
2011-10-07,0.007148
2011-10-10,0.0079553
2011-10-11,0.0078078
2011-10-12,0.008936
2011-10-13,0.0088691
2011-10-14,0.0089825
2011-10-17,0.0094736
2011-10-18,0.0078841
2011-10-19,0.0085482
2011-10-20,0.0082673
2011-10-21,0.0076668000000000005
2011-10-24,0.0076894
2011-10-25,0.008378400000000001
2011-10-26,0.0081269
2011-10-27,0.008288799999999999
2011-10-28,0.009639799999999999
2011-10-31,0.0087099
2011-11-01,0.0064244
2011-11-02,0.0067672
2011-11-03,0.0068245
2011-11-04,0.0070942
2011-11-07,0.0059023
2011-11-08,0.0061347
2011-11-09,0.0050704
2011-11-10,0.0049024
2011-11-11,0.005305
2011-11-14,0.0053046000000000005
2011-11-15,0.0045573
2011-11-16,0.0047985
2011-11-17,0.0045978
2011-11-18,0.0055618
2011-11-21,0.0052157
2011-11-22,0.0059319
2011-11-23,0.0064969
2011-11-24,0.008128400000000001
2011-11-25,0.0082119
2011-11-28,0.0089167
2011-11-29,0.009226100000000001
2011-11-30,0.009297699999999999
2011-12-01,0.0092158
2011-12-02,0.0076232
2011-12-05,0.007563299999999999
2011-12-06,0.007562999999999999
2011-12-07,0.0068143
2011-12-08,0.0065002
2011-12-09,0.0061009
2011-12-12,0.0057276
2011-12-13,0.0053362
2011-12-14,0.0045869
2011-12-15,0.0038095
2011-12-16,0.0043738
2011-12-19,0.0040376
2011-12-20,0.0043518
2011-12-21,0.0054413
2011-12-22,0.0047734
2011-12-23,0.004475799999999999
2011-12-27,0.0044965
2011-12-28,0.0043483
2011-12-29,0.0040321
2011-12-30,0.003711
2012-01-02,0.0039893
2012-01-03,0.0049491000000000005
2012-01-04,0.0051248000000000005
2012-01-05,0.0046487
2012-01-06,0.0045973
2012-01-09,0.0047671
2012-01-10,0.0046261
2012-01-11,0.0046385
2012-01-12,0.0045183
2012-01-13,0.0036919
2012-01-16,0.0034557
2012-01-17,0.0039824
2012-01-18,0.0043389
2012-01-19,0.0044009999999999995
2012-01-20,0.004954200000000001
2012-01-23,0.0055374000000000005
2012-01-24,0.0062229
2012-01-25,0.0060058
2012-01-26,0.0057497
2012-01-27,0.0054916
2012-01-30,0.0050283
2012-01-31,0.0051011
2012-02-01,0.0047148
2012-02-02,0.0043736999999999995
2012-02-03,0.004734400000000001
2012-02-06,0.0050556
2012-02-07,0.0048405
2012-02-08,0.0058599
2012-02-09,0.0059955
2012-02-10,0.006234300000000001
2012-02-13,0.0060302
2012-02-14,0.0057173
2012-02-15,0.005376499999999999
2012-02-16,0.0043422
2012-02-17,0.0050073999999999995
2012-02-20,0.0053051
2012-02-21,0.0055616
2012-02-22,0.0053174
2012-02-23,0.0049404
2012-02-24,0.0047171999999999995
2012-02-27,0.004571700000000001
2012-02-28,0.004266
2012-02-29,0.004511299999999999
2012-03-01,0.0044463
2012-03-02,0.0045309
2012-03-05,0.0042507
2012-03-06,0.0043517
2012-03-07,0.0045083
2012-03-08,0.0044858
2012-03-09,0.004562
2012-03-12,0.0043661
2012-03-13,0.004476
2012-03-14,0.0057465
2012-03-15,0.0065361
2012-03-16,0.0064462
2012-03-19,0.006737999999999999
2012-03-20,0.006548699999999999
2012-03-21,0.0067149
2012-03-22,0.0053622999999999995
2012-03-23,0.0050583
2012-03-26,0.0049845
2012-03-27,0.0056541
2012-03-28,0.0052825
2012-03-29,0.0050819
2012-03-30,0.0047757
2012-04-02,0.0047324
2012-04-03,0.0046505999999999995
2012-04-04,0.0047299
2012-04-05,0.0043668000000000005
2012-04-10,0.0040197
2012-04-11,0.0039688
2012-04-12,0.0040769
2012-04-13,0.0038956000000000004
2012-04-16,0.0037067
2012-04-17,0.0041558
2012-04-18,0.0038816000000000002
2012-04-19,0.0040064
2012-04-20,0.0039008
2012-04-23,0.0037159999999999997
2012-04-24,0.0041485
2012-04-25,0.0042527
2012-04-26,0.0042078
2012-04-27,0.0038307000000000003
2012-04-30,0.0037557000000000003
2012-05-02,0.0034007
2012-05-03,0.0033394
2012-05-04,0.0033044000000000003
2012-05-07,0.0029323
2012-05-08,0.0027134000000000004
2012-05-09,0.0025512
2012-05-10,0.0021191
2012-05-11,0.0020852
2012-05-14,0.0007656000000000001
2012-05-15,0.0013242000000000002
2012-05-16,0.0012459
2012-05-17,0.0011796
2012-05-18,0.0007235
2012-05-21,0.0010279
2012-05-22,0.0012513
2012-05-23,0.0006097
2012-05-24,1e-06
2012-05-25,3.9e-06
2012-05-28,2e-06
2012-05-29,3.9e-06
2012-05-30,1e-06
2012-05-31,1e-06
2012-06-01,1.1e-06
2012-06-04,1e-06
2012-06-05,1.4e-06
2012-06-06,1e-06
2012-06-07,1e-06
2012-06-08,1e-06
2012-06-11,1e-06
2012-06-12,1.6000000000000001e-06
2012-06-13,0.0016485
2012-06-14,0.0023704
2012-06-15,0.0019022
2012-06-18,0.0025713000000000003
2012-06-19,0.0014455000000000002
2012-06-20,0.0043736999999999995
2012-06-21,0.0054264000000000005
2012-06-22,0.007980899999999999
2012-06-25,0.006423600000000001
2012-06-26,0.0047792
2012-06-27,0.0043777
2012-06-28,0.0022324
2012-06-29,0.0035847
2012-07-02,0.0033935
2012-07-03,0.0036921
2012-07-04,0.0032884999999999998
2012-07-05,0.0029928
2012-07-06,0.0025340000000000002
2012-07-09,0.0016181000000000001
2012-07-10,0.0031635
2012-07-11,0.0039331
2012-07-12,0.0051086
2012-07-13,0.0057214
2012-07-16,0.0073463999999999995
2012-07-17,0.0069648
2012-07-18,0.0073463
2012-07-19,0.008699
2012-07-20,0.0082134
2012-07-23,0.0045865
2012-07-24,0.0075956999999999995
2012-07-25,0.0106395
2012-07-26,0.006821000000000001
2012-07-27,0.0094545
2012-07-30,0.014128799999999999
2012-07-31,0.0116608
2012-08-01,0.0123604
2012-08-02,0.0124103
2012-08-03,0.0119052
2012-08-06,0.0136944
2012-08-07,0.015189600000000001
2012-08-08,0.0150607
2012-08-09,0.0147081
2012-08-10,0.013263100000000002
2012-08-13,0.0139134
2012-08-14,0.0134598
2012-08-15,0.015561400000000001
2012-08-16,0.0163423
2012-08-17,0.016733
2012-08-20,0.0169036
2012-08-21,0.016277200000000002
2012-08-22,0.015632999999999998
2012-08-23,0.012815799999999999
2012-08-24,0.011416200000000001
2012-08-27,0.0101056
2012-08-28,0.0112496
2012-08-29,0.010584199999999998
2012-08-30,0.0095936
2012-08-31,0.0108027
2012-09-03,0.0105436
2012-09-04,0.012056899999999999
2012-09-05,0.011926
2012-09-06,0.0110879
2012-09-07,0.0113755
2012-09-10,0.0102065
2012-09-11,0.0106148
2012-09-12,0.0142649
2012-09-13,0.011862900000000001
2012-09-14,0.0098866
2012-09-17,0.0139474
2012-09-18,0.004651199999999999
2012-09-19,0.0186294
2012-09-20,0.0137107
2012-09-21,0.012560700000000001
2012-09-24,0.0114777
2012-09-25,0.0098652
2012-09-26,0.0090838
2012-09-27,0.0067969
2012-09-28,0.0061036
2012-10-01,0.0079433
2012-10-02,0.011266499999999999
2012-10-03,0.010444100000000001
2012-10-04,0.0115251
2012-10-05,0.011003400000000002
2012-10-08,0.010901600000000001
2012-10-09,0.010901600000000001
2012-10-10,0.010901600000000001
2012-10-11,0.011033900000000001
2012-10-12,0.012246600000000002
2012-10-15,0.0125084
2012-10-16,0.013281300000000001
2012-10-17,0.0154288
2012-10-18,0.015515000000000001
2012-10-19,0.0140221
2012-10-22,0.0140221
2012-10-23,0.0140221
2012-10-24,0.013166299999999999
2012-10-25,0.0141814
2012-10-26,0.013268
2012-10-29,0.0130605
2012-10-30,0.013057399999999999
2012-10-31,0.012925899999999999
2012-11-01,0.0127119
2012-11-02,0.0115134
2012-11-05,0.0122587
2012-11-06,0.0117396
2012-11-07,0.011298299999999999
2012-11-08,0.0096445
2012-11-09,0.0076826
2012-11-12,0.0083816
2012-11-13,0.007942399999999999
2012-11-14,0.0085657
2012-11-15,0.0081339
2012-11-16,0.0083601
2012-11-19,0.0083866
2012-11-20,0.010101500000000001
2012-11-21,0.0101196
2012-11-22,0.011526000000000002
2012-11-23,0.011713
2012-11-26,0.011713
2012-11-27,0.0106191
2012-11-28,0.005847
2012-11-29,0.010428
2012-11-30,0.00826
2012-12-03,0.0084193
2012-12-04,0.008032599999999999
2012-12-05,0.0075341
2012-12-06,0.005832
2012-12-07,0.006514600000000001
2012-12-10,0.0049238
2012-12-11,0.0064217
2012-12-12,0.0075385
2012-12-13,0.0101394
2012-12-14,0.0095881
2012-12-17,0.011311199999999999
2012-12-18,0.010641000000000001
2012-12-19,0.011453999999999999
2012-12-20,0.0087756
2012-12-21,0.0092571
2012-12-27,0.0070024
2012-12-28,0.007254
2013-01-02,0.011056900000000001
2013-01-03,0.011570800000000001
2013-01-04,0.013572800000000001
2013-01-07,0.0136121
2013-01-08,0.0139138
2013-01-09,0.013182300000000001
2013-01-10,0.0128732
2013-01-11,0.0132506
2013-01-14,0.011609000000000001
2013-01-15,0.010985199999999999
2013-01-16,0.0044251
2013-01-17,0.004124399999999999
2013-01-18,0.0039316
2013-01-21,0.0037403999999999996
2013-01-22,0.0038256
2013-01-23,0.0035564
2013-01-24,0.0032827
2013-01-25,0.0040817
2013-01-28,0.0042718
2013-01-29,0.0041857
2013-01-30,0.0044903
2013-01-31,0.0036344
2013-02-01,0.0042058
2013-02-04,0.0043319000000000005
2013-02-05,0.0036327
2013-02-06,0.0036772
2013-02-07,0.0039822
2013-02-08,0.0037665
2013-02-11,0.0038336999999999998
2013-02-12,0.0039011000000000002
2013-02-13,0.0096239
2013-02-14,0.0089813
2013-02-15,0.008996800000000001
2013-02-18,0.0092359
2013-02-19,0.0084642
2013-02-20,0.0096101
2013-02-21,0.0045014
2013-02-22,0.0042579
2013-02-25,0.0077368
2013-02-26,0.0043927
2013-02-27,0.0030859
2013-02-28,0.0030802
2013-03-01,0.0030215
2013-03-04,0.0026804
2013-03-05,0.0031092999999999997
2013-03-06,0.0032959
2013-03-07,0.0032502
2013-03-08,0.0033831
2013-03-11,0.0034362999999999998
2013-03-12,0.0036592
2013-03-13,0.0039303
2013-03-14,0.0037005
2013-03-15,0.0036769000000000003
2013-03-18,0.0029646
2013-03-19,0.0025919
2013-03-20,0.0022919999999999998
2013-03-21,0.0026132
2013-03-22,0.0019229
2013-03-25,0.0027218
2013-03-26,0.0025042999999999997
2013-03-27,0.0020597
2013-03-28,0.0018726
2013-04-02,0.0022570999999999997
2013-04-03,0.0025338
2013-04-04,0.0025464999999999997
2013-04-05,0.0017897
2013-04-08,0.0014182
2013-04-09,0.0014812
2013-04-10,0.0016872999999999999
2013-04-11,0.0021782
2013-04-12,0.0017504
2013-04-15,0.0020705000000000003
2013-04-16,0.0017671
2013-04-17,0.0021218
2013-04-18,0.0019414
2013-04-19,0.0018515
2013-04-22,0.0019839000000000002
2013-04-23,0.0013123000000000002
2013-04-24,0.0016978
2013-04-25,0.0014518
2013-04-26,0.0012748000000000002
2013-04-29,0.0010734
2013-04-30,0.0009775
2013-05-02,0.0008977
2013-05-03,0.0011172
2013-05-06,0.001696
2013-05-07,0.0018962
2013-05-08,0.0020031
2013-05-09,0.001725
2013-05-10,0.0024687999999999997
2013-05-13,0.0027216000000000002
2013-05-14,0.0027960000000000003
2013-05-15,0.0027959
2013-05-16,0.0030231999999999998
2013-05-17,0.0023466
2013-05-20,0.0029142
2013-05-21,0.0030906
2013-05-22,0.0030905
2013-05-23,0.0031296
2013-05-24,0.0035049
2013-05-27,0.0031478
2013-05-28,0.0038636
2013-05-29,0.0037555
2013-05-30,0.0034591
2013-05-31,0.0033921000000000003
2013-06-03,0.0039725
2013-06-04,0.0040559
2013-06-05,0.003977
2013-06-06,0.0035664
2013-06-07,0.0033918
2013-06-10,0.0034901
2013-06-11,0.0043052
2013-06-12,0.0041909
2013-06-13,0.0037732
2013-06-14,0.0036695
2013-06-17,0.0038817
2013-06-18,0.0040997
2013-06-19,0.0040997
2013-06-20,0.0044892
2013-06-21,0.0048131
2013-06-24,0.0062053
2013-06-25,0.008884
2013-06-26,0.0087739
2013-06-27,0.008831
2013-06-28,0.0078311
2013-07-01,0.0082942
2013-07-02,0.0051939
2013-07-03,0.0046181
2013-07-04,0.0042457
2013-07-05,0.0046045999999999995
2013-07-08,0.005084
2013-07-09,0.004897
2013-07-10,0.0043095
2013-07-11,0.0041673
2013-07-12,0.003971199999999999
2013-07-15,0.0037806000000000003
2013-07-16,0.0038575
2013-07-17,0.0039618
2013-07-18,0.0035321000000000003
2013-07-19,0.0036851
2013-07-22,0.0037799
2013-07-23,0.0038250000000000003
2013-07-24,0.0040294
2013-07-25,0.0045017
2013-07-26,0.004999
2013-07-29,0.0050928
2013-07-30,0.0048354999999999995
2013-07-31,0.0048448
2013-08-01,0.0041564
2013-08-02,0.0049053000000000005
2013-08-05,0.0044965
2013-08-06,0.0049988
2013-08-07,0.0047048
2013-08-08,0.0047884
2013-08-09,0.0048443
2013-08-12,0.004998600000000001
2013-08-13,0.0055651
2013-08-14,0.005909299999999999
2013-08-15,0.0060924
2013-08-16,0.0064856
2013-08-19,0.0066422
2013-08-20,0.0064808
2013-08-21,0.0089336
2013-08-22,0.0109686
2013-08-23,0.008653300000000001
2013-08-26,0.0111913
2013-08-27,0.0080077
2013-08-28,0.0066508999999999995
2013-08-29,0.0086997
2013-08-30,0.0095476
2013-09-02,0.008706700000000001
2013-09-03,0.0076988000000000004
2013-09-04,0.0071221999999999995
2013-09-05,0.007361799999999999
2013-09-06,0.0074471
2013-09-09,0.0072621000000000005
2013-09-10,0.0076232999999999995
2013-09-11,0.0079423
2013-09-12,0.007623799999999999
2013-09-13,0.0075584
2013-09-16,0.006885400000000001
2013-09-17,0.007123399999999999
2013-09-18,0.0073631
2013-09-19,0.0070493
2013-09-20,0.0076349
2013-09-23,0.0075494
2013-09-24,0.0069554000000000005
2013-09-25,0.0066005000000000005
2013-09-26,0.0063855
2013-09-27,0.0061037
2013-09-30,0.005776
2013-10-01,0.0061813
2013-10-02,0.0061087
2013-10-03,0.0067932
2013-10-04,0.0068525
2013-10-07,0.0068674999999999995
2013-10-08,0.0069022
2013-10-09,0.0066654
2013-10-10,0.0072208
2013-10-11,0.007376000000000001
2013-10-14,0.0073660999999999996
2013-10-15,0.0076581999999999996
2013-10-16,0.0078052
2013-10-17,0.0075527
2013-10-18,0.007186700000000001
2013-10-21,0.0072768
2013-10-22,0.0070972000000000006
2013-10-23,0.0065339000000000005
2013-10-24,0.0065881
2013-10-25,0.0063824
2013-10-28,0.0063386
2013-10-29,0.0063093
2013-10-30,0.006143999999999999
2013-10-31,0.0059021
2013-11-01,0.0060375
2013-11-04,0.0060376
2013-11-05,0.0061686
2013-11-06,0.0064369
2013-11-07,0.006717300000000001
2013-11-08,0.006339399999999999
2013-11-11,0.0067323
2013-11-12,0.0072644
2013-11-13,0.0074351999999999994
2013-11-14,0.0068069
2013-11-15,0.006585
2013-11-18,0.0065851
2013-11-19,0.0065851
2013-11-20,0.0068568
2013-11-21,0.007026
2013-11-22,0.0069962
2013-11-25,0.0064285
2013-11-26,0.0064285
2013-11-27,0.0063064
2013-11-28,0.006522200000000001
2013-11-29,0.0062236999999999995
2013-12-02,0.006223800000000001
2013-12-03,0.0064684
2013-12-04,0.0064685
2013-12-05,0.0068833
2013-12-06,0.0071675
2013-12-09,0.0071675
2013-12-10,0.0070179000000000005
2013-12-11,0.0070179000000000005
2013-12-12,0.0070179000000000005
2013-12-13,0.0075271999999999995
2013-12-16,0.0075271999999999995
2013-12-17,0.0075271999999999995
2013-12-18,0.0080772
2013-12-19,0.0087152
2013-12-20,0.0074762
2013-12-23,0.008053900000000001
2013-12-27,0.0087561
2013-12-30,0.007695499999999999
2014-01-02,0.007589
2014-01-03,0.0076412
2014-01-06,0.0074377
2014-01-07,0.0076959
2014-01-08,0.0077261000000000005
2014-01-09,0.0076155
2014-01-10,0.0075346
2014-01-13,0.0074813
2014-01-14,0.0102562
2014-01-15,0.0075891
2014-01-16,0.0096127
2014-01-17,0.010526599999999999
2014-01-20,0.0111257
2014-01-21,0.0111257
2014-01-22,0.0111257
2014-01-23,0.0111257
2014-01-24,0.0075274
2014-01-27,0.0075274
2014-01-28,0.009460699999999999
2014-01-29,0.010744700000000001
2014-01-30,0.0098766
2014-01-31,0.0082787
2014-02-03,0.0082787
2014-02-04,0.0069082
2014-02-05,0.0046525
2014-02-06,0.0050063
2014-02-07,0.0050866
2014-02-10,0.0050866
2014-02-11,0.005257899999999999
2014-02-12,0.0057402
2014-02-13,0.0076894
2014-02-14,0.0076894
2014-02-17,0.0064598
2014-02-18,0.0076091
2014-02-19,0.005344100000000001
2014-02-20,0.0054015999999999995
2014-02-21,0.0055313
2014-02-24,0.005593900000000001
2014-02-25,0.005677
2014-02-26,0.0130261
2014-02-27,0.0105897
2014-02-28,0.010842099999999999
2014-03-03,0.0107514
2014-03-04,0.0108767
2014-03-05,0.011868700000000001
2014-03-06,0.011907000000000001
2014-03-07,0.0107019
2014-03-10,0.0096585
2014-03-11,0.0104202
2014-03-12,0.010096
2014-03-13,0.0090988
2014-03-14,0.0083026
2014-03-17,0.0078656
2014-03-18,0.0086285
2014-03-19,0.0088737
2014-03-20,0.011566
2014-03-21,0.0098158
2014-03-24,0.0113744
2014-03-25,0.0092202
2014-03-26,0.0089697
2014-03-27,0.0077077
2014-03-28,0.0090721
2014-03-31,0.0091548
2014-04-01,0.010385899999999998
2014-04-02,0.011287499999999999
2014-04-03,0.011850300000000001
2014-04-04,0.010729800000000001
2014-04-07,0.009060200000000001
2014-04-08,0.008830900000000001
2014-04-09,0.0110349
2014-04-10,0.0087676
2014-04-11,0.0089123
2014-04-14,0.0083085
2014-04-15,0.0088001
2014-04-16,0.0086916
2014-04-17,0.0079262
2014-04-22,0.0078802
2014-04-23,0.008456700000000001
2014-04-24,0.0074666
2014-04-25,0.0093981
2014-04-28,0.0082199
2014-04-29,0.009818
2014-04-30,0.0087395
2014-05-02,0.008917699999999999
2014-05-05,0.0093089
2014-05-06,0.0086027
2014-05-07,0.0088263
2014-05-08,0.009274
2014-05-09,0.0092785
2014-05-12,0.0078801
2014-05-13,0.007255500000000001
2014-05-14,0.0065279
2014-05-15,0.003876
2014-05-16,0.0036517
2014-05-19,0.0042995
2014-05-20,0.0039522
2014-05-21,0.0061981
2014-05-22,0.0058961
2014-05-23,0.0064273
2014-05-26,0.0062571
2014-05-27,0.0059448999999999995
2014-05-28,0.0047303
2014-05-29,0.0022724
2014-05-30,0.0027305000000000003
2014-06-02,0.0025848
2014-06-03,0.0029310000000000004
2014-06-04,0.0041304
2014-06-05,0.0036598000000000004
2014-06-06,0.0032933000000000003
2014-06-09,0.0030983
2014-06-10,0.0031369999999999996
2014-06-11,0.0036318
2014-06-12,0.0036331000000000002
2014-06-13,0.0033882
2014-06-16,0.0031103999999999997
2014-06-17,0.0032142
2014-06-18,0.0033312999999999997
2014-06-19,0.0027784
2014-06-20,0.0029242
2014-06-23,0.0029801
2014-06-24,0.0028938999999999996
2014-06-25,0.0026923000000000003
2014-06-26,0.0021701999999999997
2014-06-27,0.0019933999999999998
2014-06-30,0.0018426999999999999
2014-07-01,0.0020519
2014-07-02,0.0020348
2014-07-03,0.0024905
2014-07-04,0.0023715
2014-07-07,0.002329
2014-07-08,0.0021852
2014-07-09,0.0018786
2014-07-10,0.0015162
2014-07-11,0.0014579
2014-07-14,0.0015851
2014-07-15,0.001334
2014-07-16,0.0012517000000000001
2014-07-17,0.0011588
2014-07-18,0.001112
2014-07-21,0.0011884999999999999
2014-07-22,0.0010863000000000001
2014-07-23,0.0011821
2014-07-24,0.0011258
2014-07-25,0.0011361000000000001
2014-07-28,0.0010427
2014-07-29,0.0010023
2014-07-30,0.0010379
2014-07-31,0.0010079
2014-08-01,0.0010133
2014-08-04,0.0010538
2014-08-05,0.0010582
2014-08-06,0.0010017
2014-08-07,0.0010534000000000001
2014-08-08,1.2e-06
2014-08-11,1.4999999999999998e-06
2014-08-12,2.7e-06
2014-08-13,5.4e-06
2014-08-14,1e-06
2014-08-15,2e-06
2014-08-18,1.1e-06
2014-08-19,1e-06
2014-08-20,1e-06
2014-08-21,2.1000000000000002e-06
2014-08-22,4.2000000000000004e-06
2014-08-25,1.05e-05
2014-08-26,2.1e-05
2014-08-27,1.7e-06
2014-08-28,3.2000000000000003e-06
2014-08-29,1.6000000000000001e-06
2014-09-01,1.9e-06
2014-09-02,1e-06
2014-09-03,2.9e-06
2014-09-04,5.8e-06
2014-09-05,7.2999999999999996e-06
2014-09-08,1.42e-05
2014-09-09,1e-06
2014-09-10,4.26e-05
2014-09-11,8.269999999999999e-05
2014-09-12,4.0600000000000004e-05
2014-09-15,3.81e-05
2014-09-16,1.1e-06
2014-09-17,0.0002451
2014-09-18,1e-06
2014-09-19,0.0003817
2014-09-22,0.0001237
2014-09-23,0.0002963
2014-09-24,0.0004767
2014-09-25,1.1e-06
2014-09-26,1e-06
2014-09-29,5.4e-06
2014-09-30,2.28e-05
2014-10-01,4.62e-05
2014-10-02,4.9e-06
2014-10-06,4.6e-06
2014-10-07,5e-06
2014-10-08,1e-06
2014-10-09,1.8000000000000001e-06
2014-10-10,1.1e-06
2014-10-13,1e-06
2014-10-14,1e-06
2014-10-15,0.02529
2014-10-16,0.0232619
2014-10-17,0.025372
2014-10-20,0.0258012
2014-10-21,0.0256345
2014-10-22,0.0258813
2014-10-23,0.026198199999999998
2014-10-24,0.0263827
2014-10-27,0.026137800000000003
2014-10-28,0.025606200000000003
2014-10-29,0.025926300000000003
2014-10-30,0.0256678
2014-10-31,0.025419200000000003
2014-11-03,0.0254725
2014-11-04,0.025588899999999998
2014-11-05,0.025888
2014-11-06,0.0260945
2014-11-07,0.026393800000000002
2014-11-10,0.0257262
2014-11-11,0.02605
2014-11-12,0.0254611
2014-11-13,0.0255035
2014-11-14,0.0252326
2014-11-17,0.0250636
2014-11-18,0.0252593
2014-11-19,0.0253655
2014-11-20,0.0253318
2014-11-21,0.025068100000000003
2014-11-24,0.0253957
2014-11-25,0.0252539
2014-11-26,0.0247842
2014-11-27,0.0241344
2014-11-28,0.0238539
2014-12-01,0.0238354
2014-12-02,0.024254699999999997
2014-12-03,0.0242134
2014-12-04,0.0246618
2014-12-05,0.024267599999999997
2014-12-08,0.024028900000000002
2014-12-09,0.0234175
2014-12-10,0.0226167
2014-12-11,0.022577600000000003
2014-12-12,0.021961599999999998
2014-12-15,0.0218364
2014-12-16,0.0213285
2014-12-17,0.0211606
2014-12-18,0.0215655
2014-12-19,0.022126800000000002
2014-12-22,0.022233700000000002
2014-12-23,0.0219688
2014-12-29,0.0215323
2014-12-30,0.0214449
2015-01-02,0.0211896
2015-01-05,0.020621999999999998
2015-01-06,0.0191905
2015-01-07,0.0178824
2015-01-08,0.0184517
2015-01-09,0.0192429
2015-01-12,0.0183999
2015-01-13,0.0174979
2015-01-14,0.018137399999999998
2015-01-15,0.0180982
2015-01-16,0.017332300000000002
2015-01-19,0.0176444
2015-01-20,0.0177327
2015-01-21,0.017802500000000002
2015-01-22,0.0190397
2015-01-23,0.016381
2015-01-26,0.0164815
2015-01-27,0.0166908
2015-01-28,0.0166908
2015-01-29,0.0155467
2015-01-30,0.0153799
2015-02-02,0.0139893
2015-02-03,0.0143553
2015-02-04,0.0147024
2015-02-05,0.014143099999999999
2015-02-06,0.0138308
2015-02-09,0.0137702
2015-02-10,0.0141397
2015-02-11,0.0141397
2015-02-12,0.0141397
2015-02-13,0.013675699999999999
2015-02-16,0.0140782
2015-02-17,0.0140782
2015-02-18,0.0151057
2015-02-19,0.015614399999999999
2015-02-20,0.0160559
2015-02-23,0.0169814
2015-02-24,0.0167677
2015-02-25,5.48e-05
2015-02-26,1e-06
2015-02-27,1.2e-06
2015-03-02,1.2e-06
2015-03-03,1.1e-06
2015-03-04,2.9e-06
2015-03-05,2.3e-06
2015-03-06,1e-06
2015-03-09,2e-06
2015-03-10,1e-06
2015-03-11,1.2e-06
2015-03-12,1.2999999999999998e-06
2015-03-13,0.0110204
2015-03-16,0.010896
2015-03-17,0.0104806
2015-03-18,0.010792
2015-03-19,0.0100522
2015-03-20,0.010246
2015-03-23,0.0101023
2015-03-24,0.0098991
2015-03-25,0.0098991
2015-03-26,0.0098014
2015-03-27,0.0105565
2015-03-30,0.0099352
2015-03-31,0.0097437
2015-04-01,0.0098871
2015-04-02,0.0098871
2015-04-07,0.0104487
2015-04-08,0.010541100000000001
2015-04-09,0.0108503
2015-04-10,0.0108503
2015-04-13,0.0104474
2015-04-14,0.010008600000000001
2015-04-15,0.0095823
2015-04-16,0.0071109
2015-04-17,0.0053269
2015-04-20,0.0053269
2015-04-21,0.0053269
2015-04-22,0.004115
2015-04-23,0.0002572
2015-04-24,8.55e-05
2015-04-27,0.00012200000000000001
2015-04-28,0.010842099999999999
2015-04-29,0.0120105
2015-04-30,0.0132324
2015-05-04,0.014480999999999999
2015-05-05,0.0139788
2015-05-06,0.0153159
2015-05-07,0.0124285
2015-05-08,0.013286599999999999
2015-05-11,0.0112446
2015-05-12,0.01471
2015-05-13,0.0116908
2015-05-14,0.0129878
2015-05-15,0.0102952
2015-05-18,0.0102952
2015-05-19,0.0065945
2015-05-20,0.0098663
2015-05-21,0.0099014
2015-05-22,0.0104447
2015-05-26,0.0079771
2015-05-27,0.0073412
2015-05-28,0.0061651
2015-05-29,0.004693
2015-06-01,0.002989
2015-06-02,0.0087274
2015-06-03,0.0095569
2015-06-04,0.0130254
2015-06-05,0.0123698
2015-06-08,0.0106632
2015-06-09,0.011612899999999999
2015-06-10,0.0128995
2015-06-11,0.0126098
2015-06-12,0.011175200000000001
2015-06-15,0.0104993
2015-06-16,0.009288600000000001
2015-06-17,0.0098793
2015-06-18,0.0072499999999999995
2015-06-19,0.009530199999999999
2015-06-22,0.008713499999999999
2015-06-23,0.0097324
2015-06-24,0.0080698
2015-06-25,0.0089913
2015-06-26,0.0078282
2015-06-29,0.0071349
2015-06-30,0.006125
2015-07-01,0.0077285
2015-07-02,0.0076019
2015-07-03,0.0075961
2015-07-06,0.005698
2015-07-07,0.005258199999999999
2015-07-08,0.0065932000000000004
2015-07-09,0.0087193
2015-07-10,0.011016300000000001
2015-07-13,0.0104536
2015-07-14,0.0099685
2015-07-15,0.0094071
2015-07-16,0.0078327
2015-07-17,0.0083385
2015-07-20,0.0085106
2015-07-21,0.0092164
2015-07-22,0.0077402
2015-07-23,0.009200199999999999
2015-07-24,0.0081929
2015-07-27,0.007724600000000001
2015-07-28,0.0092745
2015-07-29,0.0088829
2015-07-30,0.0100461
2015-07-31,0.007421100000000001
2015-08-03,0.0080079
2015-08-04,0.0077315
2015-08-05,0.0081367
2015-08-06,0.009446099999999999
2015-08-07,0.0069783
2015-08-10,0.0070231
2015-08-11,0.0069503
2015-08-12,0.0066545
2015-08-13,0.0022657
2015-08-14,0.0022657
2015-08-17,0.0023803
2015-08-18,0.0102241
2015-08-19,0.0028956
2015-08-20,0.0012955
2015-08-21,8.099999999999999e-05
2015-08-24,5.1e-06
2015-08-25,7.42e-05
2015-08-26,1.4e-06
2015-08-27,1e-06
2015-08-28,1e-06
2015-08-31,1e-06
2015-09-01,0.0043157000000000004
2015-09-02,0.0066566
2015-09-03,0.0066611
2015-09-04,0.0049903
2015-09-07,0.0040483
2015-09-08,0.00025299999999999997
2015-09-09,1.58e-05
2015-09-10,2.76e-05
2015-09-11,2.66e-05
2015-09-14,4.8700000000000005e-05
2015-09-15,6.63e-05
2015-09-16,4.1e-06
2015-09-17,3.2000000000000003e-06
2015-09-18,6.5e-06
2015-09-21,6.5e-06
2015-09-22,3.9e-06
2015-09-23,1e-06
2015-09-24,1e-06
2015-09-25,2e-06
2015-09-28,1e-06
2015-09-29,1e-06
2015-09-30,2.1000000000000002e-06
2015-10-01,2.9e-06
2015-10-02,5.8e-06
2015-10-05,1.16e-05
2015-10-06,1e-06
2015-10-07,1e-06
2015-10-08,2e-06
2015-10-09,2.9999999999999997e-06
2015-10-12,2.9999999999999997e-06
2015-10-13,1e-06
2015-10-14,2e-06
2015-10-15,1e-06
2015-10-16,1e-06
2015-10-19,2e-06
2015-10-20,1e-06
2015-10-21,1e-06
2015-10-22,1e-06
2015-10-23,2e-06
2015-10-26,4e-06
2015-10-27,3.3e-06
2015-10-28,5e-06
2015-10-29,1e-06
2015-10-30,3.9e-06
2015-11-02,1.17e-05
2015-11-03,3.77e-05
2015-11-04,4.6e-05
2015-11-05,8.85e-05
2015-11-06,1e-06
2015-11-09,1.4999999999999998e-06
2015-11-10,1e-06
2015-11-11,1.9e-06
2015-11-12,2.5999999999999997e-06
2015-11-13,4.9e-06
2015-11-16,4.9e-06
2015-11-17,1.16e-05
2015-11-18,3.51e-05
2015-11-19,2.2e-06
2015-11-20,1.2e-06
2015-11-23,2.4e-06
2015-11-24,3.5e-06
2015-11-25,3.3e-06
2015-11-26,2.9e-06
2015-11-27,2.9e-06
2015-11-30,4.4e-06
2015-12-01,1.9e-06
2015-12-02,6.300000000000001e-06
2015-12-03,1.2999999999999998e-06
2015-12-04,5.9e-06
2015-12-07,3.6000000000000003e-06
2015-12-08,1e-06
2015-12-09,1e-06
2015-12-10,1.7e-06
2015-12-11,1e-06
2015-12-14,1e-06
2015-12-15,2.1000000000000002e-06
2015-12-16,2.7e-06
2015-12-17,4.8e-06
2015-12-18,5.6e-06
2015-12-21,1.71e-05
2015-12-22,4.2000000000000004e-06
2015-12-23,3.11e-05
2015-12-28,5.07e-05
2015-12-29,3.32e-05
2015-12-30,6.98e-05
2016-01-04,2.82e-05
2016-01-05,2.1000000000000002e-06
2016-01-06,1.3e-05
2016-01-07,3.6000000000000003e-06
2016-01-08,7.2000000000000005e-06
2016-01-11,1.4400000000000001e-05
2016-01-12,9.9e-06
2016-01-13,3.29e-05
2016-01-14,4.31e-05
2016-01-15,3.6e-05
2016-01-18,3.92e-05
2016-01-19,4.49e-05
2016-01-20,2.12e-05
2016-01-21,1e-06
2016-01-22,2e-06
2016-01-25,3.5e-06
2016-01-26,4.1e-06
2016-01-27,4.1e-06
2016-01-28,1e-06
2016-01-29,1e-06
2016-02-01,2.69e-05
2016-02-02,1.55e-05
2016-02-03,1.65e-05
2016-02-04,1.65e-05
2016-02-05,1.65e-05
2016-02-08,5.2e-05
2016-02-09,8e-06
2016-02-10,0.00031850000000000004
2016-02-11,0.0002969
2016-02-12,0.00017409999999999998
2016-02-15,1.09e-05
2016-02-16,2.18e-05
2016-02-17,2.18e-05
2016-02-18,2.18e-05
2016-02-19,4.36e-05
2016-02-22,1e-06
2016-02-23,2e-06
2016-02-24,1e-06
2016-02-25,2e-06
2016-02-26,1e-06
2016-02-29,1e-06
2016-03-01,4e-06
2016-03-02,1e-06
2016-03-03,2e-06
2016-03-04,3.8e-06
2016-03-07,7.6e-06
2016-03-08,1.2e-06
2016-03-09,1e-06
2016-03-10,1e-06
2016-03-11,6.1e-06
2016-03-14,1e-06
2016-03-15,2.1000000000000002e-06
2016-03-16,1e-06
2016-03-17,1.1e-06
2016-03-18,2.2e-06
2016-03-21,1.2999999999999998e-06
2016-03-22,1e-06
2016-03-23,1.4999999999999998e-06
2016-03-24,6.9e-06
2016-03-29,2.5999999999999997e-06
2016-03-30,1.1e-06
2016-03-31,2.2e-06
2016-04-01,1e-06
2016-04-04,0.0133857
2016-04-05,0.0128942
2016-04-06,0.0131347
2016-04-07,0.012969999999999999
2016-04-08,0.012913699999999998
2016-04-11,0.013022899999999999
2016-04-12,0.014400999999999999
2016-04-13,0.0148139
2016-04-14,0.014277100000000001
2016-04-15,0.0140632
2016-04-18,0.013775299999999999
2016-04-19,0.0147401
2016-04-20,0.0144283
2016-04-21,0.015116099999999999
2016-04-22,0.0151898
2016-04-25,0.0159944
2016-04-26,0.016278
2016-04-27,0.0164718
2016-04-28,0.016246
2016-04-29,0.01608
2016-05-02,0.0157475
2016-05-03,0.01573
2016-05-04,0.0150298
2016-05-05,0.0155428
2016-05-06,0.014511799999999998
2016-05-09,0.014511799999999998
2016-05-10,0.0142066
2016-05-11,0.014194400000000001
2016-05-12,0.014766999999999999
2016-05-13,0.014537500000000002
2016-05-17,0.014683900000000001
2016-05-18,0.014528300000000001
2016-05-19,0.0150227
2016-05-20,0.0147386
2016-05-23,0.0147701
2016-05-24,0.0151253
2016-05-25,0.0151253
2016-05-26,0.0147053
2016-05-27,0.014340599999999998
2016-05-30,0.0148722
2016-05-31,0.0148722
2016-06-01,0.0144176
2016-06-02,0.0145036
2016-06-03,0.0138396
2016-06-06,0.0129091
2016-06-07,0.0129091
2016-06-08,0.012317400000000001
2016-06-09,0.011754500000000001
2016-06-10,0.010985199999999999
2016-06-13,0.010459000000000001
2016-06-14,0.0101335
2016-06-15,0.010432799999999999
2016-06-16,0.0095384
2016-06-17,0.009880100000000001
2016-06-20,0.011109500000000001
2016-06-21,0.0114618
2016-06-22,0.011422000000000002
2016-06-23,0.011403700000000001
2016-06-24,0.0090528
2016-06-27,0.0077642
2016-06-28,0.008374
2016-06-29,0.0084639
2016-06-30,0.0083366
2016-07-01,0.0078346
2016-07-04,0.0085631
2016-07-05,0.0079635
2016-07-06,0.007103399999999999
2016-07-07,0.0080808
2016-07-08,0.008133099999999999
2016-07-11,0.0077280000000000005
2016-07-12,0.0087785
2016-07-13,0.0089095
2016-07-14,0.0087392
2016-07-15,0.0093563
2016-07-18,0.009741
2016-07-19,0.0095734
2016-07-20,0.0097331
2016-07-21,0.0101224
2016-07-22,0.009843600000000001
2016-07-25,0.0093954
2016-07-26,0.008574199999999999
2016-07-27,0.0087817
2016-07-28,0.0077291
2016-07-29,0.0079072
2016-08-01,0.0074763
2016-08-02,0.0081537
2016-08-03,0.0084698
2016-08-04,0.008483000000000001
2016-08-05,0.0083225
2016-08-08,0.0087697
2016-08-09,0.0087073
2016-08-10,0.0082942
2016-08-11,0.0082851
2016-08-12,0.0084844
2016-08-15,0.008439499999999999
2016-08-16,0.008548400000000001
2016-08-17,0.0091485
2016-08-18,0.0086687
2016-08-19,0.0082818
2016-08-22,0.008799900000000001
2016-08-23,0.0084703
2016-08-24,0.0084032
2016-08-25,0.0086429
2016-08-26,0.0091369
2016-08-29,0.0094331
2016-08-30,0.0091142
2016-08-31,0.0086296
2016-09-01,0.0094249
2016-09-02,0.009721
2016-09-05,0.0103275
2016-09-06,0.009848599999999999
2016-09-07,0.0088077
2016-09-08,0.0089898
2016-09-09,0.0108132
2016-09-12,0.0111475
2016-09-13,0.0107909
2016-09-14,0.0116
2016-09-15,0.0114988
2016-09-16,0.011392800000000002
2016-09-19,0.0120005
2016-09-20,0.010865
2016-09-21,0.010437
2016-09-22,0.0098932
2016-09-23,0.0094492
2016-09-26,0.0091917
2016-09-27,0.008778000000000001
2016-09-28,0.0089713
2016-09-29,0.0091549
2016-09-30,0.008535899999999999
2016-10-04,0.0095104
2016-10-05,0.0104473
2016-10-06,0.0107626
2016-10-07,0.0120142
2016-10-10,0.0121404
2016-10-11,0.0121613
2016-10-12,0.0120559
2016-10-13,0.0120291
2016-10-14,0.011726499999999999
2016-10-17,0.012414099999999999
2016-10-18,0.0119461
2016-10-19,0.011588300000000001
2016-10-20,0.011587199999999999
2016-10-21,0.010756300000000002
2016-10-24,0.011271
2016-10-25,0.0118808
2016-10-26,0.011856100000000001
2016-10-27,0.0136163
2016-10-28,0.013707800000000001
2016-10-31,0.013306100000000001
2016-11-01,0.0135829
2016-11-02,0.012554399999999999
2016-11-03,0.0129477
2016-11-04,0.012617
2016-11-07,0.0125112
2016-11-08,0.0124615
2016-11-09,0.013166299999999999
2016-11-10,0.0139304
2016-11-11,0.0145337
2016-11-14,0.0154278
2016-11-15,0.0142462
2016-11-16,0.0145563
2016-11-17,0.013601499999999999
2016-11-18,0.0140534
2016-11-21,0.014275199999999998
2016-11-22,0.0135505
2016-11-23,0.0081286
2016-11-24,0.0081647
2016-11-25,0.0084036
2016-11-28,0.007184
2016-11-29,0.0056346
2016-11-30,0.005560000000000001
2016-12-01,0.0055823
2016-12-02,0.0153667
2016-12-05,0.0150627
2016-12-06,0.014969099999999999
2016-12-07,0.0152884
2016-12-08,0.0157708
2016-12-09,0.0178313
2016-12-12,0.0184741
2016-12-13,0.0174635
2016-12-14,0.0170443
2016-12-15,0.0174203
2016-12-16,0.0163554
2016-12-19,0.0163569
2016-12-20,0.015526400000000001
2016-12-21,0.015037400000000001
2016-12-22,0.014806900000000001
2016-12-23,0.0148394
2016-12-27,0.0143856
2016-12-28,0.0142462
2016-12-29,0.014170799999999999
2016-12-30,0.0146745
2017-01-02,0.014682200000000001
2017-01-03,0.015705
2017-01-04,0.0157565
2017-01-05,0.015995
2017-01-06,0.0153681
2017-01-09,0.0162075
2017-01-10,0.0163928
2017-01-11,0.0163179
2017-01-12,0.0158308
2017-01-13,0.0166712
2017-01-16,0.0169424
2017-01-17,0.016311
2017-01-18,0.016938599999999998
2017-01-19,0.0174866
2017-01-20,0.0182661
2017-01-23,0.0183453
2017-01-24,0.0177527
2017-01-25,0.0183287
2017-01-26,0.018743
2017-01-27,0.017822499999999998
2017-01-30,0.0180429
2017-01-31,0.0178318
2017-02-01,0.0177476
2017-02-02,0.0179506
2017-02-03,0.018069500000000002
2017-02-06,0.018220300000000002
2017-02-07,0.0177246
2017-02-08,0.0136323
2017-02-09,0.012606
2017-02-10,0.0121673
2017-02-13,0.012921199999999999
2017-02-14,0.0131545
2017-02-15,0.0139171
2017-02-16,0.0132935
2017-02-17,0.012065600000000001
2017-02-20,0.017833
2017-02-21,0.0184375
2017-02-22,0.0175711
2017-02-23,0.017097
2017-02-24,0.0163415
2017-02-27,0.015797600000000002
2017-02-28,0.0163301
2017-03-01,0.0170172
2017-03-02,0.0176703
2017-03-03,0.0177606
2017-03-06,0.0175296
2017-03-07,0.0181284
2017-03-08,0.0182724
2017-03-09,0.0184334
2017-03-10,0.0191641
2017-03-13,0.0180986
2017-03-14,0.0181614
2017-03-15,0.0177046
2017-03-16,0.0178753
2017-03-17,0.0178216
2017-03-20,0.017691
2017-03-21,0.0183293
2017-03-22,0.0170606
2017-03-23,0.0171643
2017-03-24,0.0174601
2017-03-27,0.0169304
2017-03-28,0.0172118
2017-03-29,0.017275799999999997
2017-03-30,0.0171262
2017-03-31,0.0171984
2017-04-03,0.016956
2017-04-04,0.0141016
2017-04-05,0.0167217
2017-04-06,0.0165655
2017-04-07,0.0163144
2017-04-10,0.0158974
2017-04-11,0.0158102
2017-04-12,0.0154509
2017-04-13,0.0146888
2017-04-18,0.014693000000000001
2017-04-19,0.014667600000000001
2017-04-20,0.015127999999999999
2017-04-21,0.0150078
2017-04-24,0.0161902
2017-04-25,0.0169572
2017-04-26,0.0169503
2017-04-27,0.0170616
2017-04-28,0.0174353
2017-05-02,0.0172675
2017-05-03,0.0172129
2017-05-04,0.0174033
2017-05-05,0.017557100000000003
2017-05-08,0.0177948
2017-05-09,0.018310299999999998
2017-05-10,0.0181764
2017-05-11,0.018265800000000002
2017-05-12,0.0179852
2017-05-15,0.0182873
2017-05-16,0.0189482
2017-05-17,0.0186992
2017-05-18,0.0178336
2017-05-19,0.0182242
2017-05-22,0.018758300000000002
2017-05-23,0.018900999999999998
2017-05-24,0.0185971
2017-05-25,0.0183308
2017-05-26,0.0181723
2017-05-29,0.018084
2017-05-30,0.0178891
2017-05-31,0.0180291
2017-06-01,0.0181311
2017-06-02,0.0178194
2017-06-06,0.0178005
2017-06-07,0.0178802
2017-06-08,0.0179708
2017-06-09,0.0174864
2017-06-12,0.0177607
2017-06-13,0.017770300000000003
2017-06-14,0.0172621
2017-06-15,0.016705499999999998
2017-06-16,0.017421100000000002
2017-06-19,0.0174386
2017-06-20,0.0169629
2017-06-21,0.01662
2017-06-22,0.0161781
2017-06-23,0.0164091
2017-06-26,0.0165001
2017-06-27,0.0165001
2017-06-28,0.0175808
2017-06-29,0.017929
2017-06-30,0.0178529
2017-07-03,0.0183047
2017-07-04,0.018972100000000002
2017-07-05,0.0194778
2017-07-06,0.014097599999999998
2017-07-07,0.015175399999999999
2017-07-10,0.0151002
2017-07-11,0.0164169
2017-07-12,0.0170501
2017-07-13,0.0168824
2017-07-14,0.0170753
2017-07-17,0.0173961
2017-07-18,0.0172652
2017-07-19,0.0175679
2017-07-20,0.0175679
2017-07-21,0.0170462
2017-07-24,0.0163955
2017-07-25,0.0164819
2017-07-26,0.0175975
2017-07-27,0.0173691
2017-07-28,0.0176719
2017-07-31,0.0176955
2017-08-01,0.0170304
2017-08-02,0.0169464
2017-08-03,0.0168465
2017-08-04,0.016164400000000002
2017-08-07,0.0161552
2017-08-08,0.018381
2017-08-09,0.0180582
2017-08-10,0.0180582
2017-08-11,0.0172931
2017-08-14,0.0179092
2017-08-15,0.0179092
2017-08-16,0.01818
2017-08-17,0.0179456
2017-08-18,0.0175672
2017-08-21,0.0175672
2017-08-22,0.0175672
2017-08-23,0.017828999999999998
2017-08-24,0.0172926
2017-08-25,0.0178639
2017-08-28,0.0177285
2017-08-29,0.0170368
2017-08-30,0.0172409
2017-08-31,0.017386600000000002
2017-09-01,0.017386600000000002
2017-09-04,0.0179963
2017-09-05,0.0182205
2017-09-06,0.0173765
2017-09-07,0.0174507
2017-09-08,0.0173957
2017-09-11,0.0178272
2017-09-12,0.0178461
2017-09-13,0.018435299999999998
2017-09-14,0.0184323
2017-09-15,0.0187666
2017-09-18,0.0189082
2017-09-19,0.0190081
2017-09-20,0.0186733
2017-09-21,0.018876999999999998
2017-09-22,0.0187385
2017-09-25,0.018177099999999998
2017-09-26,0.0185447
2017-09-27,0.019285399999999998
2017-09-28,0.019413100000000003
2017-09-29,0.0188347
2017-10-02,0.0189171
2017-10-04,0.0188114
2017-10-05,0.0185448
2017-10-06,0.0188735
2017-10-09,0.018622700000000002
2017-10-10,0.0184129
2017-10-11,0.0164249
2017-10-12,0.0162927
2017-10-13,0.0156368
2017-10-16,0.015846
2017-10-17,0.015531900000000001
2017-10-18,0.0156671
2017-10-19,0.0159672
2017-10-20,0.0167721
2017-10-23,0.0165042
2017-10-24,0.0168629
2017-10-25,0.0170066
2017-10-26,0.0169429
2017-10-27,0.0162815
2017-10-30,0.0160514
2017-11-01,0.015826
2017-11-02,0.0163323
2017-11-03,0.0160627
2017-11-06,0.0158513
2017-11-07,0.0160127
2017-11-08,0.0158599
2017-11-09,0.0159036
2017-11-10,0.016678
2017-11-13,0.0166586
2017-11-14,0.016674
2017-11-15,0.015843
2017-11-16,0.0159797
2017-11-17,0.0159884
2017-11-20,0.0156553
2017-11-21,0.0149821
2017-11-22,0.015327599999999999
2017-11-23,0.0150125
2017-11-24,0.0151885
2017-11-27,0.015069699999999998
2017-11-28,0.014628799999999999
2017-11-29,0.0146787
2017-11-30,0.0150869
2017-12-01,0.0142791
2017-12-04,0.0141252
2017-12-05,0.0167611
2017-12-06,0.0168016
2017-12-07,0.0168592
2017-12-08,0.0172766
2017-12-11,0.0170009
2017-12-12,0.016886699999999998
2017-12-13,0.017492
2017-12-14,0.0172577
2017-12-15,0.0167474
2017-12-18,0.016420900000000002
2017-12-19,0.0171523
2017-12-20,0.0175406
2017-12-21,0.018066199999999998
2017-12-22,0.0178603
2017-12-27,0.0178479
2017-12-28,0.0179988
2017-12-29,0.018249
2018-01-02,0.0187619
2018-01-03,0.018574900000000002
2018-01-04,0.018435299999999998
2018-01-05,0.0178665
2018-01-08,0.0182693
2018-01-09,0.018259
2018-01-10,0.018577200000000002
2018-01-11,0.0184538
2018-01-12,0.0181377
2018-01-15,0.0183805
2018-01-16,0.0151046
2018-01-17,0.0176955
2018-01-18,0.0181887
2018-01-19,0.0181382
2018-01-22,0.018452800000000002
2018-01-23,0.0179389
2018-01-24,0.018223100000000002
2018-01-25,0.0182379
2018-01-26,0.0171063
2018-01-29,0.0172964
2018-01-30,0.017808900000000003
2018-01-31,0.0174025
2018-02-01,0.0175228
2018-02-02,0.0180047
2018-02-05,0.0181683
2018-02-06,0.0177598
2018-02-07,0.0176709
2018-02-08,0.0179751
2018-02-09,0.0178811
2018-02-12,0.0094488
2018-02-13,0.0072732
2018-02-14,0.0044945
2018-02-15,0.0063631
2018-02-16,0.0061854
2018-02-19,0.0045487
2018-02-20,0.0043874000000000005
2018-02-21,0.0027034000000000003
2018-02-22,0.006123699999999999
2018-02-23,0.0028898
2018-02-26,0.0040444
2018-02-27,0.0041782
2018-02-28,0.0041782
2018-03-01,0.0027427000000000003
2018-03-02,0.0029482999999999996
2018-03-05,0.0019637
2018-03-06,0.017727800000000002
2018-03-07,0.0176773
2018-03-08,0.0175032
2018-03-09,0.0173106
2018-03-12,0.0175074
2018-03-13,0.017258700000000002
2018-03-14,0.0169551
2018-03-15,0.0092465
2018-03-16,0.0068184
2018-03-19,0.0068184
2018-03-20,0.0165393
2018-03-21,0.0164702
2018-03-22,0.0161919
2018-03-23,0.0158484
2018-03-26,0.0161865
2018-03-27,0.0160361
2018-03-28,0.015729800000000002
2018-03-29,0.0160913
2018-04-03,0.0162056
2018-04-04,0.015922000000000002
2018-04-05,0.0164221
2018-04-06,0.0163212
2018-04-09,0.0162958
2018-04-10,0.0158014
2018-04-11,0.0161409
2018-04-12,0.0161551
2018-04-13,0.0166547
2018-04-16,0.0167579
2018-04-17,0.0166403
2018-04-18,0.016266799999999998
2018-04-19,0.016486
2018-04-20,0.0170113
2018-04-23,0.0174804
2018-04-24,0.0176462
2018-04-25,0.017372000000000002
2018-04-26,0.0171888
2018-04-27,0.0167419
2018-04-30,0.0167419
2018-05-02,0.0171738
2018-05-03,0.0171169
2018-05-04,0.0167727
2018-05-07,0.0167727
2018-05-08,0.0166357
2018-05-09,0.0170891
2018-05-10,0.0169205
2018-05-11,0.0170666
2018-05-14,0.01725
2018-05-15,0.0173962
2018-05-16,0.0176767
2018-05-17,0.017891900000000002
2018-05-18,0.0181447
2018-05-22,0.0173056
2018-05-23,0.0172355
2018-05-24,0.017057100000000002
2018-05-25,0.0163843
2018-05-28,0.015948
2018-05-29,0.014779800000000001
2018-05-30,0.015242899999999998
2018-05-31,0.015515699999999999
2018-06-01,0.015219100000000001
2018-06-04,0.015178400000000002
2018-06-05,0.015161899999999999
2018-06-06,0.0154882
2018-06-07,0.0161171
2018-06-08,0.015455000000000002
2018-06-11,0.0158242
2018-06-12,0.0163775
2018-06-13,0.0159861
2018-06-14,0.016265099999999998
2018-06-15,0.0163672
2018-06-18,0.0167391
2018-06-19,0.0167591
2018-06-20,0.016397
2018-06-21,0.0164816
2018-06-22,0.0165024
2018-06-25,0.0162393
2018-06-26,0.016229
2018-06-27,0.0160797
2018-06-28,0.0156263
2018-06-29,0.015248999999999999
2018-07-02,0.014906299999999999
2018-07-03,0.0149687
2018-07-04,0.0147527
2018-07-05,0.0149281
2018-07-06,0.014828399999999999
2018-07-09,0.015052399999999999
2018-07-10,0.015132000000000001
2018-07-11,0.014855400000000001
2018-07-12,0.015089300000000002
2018-07-13,0.014897800000000001
2018-07-16,0.0151378
2018-07-17,0.015139499999999998
2018-07-18,0.015130399999999999
2018-07-19,0.015122400000000001
2018-07-20,0.015103100000000001
2018-07-23,0.0151564
2018-07-24,0.014611
2018-07-25,0.0142483
2018-07-26,0.0143721
2018-07-27,0.0145853
2018-07-30,0.014865399999999999
2018-07-31,0.015025900000000002
2018-08-01,0.015343599999999999
2018-08-02,0.014652499999999999
2018-08-03,0.0141336
2018-08-06,0.013828
2018-08-07,0.0137535
2018-08-08,0.0140503
2018-08-09,0.0138929
2018-08-10,0.0141733
2018-08-13,0.014295899999999999
2018-08-14,0.0144872
2018-08-15,0.0146119
2018-08-16,0.0144193
2018-08-17,0.0142227
2018-08-20,0.014342500000000001
2018-08-21,0.014506600000000001
2018-08-22,0.0144567
2018-08-23,0.014589399999999999
2018-08-24,0.0146683
2018-08-27,0.0149173
2018-08-28,0.015000800000000002
2018-08-29,0.0152739
2018-08-30,0.015329500000000001
2018-08-31,0.0149774
2018-09-03,0.0147924
2018-09-04,0.014936799999999998
2018-09-05,0.0151501
2018-09-06,0.0151156
2018-09-07,0.0150742
2018-09-10,0.015677
2018-09-11,0.0157844
2018-09-12,0.0157844
2018-09-13,0.015627500000000003
2018-09-14,0.0156961
2018-09-17,0.0157506
2018-09-18,0.0157506
2018-09-19,0.0158594
2018-09-20,0.016052999999999998
2018-09-21,0.015988199999999998
2018-09-24,0.0159502
2018-09-25,0.015947100000000002
2018-09-26,0.0158798
2018-09-27,0.015443199999999999
2018-09-28,0.0150469
2018-10-01,0.015535799999999999
2018-10-02,0.015157700000000001
2018-10-04,0.015597000000000001
2018-10-05,0.0157224
2018-10-08,0.0156816
2018-10-09,0.0163813
2018-10-10,0.0160611
2018-10-11,0.0155443
2018-10-12,0.0157336
2018-10-15,0.015475399999999999
2018-10-16,0.0157301
2018-10-17,0.0155803
2018-10-18,0.0155803
2018-10-19,0.015009999999999999
2018-10-22,0.015244
2018-10-23,0.0149329
2018-10-24,0.0147249
2018-10-25,0.0147249
2018-10-26,0.0147852
2018-10-29,0.014671700000000001
2018-10-30,0.0151697
2018-10-31,0.0151697
2018-11-01,0.0150809
2018-11-02,0.0152185
2018-11-05,0.0153131
2018-11-06,0.015185800000000001
2018-11-07,0.0150988
2018-11-08,0.015418000000000001
2018-11-09,0.0151583
2018-11-12,0.0149562
2018-11-13,0.0149562
2018-11-14,0.0152491
2018-11-15,0.015236099999999999
2018-11-16,0.015343299999999999
2018-11-19,0.0154761
2018-11-20,0.0152125
2018-11-21,0.0154038
2018-11-22,0.0152413
2018-11-23,0.0152413
2018-11-26,0.0152413
2018-11-27,0.0152413
2018-11-28,0.0150738
2018-11-29,0.0150738
2018-11-30,0.014929399999999999
2018-12-03,0.0149946
2018-12-04,0.0144655
2018-12-05,0.013833699999999999
2018-12-06,1e-06
2018-12-07,0.0133669
2018-12-10,0.0130314
2018-12-11,0.0126904
2018-12-12,0.0125636
2018-12-13,0.0124874
2018-12-14,0.013342799999999998
2018-12-17,0.0135985
2018-12-18,0.0133327
2018-12-19,0.013198099999999999
2018-12-20,0.0130894
2018-12-21,0.0129935
2018-12-27,0.0130967
2018-12-28,0.013289299999999999
2019-01-02,0.0118192
2019-01-03,0.011300600000000001
2019-01-04,0.011286099999999999
2019-01-07,0.011541699999999998
2019-01-08,0.011984999999999999
2019-01-09,0.0120371
2019-01-10,0.0116056
2019-01-11,0.0129292
2019-01-14,0.0128212
2019-01-15,0.013065199999999999
2019-01-16,0.013375600000000001
2019-01-17,0.0136794
2019-01-18,0.013670100000000001
2019-01-21,0.0133855
2019-01-22,0.013402
2019-01-23,0.011711800000000001
2019-01-24,0.0110904
2019-01-25,0.0125842
2019-01-28,0.012465500000000001
2019-01-29,0.012792
2019-01-30,0.012757600000000001
2019-01-31,0.012455
2019-02-01,0.012589300000000001
2019-02-04,0.0125834
2019-02-05,0.0127073
2019-02-06,0.011719599999999998
2019-02-07,0.010171900000000001
2019-02-08,0.009547400000000001
2019-02-11,0.011137600000000001
2019-02-12,0.0112258
2019-02-13,0.0112258
2019-02-14,0.0082007
2019-02-15,0.0082007
2019-02-18,0.0099789
2019-02-19,0.0085165
2019-02-20,0.0085165
2019-02-21,0.0074526
2019-02-22,0.0074526
2019-02-25,0.0070817
2019-02-26,0.0125989
2019-02-27,0.0125501
2019-02-28,0.0126996
2019-03-01,0.0135394
2019-03-04,0.0137847
2019-03-05,0.0138174
2019-03-06,0.013473200000000001
2019-03-07,0.0137999
2019-03-08,1e-06
2019-03-11,1e-06
2019-03-12,1e-06
2019-03-13,2e-06
2019-03-14,2e-06
2019-03-15,4e-06
2019-03-18,4e-06
2019-03-19,4e-06
2019-03-20,8e-06
2019-03-21,1.6e-05
2019-03-22,1.64e-05
2019-03-25,1.64e-05
2019-03-26,5.4e-06
2019-03-27,1e-06
2019-03-28,3.8e-06
2019-03-29,0.010134
2019-04-01,0.010793200000000001
2019-04-02,0.010793200000000001
2019-04-03,0.0081445
2019-04-04,0.0081445
2019-04-05,0.0091754
2019-04-08,0.0091754
2019-04-09,0.0091754
2019-04-10,0.00861
2019-04-11,0.010211699999999999
2019-04-12,0.009204
2019-04-15,0.010216300000000001
2019-04-16,0.0131019
2019-04-17,0.0131471
2019-04-18,0.012283200000000001
2019-04-23,0.0100067
2019-04-24,0.0094654
2019-04-25,0.0086105
2019-04-26,0.0118634
2019-04-29,0.012077500000000001
2019-04-30,0.012424999999999999
2019-05-02,0.0121624
2019-05-03,0.0123295
2019-05-06,0.0121124
2019-05-07,0.0119265
2019-05-08,0.0117848
2019-05-09,0.011401300000000001
2019-05-10,0.0117919
2019-05-13,0.0116398
2019-05-14,0.0110777
2019-05-15,0.010926199999999999
2019-05-16,0.010131900000000001
2019-05-17,0.0101854
2019-05-20,0.0105243
2019-05-21,0.0105243
2019-05-22,0.010862199999999999
2019-05-23,0.0107052
2019-05-24,0.0107052
2019-05-27,0.0103573
2019-05-28,0.0100435
2019-05-29,0.0100435
2019-05-30,0.0100435
2019-05-31,0.0094897
2019-06-03,0.0097004
2019-06-04,0.0088367
2019-06-05,0.0088367
2019-06-06,0.0087586
2019-06-07,0.0083281
2019-06-11,0.0084944
2019-06-12,0.0084944
2019-06-13,0.0083867
2019-06-14,0.0077433
2019-06-17,0.0081933
2019-06-18,0.00775
2019-06-19,0.0076075000000000005
2019-06-20,0.0071202
2019-06-21,0.0071202
2019-06-24,0.0074186
2019-06-25,0.0074186
2019-06-26,0.0075373
2019-06-27,0.0078391
2019-06-28,0.007205700000000001
2019-07-01,0.007552
2019-07-02,0.0076641
2019-07-03,0.0072811
2019-07-04,0.0071407
2019-07-05,0.0071363
2019-07-08,0.0072911
2019-07-09,0.0075989
2019-07-10,0.0083242
2019-07-11,0.0080214
2019-07-12,0.0092612
2019-07-15,0.008755800000000001
2019-07-16,0.0080535
2019-07-17,0.0079858
2019-07-18,0.0077227
2019-07-19,0.008335500000000001
2019-07-22,0.0080584
2019-07-23,0.0081762
2019-07-24,0.007591799999999999
2019-07-25,0.0069296
2019-07-26,0.007441799999999999
2019-07-29,0.0072592
2019-07-30,0.0073466
2019-07-31,0.0070385
2019-08-01,0.0063856
2019-08-02,0.005019900000000001
2019-08-05,0.0040405
2019-08-06,0.004139
2019-08-07,0.0027784999999999997
2019-08-08,0.0035815
2019-08-09,0.0039125
2019-08-12,0.003523
2019-08-13,0.0028863
2019-08-14,0.0025827
2019-08-15,0.002302
2019-08-16,0.0017969
2019-08-19,0.0031271
2019-08-20,0.0028916999999999997
2019-08-21,0.0030564000000000003
2019-08-22,1.59e-05
2019-08-23,5.3099999999999996e-05
2019-08-26,5.500000000000001e-06
2019-08-27,1.4e-06
2019-08-28,3.7e-06
2019-08-29,3.5e-06
2019-08-30,8.2e-06
2019-09-02,1.9e-05
2019-09-03,9.39e-05
2019-09-04,6.21e-05
2019-09-05,0.0005009
2019-09-06,0.0014644999999999999
2019-09-09,0.0008373
2019-09-10,0.0015174000000000001
2019-09-11,0.0051244
2019-09-12,0.0039114
2019-09-13,0.0050449
2019-09-16,0.004765
2019-09-17,0.0049742
2019-09-18,0.0046444
2019-09-19,0.0047433
2019-09-20,0.0042015
2019-09-23,0.0032122
2019-09-24,0.0033201000000000003
2019-09-25,0.0025895000000000002
2019-09-26,0.00248
2019-09-27,0.0031856000000000002
2019-09-30,0.0038837
2019-10-01,0.0043188
2019-10-02,0.0040243
2019-10-04,0.0031449
2019-10-07,0.0031269999999999996
2019-10-08,0.0034913
2019-10-09,0.0035725
2019-10-10,0.0038161000000000002
2019-10-11,0.004137
2019-10-14,0.0044398
2019-10-15,0.0045837
2019-10-16,0.0049161
2019-10-17,0.005451899999999999
2019-10-18,0.005359399999999999
2019-10-21,0.0057537000000000005
2019-10-22,0.005686
2019-10-23,0.0028068
2019-10-24,0.0051151
2019-10-25,0.005302299999999999
2019-10-28,0.005950100000000001
2019-10-29,0.0056906000000000005
2019-10-30,0.0057767999999999995
2019-10-31,0.0025296999999999997
2019-11-01,0.0053508
2019-11-04,0.0054998
2019-11-05,0.00607
2019-11-06,0.006039
2019-11-07,0.0059001999999999995
2019-11-08,0.0065063000000000005
2019-11-11,0.0062705999999999994
2019-11-12,0.0068262
2019-11-13,0.0057672
2019-11-14,0.0054972
2019-11-15,0.0051369
2019-11-18,0.0053932
2019-11-19,0.0054722
2019-11-20,0.0051166
2019-11-21,0.0058281
2019-11-22,0.0053494
2019-11-25,0.005469699999999999
2019-11-26,0.0054256
2019-11-27,0.005425
2019-11-28,0.0051903999999999995
2019-11-29,0.0051864
2019-12-02,0.0057341
2019-12-03,0.0057025999999999995
2019-12-04,0.0053312
2019-12-05,0.0053991
2019-12-06,0.0053991
2019-12-09,0.0054484
2019-12-10,0.005628800000000001
2019-12-11,0.0054227
2019-12-12,0.0056599
2019-12-13,0.0063131
2019-12-16,0.0056948
2019-12-17,0.0022609
2019-12-18,0.0020682
2019-12-19,0.0061086
2019-12-20,0.0060251
2019-12-23,0.0056594
2019-12-27,0.005923899999999999
2019-12-30,0.0066472
2020-01-02,0.0070701
2020-01-03,0.0055525
2020-01-06,0.0063192000000000005
2020-01-07,0.0066178999999999995
2020-01-08,0.006589899999999999
2020-01-09,0.0069782
2020-01-10,0.0068784
2020-01-13,0.0075525
2020-01-14,0.007161999999999999
2020-01-15,0.0072458
2020-01-16,0.0069714
2020-01-17,0.0069857
2020-01-20,0.0069857
2020-01-21,0.006899199999999999
2020-01-22,0.0059627
2020-01-23,0.0058928999999999995
2020-01-24,0.0057402
2020-01-27,0.006449399999999999
2020-01-28,0.0050596
2020-01-29,0.0055988
2020-01-30,0.0054119
2020-01-31,0.0037248
2020-02-03,0.0007679
2020-02-04,0.0003386
2020-02-05,0.00016820000000000002
2020-02-06,0.0058517
2020-02-07,0.0054015
2020-02-10,0.0050569
2020-02-11,0.0051103
2020-02-12,0.0051103
2020-02-13,0.0050869
2020-02-14,0.0056652000000000004
2020-02-17,0.0050446
2020-02-18,0.0047218
2020-02-19,0.0047218
2020-02-20,0.0052141999999999996
2020-02-21,0.0037325
2020-02-24,0.0035881999999999997
2020-02-25,1.02e-05
2020-02-26,1.1e-06
2020-02-27,1e-06
2020-02-28,2e-06
2020-03-02,1.8000000000000001e-06
2020-03-03,1e-06
2020-03-04,1e-06
2020-03-05,1e-06
2020-03-06,2e-06
2020-03-09,4.4e-06
2020-03-10,1.62e-05
2020-03-11,1.4e-06
2020-03-12,1.7e-06
2020-03-13,1e-06
2020-03-16,0.0008294
2020-03-17,1e-06
2020-03-18,0.0012920000000000002
2020-03-19,0.0088863
2020-03-20,0.020447299999999998
2020-03-23,0.0009809
2020-03-24,0.0022539
2020-03-25,0.0027038
2020-03-26,0.0043909
2020-03-27,0.0039748
2020-03-30,0.0035841000000000002
2020-03-31,0.0034116000000000003
2020-04-01,0.0035445
2020-04-02,0.0037254
2020-04-03,0.0023436999999999998
2020-04-06,0.0029796000000000002
2020-04-07,0.0034164
2020-04-08,0.0031061
2020-04-09,0.0031347999999999997
2020-04-14,0.0034896
2020-04-15,0.0024982
2020-04-16,0.0018269
2020-04-17,2.9e-06
2020-04-20,2.7e-06
2020-04-21,9.4e-06
2020-04-22,2.01e-05
2020-04-23,3.31e-05
2020-04-24,5.3e-06
2020-04-27,1e-06
2020-04-28,1e-06
2020-04-29,3.9e-06
2020-04-30,6.1e-06
2020-05-04,0.0004265
2020-05-05,0.001825
2020-05-06,0.002013
2020-05-07,0.0025261
2020-05-08,0.0019819
2020-05-11,0.0025882
2020-05-12,0.0023969
2020-05-13,0.0019223999999999999
2020-05-14,0.0018520000000000001
2020-05-15,0.0017492
2020-05-18,0.0019012999999999999
2020-05-19,0.0025372
2020-05-20,0.0021276
2020-05-21,0.0023346
2020-05-22,0.0022418
2020-05-25,0.0024079
2020-05-26,0.0032786
2020-05-27,0.0027405000000000003
2020-05-28,0.0027600000000000003
2020-05-29,0.0029571
2020-06-02,0.0038756000000000003
2020-06-03,0.0037105
2020-06-04,0.0040678
2020-06-05,0.0053687
2020-06-08,0.0057574
2020-06-09,0.0046876
2020-06-10,0.0046426
2020-06-11,0.0038474000000000004
2020-06-12,0.0034577999999999996
2020-06-15,0.0033225
2020-06-16,0.0036815
2020-06-17,0.003946
2020-06-18,0.0034273
2020-06-19,0.0031662
2020-06-22,0.0030059
2020-06-23,0.0033943000000000003
2020-06-24,0.0038411
2020-06-25,0.0029056999999999998
2020-06-26,0.0026661000000000002
2020-06-29,0.0027762999999999998
2020-06-30,0.0027173
2020-07-01,0.0037459
2020-07-02,0.0036585000000000003
2020-07-03,0.0032541
2020-07-06,0.0035719000000000002
2020-07-07,0.0034821
2020-07-08,0.003202
2020-07-09,0.0031061
2020-07-10,0.0019156000000000002
2020-07-13,0.0027997
2020-07-14,0.0030245
2020-07-15,0.0030046
2020-07-16,0.0031523000000000002
2020-07-17,0.0032693
2020-07-20,0.0034405000000000004
2020-07-21,0.0030164000000000002
2020-07-22,0.0027668
2020-07-23,0.0025258000000000004
2020-07-24,0.0026545
2020-07-27,0.0025315
2020-07-28,0.0021619
2020-07-29,0.0021628
2020-07-30,0.0019121
2020-07-31,0.0017584
2020-08-03,0.0021167
2020-08-04,0.0018451000000000001
2020-08-05,0.0017843999999999998
2020-08-06,0.0020762
2020-08-07,0.0018555
2020-08-10,0.0020312
2020-08-11,0.0024335999999999997
2020-08-12,0.0030405
2020-08-13,0.0031152999999999997
2020-08-14,0.0033133
2020-08-17,0.0034655999999999997
2020-08-18,0.003071
2020-08-19,0.002973
2020-08-20,0.0026856000000000002
2020-08-21,0.0023859
2020-08-24,0.0028924
2020-08-25,0.0041136
2020-08-26,0.0034389
2020-08-27,0.0028058
2020-08-28,0.0040315
2020-08-31,0.0040751
2020-09-01,0.004011
2020-09-02,0.0031219000000000004
2020-09-03,0.0031156
2020-09-04,0.0026199
2020-09-07,0.0029537
2020-09-08,0.0028943000000000003
2020-09-09,0.0026087
2020-09-10,0.0027892
2020-09-11,0.0029201
2020-09-14,0.0027735999999999998
2020-09-15,0.0030408
2020-09-16,0.0029604
2020-09-17,0.0030072
2020-09-18,0.0027927000000000004
2020-09-21,0.0025746000000000002
2020-09-22,0.0023288000000000002
2020-09-23,0.002712
2020-09-24,0.0025009999999999998
2020-09-25,0.0025668999999999996
2020-09-28,0.0025668999999999996
2020-09-29,0.0020617
2020-09-30,0.0019289
2020-10-01,0.0022038
2020-10-02,0.002077
2020-10-05,0.002077
2020-10-06,0.0020682
2020-10-07,0.0020682
2020-10-08,0.0020561
2020-10-09,0.0015301999999999998
2020-10-12,0.0015301999999999998
2020-10-13,0.0015301999999999998
2020-10-14,0.0012037
2020-10-15,0.0007001
2020-10-16,1.8000000000000001e-06
2020-10-19,1.8000000000000001e-06
2020-10-20,0.0010968
2020-10-21,0.0015903
2020-10-22,0.0015903
2020-10-23,0.0009141
2020-10-26,0.0010335
2020-10-27,0.0009839
2020-10-28,3.8e-06
2020-10-29,8.3e-05
2020-10-30,8.3e-05
2020-11-02,0.0003545
2020-11-03,4.6e-06
2020-11-04,1e-06
2020-11-05,1e-06
2020-11-06,1.52e-05
2020-11-09,1.52e-05
2020-11-10,0.0021023
2020-11-11,0.0024216
2020-11-12,0.0020701
2020-11-13,0.0017094999999999999
2020-11-16,0.0014173
2020-11-17,0.0014173
2020-11-18,0.0014173
2020-11-19,0.0009245000000000001
2020-11-20,0.0009245000000000001
2020-11-23,0.0010221
2020-11-24,0.0010221
2020-11-25,0.0010221
2020-11-26,0.0010221
2020-11-27,0.0010221
2020-11-30,0.0010221
2020-12-01,0.0010032
2020-12-02,0.0015455
2020-12-03,0.0015523999999999998
2020-12-04,0.001358
2020-12-07,0.0011582
2020-12-08,0.001183
2020-12-09,0.001183
2020-12-10,0.0007633
2020-12-11,0.00045359999999999997
2020-12-14,0.0001631
2020-12-15,0.0001631
2020-12-16,0.0003262
2020-12-17,0.0008738999999999999
2020-12-18,0.0012156
2020-12-21,0.0004165
2020-12-22,0.000639
2020-12-23,0.001076
2020-12-28,0.0017153
2020-12-29,0.0012801000000000002
2020-12-30,0.0015429
2021-01-04,0.0012596999999999999
2021-01-05,0.0010738
2021-01-06,0.0016979
2021-01-07,0.0016238
2021-01-08,0.0015836000000000001
2021-01-11,0.0010837
2021-01-12,5.7e-06
2021-01-13,7.6e-06
2021-01-14,0.0015589
2021-01-15,0.0019311
2021-01-18,9.9e-06
2021-01-19,0.0021782999999999998
2021-01-20,0.001411
2021-01-21,0.001411
2021-01-22,0.0020478
2021-01-25,0.0018112
2021-01-26,0.0018357999999999998
2021-01-27,0.0023291
2021-01-28,0.001894
2021-01-29,0.0027242
2021-02-01,0.0017399999999999998
2021-02-02,1.8000000000000001e-06
2021-02-03,2.5e-06
2021-02-04,2.5e-06
2021-02-05,2.9e-06
2021-02-08,1.4e-06
2021-02-09,1e-06
2021-02-10,8.7e-06
2021-02-11,0.0036563
2021-02-12,0.0036563
2021-02-15,0.0047881
2021-02-16,0.0047881
2021-02-17,0.0048829
2021-02-18,0.0048829
2021-02-19,0.0052061
2021-02-22,0.005837599999999999
2021-02-23,0.005727100000000001
2021-02-24,0.005727100000000001
2021-02-25,0.0057901
2021-02-26,0.004939799999999999
2021-03-01,0.0045728999999999995
2021-03-02,0.0047038
2021-03-03,0.004978
2021-03-04,0.0052654
2021-03-05,0.0052654
2021-03-08,0.0052654
2021-03-09,0.0048426
2021-03-10,0.0027171
2021-03-11,0.005340899999999999
2021-03-12,0.0053635
2021-03-15,0.0053635
2021-03-16,0.0052407
2021-03-17,0.0054196999999999995
2021-03-18,0.0061391
2021-03-19,0.0059029
2021-03-22,0.006068400000000001
2021-03-23,0.0058043999999999995
2021-03-24,0.0058038000000000005
2021-03-25,0.0058038000000000005
2021-03-26,0.0058038000000000005
2021-03-29,0.0061167
2021-03-30,0.0066498
2021-03-31,0.0066498
2021-04-01,0.006079
2021-04-06,0.006079
2021-04-07,0.0057872999999999996
2021-04-08,0.0057872999999999996
2021-04-09,0.0061585
2021-04-12,0.0058957
2021-04-13,0.0062648
2021-04-14,0.0062648
2021-04-15,0.0064046
2021-04-16,0.0064046
2021-04-19,0.0064046
2021-04-20,0.0065689
2021-04-21,0.0064471
2021-04-22,0.0061362000000000005
2021-04-23,0.0061362000000000005
2021-04-26,0.0063142
2021-04-27,0.0063142
2021-04-28,0.0066291
2021-04-29,0.0066291
2021-04-30,0.0070588
2021-05-03,0.0073844
2021-05-04,0.0071153
2021-05-05,0.0069227
2021-05-06,0.0069227
2021-05-07,0.0069227
2021-05-10,0.0072335
2021-05-11,0.007490599999999999
2021-05-12,0.007612
2021-05-13,0.008015099999999999
2021-05-14,0.007700599999999999
2021-05-17,0.007700599999999999
2021-05-18,0.0078037
2021-05-19,0.008140699999999999
2021-05-20,0.0078901
2021-05-21,0.007461100000000001
2021-05-25,0.0074719
2021-05-26,0.007311
2021-05-27,0.0070181
2021-05-28,0.0074529
2021-05-31,0.0073187
2021-06-01,0.0069167000000000005
2021-06-02,0.0069167000000000005
2021-06-03,0.0069167000000000005
2021-06-04,0.0070978
2021-06-07,0.0068922
2021-06-08,0.0065569
2021-06-09,0.006241600000000001
2021-06-10,0.0062239
2021-06-11,0.0061975
2021-06-14,0.0062613
2021-06-15,0.006304199999999999
2021-06-16,0.0064748
2021-06-17,0.0064064
2021-06-18,0.0057082
2021-06-21,0.0054608
2021-06-22,0.0062821000000000005
2021-06-23,0.0063122000000000004
2021-06-24,0.006288200000000001
2021-06-25,0.0063455
2021-06-28,0.0066454
2021-06-29,0.0062005
2021-06-30,0.0061274
2021-07-01,0.0062342
2021-07-02,0.0059746999999999995
2021-07-05,0.006101499999999999
2021-07-06,0.0059332
2021-07-07,0.0051154
2021-07-08,0.0045325
2021-07-09,0.0048637
2021-07-12,0.0049572
2021-07-13,0.0051762
2021-07-14,0.005191
2021-07-15,0.0045731
2021-07-16,0.0044505
2021-07-19,0.0040249000000000005
2021-07-20,0.0034032000000000003
2021-07-21,0.0035774
2021-07-22,0.0036707000000000003
2021-07-23,0.003665
2021-07-26,0.0033833
2021-07-27,0.0032539
2021-07-28,0.0033592
2021-07-29,0.0034283000000000004
2021-07-30,0.003416
2021-08-02,0.0033449
2021-08-03,0.0030541
2021-08-04,0.0027792
2021-08-05,0.0022983
2021-08-06,0.0022708
2021-08-09,4.7e-06
2021-08-10,3.4e-06
2021-08-11,1.9e-06
2021-08-12,1.2e-06
2021-08-13,1.2e-06
2021-08-16,1e-06
2021-08-17,1.7e-06
2021-08-18,1.1e-06
2021-08-19,0.0020227
2021-08-20,0.0022033
2021-08-23,0.0026584
2021-08-24,0.0023738
2021-08-25,0.0027446
2021-08-26,0.0034392
2021-08-27,0.0034191
2021-08-30,0.0033418
2021-08-31,0.0033856000000000003
2021-09-01,0.0038818999999999998
2021-09-02,1.2e-06
2021-09-03,1.2999999999999998e-06
2021-09-06,0.0044767
2021-09-07,0.0048382
2021-09-08,0.004457
2021-09-09,0.0045049
2021-09-10,0.0043881
2021-09-13,0.0045857
2021-09-14,0.004766599999999999
2021-09-15,0.0045489
2021-09-16,0.0049375
2021-09-17,0.0048919
2021-09-20,0.0047348
2021-09-21,0.0047239
2021-09-22,0.0046276
2021-09-23,0.0045756
2021-09-24,0.0053009
2021-09-27,0.0056463
2021-09-28,0.0054746
2021-09-29,0.0052903
2021-09-30,0.0052527
2021-10-01,0.0052673
2021-10-04,0.0055753
2021-10-05,0.0053589
2021-10-06,0.0058566
2021-10-07,0.0058755000000000005
2021-10-08,0.006046
2021-10-11,0.0061405
2021-10-12,0.0063641999999999995
2021-10-13,0.0058299
2021-10-14,0.005188399999999999
2021-10-15,0.005027
2021-10-18,0.0044488
2021-10-19,0.004354
2021-10-20,0.0046731
2021-10-21,0.0047104
2021-10-22,0.0042138
2021-10-25,0.0042751
2021-10-26,0.0039588
2021-10-27,0.0034817
2021-10-28,0.002421
2021-10-29,0.0027248
2021-11-01,0.0025835999999999997
2021-11-02,0.0028001
2021-11-03,0.002606
2021-11-04,0.003104
2021-11-05,0.0028073
2021-11-08,0.0025258999999999998
2021-11-09,0.0024926
2021-11-10,0.0018414
2021-11-11,0.002124
2021-11-12,0.0020683999999999998
2021-11-15,0.0019264999999999998
2021-11-16,0.0024698999999999997
2021-11-17,0.0026014
2021-11-18,0.0023154
2021-11-19,0.0014409
2021-11-22,0.0016415
2021-11-23,0.0020280000000000003
2021-11-24,0.0025894
2021-11-25,0.0025306
2021-11-26,0.0018835
2021-11-29,0.0019809
2021-11-30,0.0011358
2021-12-01,0.0007577
2021-12-02,0.0007612
2021-12-03,0.0005694
2021-12-06,0.00045589999999999997
2021-12-07,0.00032149999999999995
2021-12-08,4.1599999999999995e-05
2021-12-09,0.0009237
2021-12-10,0.0010823
2021-12-13,0.0009982
2021-12-14,0.0007149
2021-12-15,0.0008640000000000001
2021-12-16,0.0013437
2021-12-17,0.0013746
2021-12-20,0.0011721
2021-12-21,0.0019603
2021-12-22,0.0025302000000000002
2021-12-23,0.0025826
2021-12-27,0.0028403
2021-12-28,0.0028025
2021-12-29,0.0030603
2021-12-30,0.0032994
2022-01-03,0.0033656999999999997
2022-01-04,0.0042036
2022-01-05,0.0041185
2022-01-06,0.008410800000000001
2022-01-07,0.022587100000000002
2022-01-10,0.022858100000000003
2022-01-11,0.0042625
2022-01-12,0.0045636
2022-01-13,0.021863399999999998
2022-01-14,0.0206665
2022-01-17,0.0226253
2022-01-18,0.0227637
2022-01-19,0.0230328
2022-01-20,0.0220554
2022-01-21,0.011636899999999999
2022-01-24,0.0103776
2022-01-25,0.0169375
2022-01-26,0.0082593
2022-01-27,0.008406400000000001
2022-01-28,0.006194300000000001
2022-01-31,0.0039638
2022-02-01,0.0040279
2022-02-02,0.0041573
2022-02-03,0.0040022
2022-02-04,0.005098500000000001
2022-02-07,0.005135300000000001
2022-02-08,0.0054342999999999995
2022-02-09,0.0062664
2022-02-10,0.0063892
2022-02-11,0.0066444
2022-02-14,0.0049082
2022-02-15,0.005898400000000001
2022-02-16,0.0066488
2022-02-17,0.0065125
2022-02-18,0.006029400000000001
2022-02-21,0.0060393
2022-02-22,0.0058207
2022-02-23,0.0059426
2022-02-24,0.0051017
2022-02-25,0.0057675
2022-02-28,0.005749499999999999
2022-03-01,0.0041596
2022-03-02,0.0041635
2022-03-03,0.0043068
2022-03-04,0.0036515
2022-03-07,0.0021495
2022-03-08,0.0029633999999999997
2022-03-09,0.0047001
2022-03-10,0.0048202
2022-03-11,0.0051499
2022-03-14,0.0057909
2022-03-15,0.0062499
2022-03-16,0.0067120999999999995
2022-03-17,0.0060372
2022-03-18,0.006511599999999999
2022-03-21,0.0069919
2022-03-22,0.0075071
2022-03-23,0.0073748
2022-03-24,0.0075104
2022-03-25,0.0072116
2022-03-28,0.0057350000000000005
2022-03-29,0.007067400000000001
2022-03-30,0.0076124999999999995
2022-03-31,0.007476
2022-04-01,0.007573
2022-04-04,0.0066076
2022-04-05,0.0069145000000000005
2022-04-06,0.008015099999999999
2022-04-07,0.0085612
2022-04-08,0.008633
2022-04-11,0.0091416
2022-04-12,0.010093399999999999
2022-04-13,0.0099928
2022-04-14,0.009860299999999999
2022-04-19,0.0117636
2022-04-20,0.011522
2022-04-21,0.0112615
2022-04-22,0.011128800000000001
2022-04-25,0.0110515
2022-04-26,0.010445500000000002
2022-04-27,0.015271300000000002
2022-04-28,0.014628
2022-04-29,0.016513
2022-05-02,0.014080200000000001
2022-05-03,0.0125784
2022-05-04,0.0120288
2022-05-05,0.0123213
2022-05-06,0.012899899999999999
2022-05-09,0.0138449
2022-05-10,0.0048885000000000005
2022-05-11,2.86e-05
2022-05-12,1.18e-05
2022-05-13,3.5e-06
2022-05-16,1e-06
2022-05-17,2.1000000000000002e-06
2022-05-18,1.1e-06
2022-05-19,5.2900000000000005e-05
2022-05-20,1e-06
2022-05-23,1.2e-06
2022-05-24,1.7e-06
2022-05-25,1.1e-06
2022-05-26,2.5e-06
2022-05-27,1e-06
2022-05-30,1.4e-06
2022-05-31,1.2e-06
2022-06-01,1.4e-06
2022-06-02,1e-06
2022-06-03,1.4e-06
2022-06-06,2e-06
2022-06-07,4.5e-06
2022-06-08,2.5e-06
2022-06-09,2.4e-06
2022-06-10,4.2000000000000004e-06
2022-06-13,1.4e-06
2022-06-14,2.2e-06
2022-06-15,2e-06
2022-06-16,1e-06
2022-06-17,1.2999999999999998e-06
2022-06-20,1e-06
2022-06-21,1e-06
2022-06-22,1.1e-06
2022-06-23,1e-06
2022-06-24,1.1e-06
2022-06-27,5.3e-06
2022-06-28,3.3e-06
2022-06-29,1e-06
2022-06-30,1.4999999999999998e-06
2022-07-01,1e-06
2022-07-04,1e-06
2022-07-05,1.31e-05
2022-07-06,0.0001382
2022-07-07,2.7e-06
2022-07-08,1.21e-05
2022-07-11,2.14e-05
2022-07-12,6.6e-06
2022-07-13,2.59e-05
2022-07-14,1e-06
2022-07-15,2.9e-06
2022-07-18,1.1e-06
2022-07-19,6.4000000000000006e-06
2022-07-20,1.7e-06
2022-07-21,3.6000000000000003e-06
2022-07-22,5.9e-06
2022-07-25,3.3e-05
2022-07-26,1e-06
2022-07-27,1.8000000000000001e-06
2022-07-28,3.3e-06
2022-07-29,1.4999999999999998e-06
2022-08-01,1e-06
2022-08-02,1e-06
2022-08-03,1.57e-05
2022-08-04,2.89e-05
2022-08-05,2.9999999999999997e-06
2022-08-08,1.2899999999999998e-05
2022-08-09,1.4999999999999998e-06
2022-08-10,7.2999999999999996e-06
2022-08-11,3.6000000000000003e-06
2022-08-12,1e-06
2022-08-15,1.1e-06
2022-08-16,1e-06
2022-08-17,1.4e-06
2022-08-18,1e-06
2022-08-19,2.1000000000000002e-06
2022-08-22,1e-06
2022-08-23,1.1e-06
2022-08-24,1.1900000000000001e-05
2022-08-25,1.0300000000000001e-05
2022-08-26,1.78e-05
2022-08-29,0.00011259999999999999
2022-08-30,0.0001417
2022-08-31,0.0015064
2022-09-01,0.0035603
2022-09-02,2.7e-06
2022-09-05,1e-06
2022-09-06,1e-06
2022-09-07,1.6000000000000001e-06
2022-09-08,1.8000000000000001e-06
2022-09-09,1.2e-06
2022-09-12,1e-06
2022-09-13,8.5e-06
2022-09-14,1e-06
2022-09-15,1e-06
2022-09-16,5.4e-06
2022-09-19,4.58e-05
2022-09-20,2.7e-06
2022-09-21,0.0195847
2022-09-22,0.0185219
2022-09-23,0.0165035
2022-09-26,0.0149177
2022-09-27,0.0161622
2022-09-28,0.0171358
2022-09-29,0.0162908
2022-09-30,0.014276800000000001
2022-10-03,0.0138602
2022-10-04,0.0090374
2022-10-05,0.010570900000000001
2022-10-06,0.0132179
2022-10-07,0.0132816
2022-10-10,0.011410499999999999
2022-10-11,0.01341
2022-10-12,0.0109048
2022-10-13,0.0104313
2022-10-14,0.010556399999999999
2022-10-17,0.0103413
2022-10-18,0.0120407
2022-10-19,0.012473099999999999
2022-10-20,0.0125484
2022-10-21,0.0163102
2022-10-24,0.0129522
2022-10-25,0.0120032
2022-10-26,0.012172400000000002
2022-10-27,0.012299
2022-10-28,0.0129868
2022-10-31,0.0124486
2022-11-01,0.009719
2022-11-02,0.0112357
2022-11-03,0.012660800000000002
2022-11-04,0.0134485
2022-11-07,0.012803199999999999
2022-11-08,0.0136893
2022-11-09,0.0126749
2022-11-10,0.012688600000000001
2022-11-11,0.0109399
2022-11-14,0.010753500000000001
2022-11-15,0.0125293
2022-11-16,0.0113345
2022-11-17,0.0084385
2022-11-18,0.0109847
2022-11-21,0.0104771
2022-11-22,0.009409800000000001
2022-11-23,0.0085025
2022-11-24,0.0084749
2022-11-25,0.0087472
2022-11-28,0.0089444
2022-11-29,0.0078832
2022-11-30,0.008595
2022-12-01,0.0082067
2022-12-02,0.0022643
2022-12-05,0.0027145999999999997
2022-12-06,0.0028087
2022-12-07,0.0020164000000000002
2022-12-08,0.0018287
2022-12-09,0.0010911
2022-12-12,0.00026599999999999996
2022-12-13,0.0021907
2022-12-14,0.0041567
2022-12-15,0.0023769999999999998
2022-12-16,0.0081523
2022-12-19,0.0069718
2022-12-20,0.0062054
2022-12-21,0.006203800000000001
2022-12-22,0.0059808
2022-12-23,0.0056791
2022-12-27,0.0062116
2022-12-28,0.0080384
2022-12-29,0.0061154
2022-12-30,0.0090536
2023-01-02,0.0067291
2023-01-03,0.0102224
2023-01-04,0.0093532
2023-01-05,0.00864
2023-01-06,0.0093187
2023-01-09,0.0076395000000000005
2023-01-10,0.0056126
2023-01-11,0.006545800000000001
2023-01-12,0.0020610999999999997
2023-01-13,0.0011624
2023-01-16,0.0023894000000000003
2023-01-17,0.0043555
2023-01-18,0.0021057999999999997
2023-01-19,4.94e-05
2023-01-20,0.0010795
2023-01-23,0.001493
2023-01-24,0.0014177
2023-01-25,0.0005972999999999999
2023-01-26,0.001532
2023-01-27,0.0025848
2023-01-30,0.0049047000000000006
2023-01-31,0.0034379
2023-02-01,0.0020064
2023-02-02,0.0020391000000000003
2023-02-03,0.0017571000000000002
2023-02-06,0.0045737
2023-02-07,0.0066163
2023-02-08,0.0062778999999999995
2023-02-09,0.005626
2023-02-10,0.006875599999999999
2023-02-13,0.0064096
2023-02-14,0.0064416
2023-02-15,0.0064
2023-02-16,0.0045325
2023-02-17,0.0071589999999999996
2023-02-20,0.0054153
2023-02-21,0.0083023
2023-02-22,0.0088007
2023-02-23,0.0104942
2023-02-24,0.0079513
2023-02-27,0.008735699999999999
2023-02-28,0.0076676
2023-03-01,0.0085954
2023-03-02,0.0111016
2023-03-03,0.008992
2023-03-06,0.0084613
2023-03-07,0.0084851
2023-03-08,0.007247
2023-03-09,0.0085352
2023-03-10,0.005364900000000001
2023-03-13,0.0056711999999999995
2023-03-14,0.0117186
2023-03-15,0.0074348999999999995
2023-03-16,0.0027509
2023-03-17,0.002565
2023-03-20,0.0012784
2023-03-21,0.0027033
2023-03-22,0.0031722
2023-03-23,0.0029502
2023-03-24,0.0089018
2023-03-27,0.0024845
2023-03-28,0.0038265
2023-03-29,0.0038168000000000004
2023-03-30,0.0040311999999999995
2023-03-31,0.0038285000000000003
2023-04-03,0.0041341
2023-04-04,0.0034564
2023-04-05,0.0036431999999999997
2023-04-06,0.0022747
2023-04-11,0.0032446999999999997
2023-04-12,0.0038883
2023-04-13,0.0046385
2023-04-14,0.0046960000000000005
2023-04-17,0.025505800000000002
2023-04-18,0.025939399999999998
2023-04-19,0.025978400000000002
2023-04-20,0.0256855
2023-04-21,0.0254677
2023-04-24,0.025594899999999997
2023-04-25,0.0256101
2023-04-26,0.0251001
2023-04-27,0.0259436
2023-04-28,0.025213700000000002
2023-05-02,0.0255343
2023-05-03,0.0243248
2023-05-04,0.0249233
2023-05-05,0.0042748000000000005
2023-05-08,0.0047686000000000004
2023-05-09,0.0049675000000000006
2023-05-10,0.0052625
2023-05-11,0.0259211
2023-05-12,0.0253491
2023-05-15,0.0067015
2023-05-16,0.0052432
2023-05-17,0.005129
2023-05-18,0.0057035
2023-05-19,0.0062646
2023-05-22,0.0058062999999999995
2023-05-23,0.006434499999999999
2023-05-24,0.0060983
2023-05-25,0.0063495999999999995
2023-05-26,0.0067775
2023-05-29,0.0061660000000000005
2023-05-30,0.0266148
2023-05-31,0.0044523
2023-06-01,0.0047861
2023-06-02,0.0047605
2023-06-05,0.0265185
2023-06-06,0.026240899999999998
2023-06-07,0.0263539
2023-06-08,0.027246199999999998
2023-06-09,0.0267359
2023-06-12,0.0263219
2023-06-13,0.0262897
2023-06-14,0.0057706
2023-06-15,0.0059713000000000006
2023-06-16,0.0054840999999999996
2023-06-19,0.0263597
2023-06-20,0.026313399999999997
2023-06-21,0.0250855
2023-06-22,0.0249628
2023-06-23,0.0243754
2023-06-26,0.024138299999999998
2023-06-27,0.0242227
2023-06-28,0.024253499999999997
2023-06-29,0.0240842
2023-06-30,0.024668000000000002
2023-07-03,0.0234858
2023-07-04,0.0244981
2023-07-05,0.0243938
2023-07-06,0.025518100000000002
2023-07-07,0.0263484
2023-07-10,0.026944499999999996
2023-07-11,0.026248800000000003
2023-07-12,0.0267333
2023-07-13,0.0258677
2023-07-14,0.0255289
2023-07-17,0.0049489
2023-07-18,0.0043397999999999996
2023-07-19,0.0037202000000000003
2023-07-20,0.0044711
2023-07-21,0.0049362
2023-07-24,0.0044046
2023-07-25,0.0047433
2023-07-26,0.0047437
2023-07-27,0.0053249000000000005
2023-07-28,0.0057315000000000005
2023-07-31,0.005828900000000001
2023-08-01,0.0056359999999999995
2023-08-02,0.006019
2023-08-03,0.0065995
2023-08-04,0.0066497
2023-08-07,0.0065732
2023-08-08,0.0055542000000000005
2023-08-09,0.0053893000000000005
2023-08-10,0.006035700000000001
2023-08-11,0.0064396
2023-08-14,0.0068591
2023-08-15,0.0074466
2023-08-16,0.007300999999999999
2023-08-17,0.0076241
2023-08-18,0.0069625
2023-08-21,0.0074446
2023-08-22,0.0073551
2023-08-23,0.0063027
2023-08-24,0.0057457
2023-08-25,0.0063978
2023-08-28,0.0065356
2023-08-29,0.0063551
2023-08-30,0.006509200000000001
2023-08-31,0.0060628
2023-09-01,0.0059223
2023-09-04,0.006821700000000001
2023-09-05,0.0072119
2023-09-06,0.0074034999999999995
2023-09-07,0.0073997
2023-09-08,0.0071588
2023-09-11,0.007383999999999999
2023-09-12,0.0073902
2023-09-13,0.0103438
2023-09-14,0.0088126
2023-09-15,0.0079258
2023-09-18,0.0086676
2023-09-19,0.0082497
2023-09-20,0.0097897
2023-09-21,0.0086409
2023-09-22,0.0091693
2023-09-25,0.0102211
2023-09-26,0.010048600000000001
2023-09-27,0.0103921
2023-09-28,0.0137618
2023-09-29,0.013035300000000001
2023-10-02,0.011137900000000001
2023-10-03,0.011465399999999999
2023-10-04,0.0117126
2023-10-05,0.0116266
2023-10-06,0.0111312
2023-10-09,0.010716300000000002
2023-10-10,0.0102023
2023-10-11,0.009146999999999999
2023-10-12,0.0090901
2023-10-13,0.0092328
2023-10-16,0.009789299999999999
2023-10-17,0.009959
2023-10-18,0.0106929
2023-10-19,0.0109741
2023-10-20,0.0109625
2023-10-23,0.0114829
2023-10-24,0.0097654
2023-10-25,0.0104956
2023-10-26,0.011035999999999999
2023-10-27,0.010875300000000001
2023-10-30,0.010907100000000001
2023-10-31,0.0104268
2023-11-01,0.0111518
2023-11-02,0.010039800000000002
2023-11-03,0.0098832
2023-11-06,0.0095891
2023-11-07,0.0093211
2023-11-08,0.008289
2023-11-09,0.0086283
2023-11-10,0.0094381
2023-11-13,0.0089701
2023-11-14,0.0088296
2023-11-15,0.0080398
2023-11-16,0.0143608
2023-11-17,0.0161819
2023-11-20,0.0154104
2023-11-21,0.0157715
2023-11-22,0.0141002
2023-11-23,0.0154617
2023-11-24,0.0156464
2023-11-27,0.0152499
2023-11-28,0.0169377
2023-11-29,0.0188335
2023-11-30,0.0207644
2023-12-01,0.01462
2023-12-04,0.006128400000000001
2023-12-05,0.0053607
2023-12-06,0.0045248
2023-12-07,0.00356
2023-12-08,0.0089354
2023-12-11,0.0065886
2023-12-12,0.0085716
2023-12-13,0.0049112
2023-12-14,0.0027553
2023-12-15,0.0022747
2023-12-18,0.0019806000000000003
2023-12-19,0.0021818000000000002
2023-12-20,0.0017813000000000002
2023-12-21,0.0015123
2023-12-22,0.0015612
2023-12-27,0.0014635000000000002
2023-12-28,0.0014789
2023-12-29,0.0025164999999999996
2024-01-02,0.0032435999999999997
2024-01-03,0.0029515
2024-01-04,0.0030581000000000002
2024-01-05,0.0036118
2024-01-08,0.0037148
2024-01-09,0.0041034
2024-01-10,0.0037873
2024-01-11,0.0037987999999999997
2024-01-12,0.0036862
2024-01-15,0.0041094999999999994
2024-01-16,0.004141000000000001
2024-01-17,0.0043915
2024-01-18,0.0046815
2024-01-19,0.004814
2024-01-22,0.0044827
2024-01-23,0.0047568
2024-01-24,0.0050648
2024-01-25,0.0053711
2024-01-26,0.0047591
2024-01-29,0.004564599999999999
2024-01-30,0.004633399999999999
2024-01-31,0.0043454
2024-02-01,0.0044881
2024-02-02,0.0036431000000000002
2024-02-05,0.0047893
2024-02-06,0.0054302
2024-02-07,0.0052017
2024-02-08,0.0053300000000000005
2024-02-09,0.0056074
2024-02-12,0.0055642
2024-02-13,0.005626600000000001
2024-02-14,0.005382400000000001
2024-02-15,0.004762199999999999
2024-02-16,0.005454
2024-02-19,0.0054444
2024-02-20,0.005368
2024-02-21,0.0055066
2024-02-22,0.0057759000000000005
2024-02-23,0.0060248
2024-02-26,0.0050589
2024-02-27,0.0066364
2024-02-28,0.006076399999999999
2024-02-29,0.0126121
2024-03-01,0.0053726
2024-03-04,0.0052343
2024-03-05,0.005143999999999999
2024-03-06,0.0089424
2024-03-07,0.0042848999999999995
2024-03-08,0.0042061
2024-03-11,0.0043405
2024-03-12,0.0044019
2024-03-13,0.0045734999999999994
2024-03-14,0.005305600000000001
2024-03-15,0.0057523
2024-03-18,0.0059748
2024-03-19,0.0058875
2024-03-20,0.0128673
2024-03-21,0.0061167
2024-03-22,0.0073941
2024-03-25,0.0051007000000000005
2024-03-26,0.005039
2024-03-27,0.0075912
2024-03-28,0.0126198
2024-04-02,0.005334
2024-04-03,0.0056857
2024-04-04,0.0054789
2024-04-05,0.0092396
2024-04-08,0.0179019
2024-04-09,0.0169158
2024-04-10,0.0098003
2024-04-11,0.018092900000000002
2024-04-12,0.014199600000000001
2024-04-15,0.0054711
2024-04-16,0.007168600000000001
2024-04-17,0.014409799999999999
2024-04-18,0.016492
2024-04-19,0.0164452
2024-04-22,0.018305599999999998
2024-04-23,0.0170427
2024-04-24,0.0188319
2024-04-25,0.0200497
2024-04-26,0.019498
2024-04-29,0.0203668
2024-04-30,0.018633999999999998
2024-05-02,0.018542
2024-05-03,0.019137
2024-05-06,0.0198911
2024-05-07,0.018585499999999998
2024-05-08,0.017010499999999998
2024-05-09,0.0140583
2024-05-10,0.014004399999999998
2024-05-13,0.0141201
2024-05-14,0.0097329
2024-05-15,0.0126077
2024-05-16,0.0108166
2024-05-17,0.016434400000000002
2024-05-20,0.0167916
2024-05-21,0.0163015
2024-05-22,0.0165637
2024-05-23,0.0150376
2024-05-24,0.013488
2024-05-27,0.012720100000000002
2024-05-28,0.0136992
2024-05-29,0.0158215
2024-05-30,0.014945
2024-05-31,0.0138187
2024-06-03,0.0147422
2024-06-04,0.0155006
2024-06-05,0.01551
2024-06-06,0.015500199999999999
2024-06-07,0.0129061
2024-06-10,0.012318800000000001
2024-06-11,0.0154725
2024-06-12,0.015463
2024-06-13,0.0153961
2024-06-14,0.0183771
2024-06-17,0.019494499999999998
2024-06-18,0.016393500000000002
2024-06-19,0.0161371
2024-06-20,0.016763
2024-06-21,0.016592199999999998
2024-06-24,0.0165066
2024-06-25,0.016374200000000002
2024-06-26,0.0165002
2024-06-27,0.017606200000000002
2024-06-28,0.018520099999999998
2024-07-01,0.016409
2024-07-02,0.0180062
2024-07-03,0.0165353
2024-07-04,0.0176217
2024-07-05,0.0158935
2024-07-08,0.0159009
2024-07-09,0.0151479
2024-07-10,0.0159671
2024-07-11,0.019323
2024-07-12,0.0220223
2024-07-15,0.0190528
2024-07-16,0.019974099999999998
2024-07-17,0.0098961
2024-07-18,0.0084292
2024-07-19,0.0092161
2024-07-22,0.011519099999999999
2024-07-23,0.0150556
2024-07-24,0.0062995
2024-07-25,0.0063690000000000005
2024-07-26,0.0065525
2024-07-29,0.0056196
2024-07-30,0.0058043999999999995
2024-07-31,0.005551899999999999
2024-08-01,0.00127
2024-08-02,0.0011114
2024-08-05,2.4e-06
2024-08-06,0.0011294
2024-08-07,0.0045288
2024-08-08,0.0039619
2024-08-09,0.0038646
2024-08-12,0.0143846
2024-08-13,0.0032852
2024-08-14,0.0035941000000000002
2024-08-15,0.0035472999999999998
2024-08-16,0.0036655999999999998
2024-08-19,0.0048265999999999995
2024-08-20,0.0045623
2024-08-21,0.0048575
2024-08-22,0.0065774
2024-08-23,0.0059651
2024-08-26,0.0071236
2024-08-27,0.006782
2024-08-28,0.0072008
2024-08-29,0.005998099999999999
2024-08-30,0.006674
2024-09-02,0.0067491999999999995
2024-09-03,0.0066245
2024-09-04,0.0059935000000000006
2024-09-05,0.0061775
2024-09-06,0.0062597
2024-09-09,0.007039699999999999
2024-09-10,0.0072156
2024-09-11,0.006447199999999999
2024-09-12,0.005953699999999999
2024-09-13,0.0059848
2024-09-16,0.0063085
2024-09-17,0.0065188
2024-09-18,0.007445
2024-09-19,0.007672
2024-09-20,0.0078131
2024-09-23,0.0072368
2024-09-24,0.0065837000000000005
2024-09-25,0.0055634
2024-09-26,0.0054812
2024-09-27,0.0058265
2024-09-30,0.0063331
2024-10-01,0.0044702
2024-10-02,0.005331
2024-10-03,0.0059044
2024-10-04,0.0067935
2024-10-07,0.0074567
2024-10-08,0.007389400000000001
2024-10-09,0.0073809999999999995
2024-10-10,0.0074021
2024-10-11,0.0075457
2024-10-14,0.0080501
2024-10-15,0.0081707
2024-10-16,0.007568399999999999
2024-10-17,0.0072187
2024-10-18,0.0076717999999999995
2024-10-21,0.0077691
2024-10-22,0.0075970000000000005
2024-10-23,0.0075793
2024-10-24,0.007567000000000001
2024-10-25,0.0072019
2024-10-28,0.007826300000000001
2024-10-29,0.0082541
2024-10-30,0.0085072
2024-10-31,0.010148299999999999
2024-11-01,0.0110148
2024-11-04,0.010860700000000001
2024-11-05,0.010674600000000001
2024-11-06,0.009555000000000001
2024-11-07,0.010266299999999999
2024-11-08,0.0102891
2024-11-11,0.0107537
2024-11-12,0.0104206
2024-11-13,0.011334900000000002
2024-11-14,0.012448999999999998
2024-11-15,0.0119458
2024-11-18,0.0132981
2024-11-19,0.011342600000000001
2024-11-20,0.0119076
2024-11-21,0.0114856
2024-11-22,0.010612
2024-11-25,0.011268199999999999
2024-11-26,0.0108656
2024-11-27,0.0097237
2024-11-28,0.0098126
2024-11-29,0.009082
2024-12-02,0.0091083
2024-12-03,0.0090346
2024-12-04,0.0094343
2024-12-05,0.0100167
2024-12-06,0.010257400000000002
2024-12-09,0.0097441
2024-12-10,0.008744499999999999
2024-12-11,0.0089484
2024-12-12,0.0090335
2024-12-13,0.0092602
2024-12-16,0.009368300000000001
2024-12-17,0.0095558
2024-12-18,0.009925699999999999
2024-12-19,0.010780000000000001
2024-12-20,0.010409999999999999
2024-12-23,0.010559099999999998
2024-12-27,0.0114216
2024-12-30,0.0117198
2025-01-02,0.011328499999999998
2025-01-03,0.0111613
2025-01-06,0.0116174
2025-01-07,0.0113937
2025-01-08,0.0116017
2025-01-09,0.0119489
2025-01-10,0.0122335
2025-01-13,0.0135254
2025-01-14,0.014379
2025-01-15,0.015170999999999999
2025-01-16,0.0138557
2025-01-17,0.0136284
2025-01-20,0.013333600000000001
2025-01-21,0.0124747
2025-01-22,0.0117672
2025-01-23,0.012278899999999999
2025-01-24,0.0120311
2025-01-27,0.011266400000000001
2025-01-28,0.011133500000000001
2025-01-29,0.0108998
2025-01-30,0.0112018
2025-01-31,0.0103397
2025-02-03,0.0108301
2025-02-04,0.0106891
2025-02-05,0.0100881
2025-02-06,0.0099014
2025-02-07,0.0101469
2025-02-10,0.0104153
2025-02-11,0.0111385
2025-02-12,0.011070100000000001
2025-02-13,0.0115184
2025-02-14,0.0114108
2025-02-17,0.0113122
2025-02-18,0.0114674
2025-02-19,0.0111667
2025-02-20,0.011417299999999998
2025-02-21,0.011352500000000001
2025-02-24,0.0119056
2025-02-25,0.011720699999999999
2025-02-26,0.0107406
2025-02-27,0.010447699999999999
2025-02-28,0.0089999
2025-03-03,0.0071894
2025-03-04,0.006531
2025-03-05,0.0068767
2025-03-06,0.013378300000000001
2025-03-07,0.013223
2025-03-10,0.0117465
2025-03-11,0.0125886
2025-03-12,0.012923800000000001
2025-03-13,0.0128583
2025-03-14,0.0122713
2025-03-17,0.0121529
2025-03-18,0.012329300000000001
2025-03-19,0.011751000000000001
2025-03-20,0.011789
2025-03-21,0.0107918
2025-03-24,0.0280537
2025-03-25,0.0285439
2025-03-26,0.0289309
2025-03-27,0.029212699999999998
2025-03-28,0.0268343
2025-03-31,0.0237723
2025-04-01,0.023884
2025-04-02,0.0243704
2025-04-03,0.0221205
2025-04-04,0.011323300000000001
2025-04-07,0.0168998
2025-04-08,0.0267116
2025-04-09,0.027009599999999998
2025-04-10,0.0137342
2025-04-11,0.0112178
2025-04-14,0.0138258
2025-04-15,0.007896199999999999
2025-04-16,0.0095403
2025-04-17,0.0095949
2025-04-22,0.0068665
2025-04-23,0.006952000000000001
2025-04-24,0.0070504999999999995
2025-04-25,0.0069835
2025-04-28,0.0076341000000000004
2025-04-29,0.007151800000000001
2025-04-30,0.007017600000000001
2025-05-02,0.006795099999999999
2025-05-05,0.0075138
2025-05-06,0.0074953
2025-05-07,0.0075724
2025-05-08,0.0071138
2025-05-09,0.0076909000000000005
2025-05-12,0.0082722
2025-05-13,0.0087812
2025-05-14,0.0091295
2025-05-15,0.010514699999999998
2025-05-16,0.0100523
2025-05-19,0.0090787
2025-05-20,0.008666199999999999
2025-05-21,0.0090904
2025-05-22,0.0089596
2025-05-23,0.0089191
2025-05-26,0.008281199999999999
2025-05-27,0.007920700000000001
2025-05-28,0.007813
2025-05-29,0.0087405
2025-05-30,0.0085749
2025-06-02,0.009011400000000001
2025-06-03,0.0079
2025-06-04,0.0081563
2025-06-05,0.009021099999999999
2025-06-06,0.0097167
2025-06-09,0.009112799999999999
2025-06-10,0.0098246
2025-06-11,0.0090565
2025-06-12,0.0089169
2025-06-13,0.0100982
2025-06-16,0.009733
2025-06-17,0.0099323
2025-06-18,0.0089993
2025-06-19,0.009732600000000001
2025-06-20,0.009664
2025-06-23,0.010495699999999998
2025-06-24,0.0091949
2025-06-25,0.009809
2025-06-26,0.010017100000000001
2025-06-27,0.0093528
2025-06-30,0.010002500000000001
2025-07-01,0.0094108
2025-07-02,0.010229299999999998
2025-07-03,0.0095462
2025-07-04,0.008821
2025-07-07,0.0088944
2025-07-08,0.01109
2025-07-09,0.0105131
2025-07-10,0.0102772
2025-07-11,0.0105298
2025-07-14,0.0106586
2025-07-15,0.0101922
2025-07-16,0.0104269
2025-07-17,0.0097343
2025-07-18,0.031808
2025-07-21,0.0317481
2025-07-22,0.0310466
2025-07-23,0.031216300000000002
2025-07-24,0.030594
2025-07-25,0.0300515
2025-07-28,0.0295646
2025-07-29,0.0302026
2025-07-30,0.0296832
2025-07-31,0.0288172
2025-08-01,0.0295396
2025-08-04,0.030451899999999997
2025-08-05,0.0295174
2025-08-06,0.029829500000000002
2025-08-07,0.0299962
2025-08-08,0.0294556
2025-08-11,0.029965199999999997
2025-08-12,0.030549499999999997
2025-08-13,0.0313402
2025-08-14,0.0310102
2025-08-15,0.0325053
2025-08-18,0.0322773
2025-08-19,0.0328376
2025-08-20,0.0320734
2025-08-21,0.0317497
2025-08-22,0.0317959
2025-08-25,0.0320452
2025-08-26,0.0324505
2025-08-27,0.0320805
2025-08-28,0.0325412
2025-08-29,0.0327053
2025-09-01,0.0335087
2025-09-02,0.0334276
2025-09-03,0.034109099999999996
2025-09-04,0.0334794
2025-09-05,0.032664900000000004
2025-09-08,0.0325059
2025-09-09,0.032504200000000004
2025-09-10,0.0317821
2025-09-11,0.031145
2025-09-12,0.029457499999999998
2025-09-15,0.030122399999999997
2025-09-16,0.0302603
2025-09-17,0.0309143
2025-09-18,0.0307486
2025-09-19,0.0314661
2025-09-22,0.0317368
2025-09-23,0.0319196
2025-09-24,0.0314353
2025-09-25,0.0313759
2025-09-26,0.0309698
2025-09-29,0.030805600000000002
2025-09-30,0.0303137
2025-10-01,0.0306052
2025-10-02,0.029871599999999998
2025-10-03,0.0300189
2025-10-06,0.0321509
2025-10-07,0.0322132
2025-10-08,0.0317246
2025-10-09,0.031685
2025-10-10,0.030872700000000003
2025-10-13,0.0298164
2025-10-14,0.0303692
2025-10-15,0.0298522
2025-10-16,0.0287836
2025-10-17,0.0307608
2025-10-20,0.0301251
2025-10-21,0.0293385
2025-10-22,0.0288273
2025-10-23,0.029621300000000003
2025-10-24,0.0297817
2025-10-27,0.0295507
2025-10-28,0.0291002
2025-10-29,0.029143099999999998
2025-10-30,0.028692000000000002
2025-10-31,0.028886500000000002
2025-11-03,0.0292759
2025-11-04,0.0296516
2025-11-05,0.029748700000000003
2025-11-06,0.029880900000000002
2025-11-07,0.0300234
2025-11-10,0.0302055
2025-11-11,0.030203999999999998
2025-11-12,0.030092400000000002
2025-11-13,0.030134599999999997
2025-11-14,0.0323808
2025-11-17,0.0321539
2025-11-18,0.0321293
2025-11-19,0.0328755
2025-11-20,0.0331336
2025-11-21,0.0331688
2025-11-24,0.0324674
2025-11-25,0.0318875
2025-11-26,0.0318124
2025-11-27,0.0308211
2025-11-28,0.029881099999999997
2025-12-01,0.0303212
2025-12-02,0.030940699999999998
2025-12-03,0.0321318
2025-12-04,0.0333302
2025-12-05,0.0337817
2025-12-08,0.0329778
2025-12-09,0.031165099999999998
2025-12-10,0.031459299999999996
2025-12-11,0.030017299999999997
2025-12-12,0.0301872
2025-12-15,0.0304078
2025-12-16,0.0304396
2025-12-17,0.0322756
2025-12-18,0.0321586
2025-12-19,0.033361800000000004
2025-12-22,0.0335612
2025-12-23,0.0326747
2025-12-29,0.0326699
2025-12-30,0.0327148
2026-01-02,0.033158099999999996
2026-01-05,0.0343317
2026-01-06,0.0350544
2026-01-07,0.0340152
2026-01-08,0.033483900000000004
2026-01-09,0.0327246
2026-01-12,0.0325157
2026-01-13,0.033336199999999996
2026-01-14,0.033312
2026-01-15,0.0328599
2026-01-16,0.0316386
2026-01-19,0.033249100000000004
2026-01-20,0.034921600000000004
2026-01-21,0.0355809
2026-01-22,0.034197000000000005
2026-01-23,0.033512
2026-01-26,0.0334363
2026-01-27,0.033641700000000004
2026-01-28,0.0352528
2026-01-29,0.035150100000000004
2026-01-30,0.0349554
2026-02-02,0.0345474
2026-02-03,0.034547
2026-02-04,0.0344676
2026-02-05,0.0348419
2026-02-06,0.0349691
2026-02-09,0.0353525
2026-02-10,0.0352458
2026-02-11,0.0342725
2026-02-12,0.034143
2026-02-13,0.0341775
2026-02-16,0.0338583
2026-02-17,0.0342691
2026-02-18,0.0339746
2026-02-19,0.0338641
2026-02-20,0.0331516
2026-02-23,0.0333779
2026-02-24,0.0333205
2026-02-25,0.0333726
2026-02-26,0.0333396
2026-02-27,0.033298999999999995
2026-03-02,0.032659799999999996
2026-03-03,0.0206865
2026-03-04,0.021753300000000003
2026-03-05,0.0219555
2026-03-06,0.0143774
2026-03-09,0.0042401
2026-03-10,0.0063427
2026-03-11,0.0028309
2026-03-12,0.0
2026-03-13,5e-07
2026-03-16,3e-07
2026-03-17,7e-07
2026-03-18,1.0000000000000001e-07
2026-03-19,0.0388649
2026-03-20,0.0387741
2026-03-23,0.0389189
2026-03-24,0.038696100000000004
2026-03-25,0.0379368
2026-03-26,0.0380068
2026-03-27,0.0385378
2026-03-30,0.0387087
2026-03-31,0.038117
2026-04-01,0.0375728
2026-04-02,0.0384029
2026-04-07,0.038285900000000005
2026-04-08,0.0385031
2026-04-09,0.038686899999999996
2026-04-10,0.0398016
2026-04-13,0.0397495
2026-04-14,0.0398203
2026-04-15,0.039854099999999996
2026-04-16,0.0400948
2026-04-17,0.0401523
2026-04-20,0.0398613
2026-04-21,0.0395202
2026-04-22,0.0396132
2026-04-23,0.039407700000000004
2026-04-24,0.039645
2026-04-27,0.0395468
2026-04-28,0.0397709
2026-04-29,0.0395849
2026-04-30,0.039661
2026-05-04,0.0393226
2026-05-05,0.039551699999999995
2026-05-06,0.0391887
2026-05-07,0.0393372
2026-05-08,0.0394137
2026-05-11,0.0394667
2026-05-12,0.040043300000000004
2026-05-13,0.0401377
2026-05-14,0.040082700000000006
2026-05-15,0.0402343
2026-05-18,0.0406891
2026-05-19,0.040821300000000005
2026-05-20,0.0407117
2026-05-21,0.040068400000000004
2026-05-22,0.0397465
2026-05-25,0.0391181
2026-05-26,0.039181099999999996
2026-05-27,0.039166599999999996
2026-05-28,0.0394028
2026-05-29,0.0392989
2026-06-01,0.039385699999999996
2026-06-02,0.0391304
2026-06-03,0.039570799999999996
2026-06-04,0.039763099999999996
2026-06-05,0.039692
2026-06-08,0.0398098
2026-06-09,0.040024699999999996
2026-06-10,0.0400294
2026-06-11,0.0400138
2026-06-12,0.039433699999999995
2026-06-15,0.0395427
2026-06-16,0.0393543
2026-06-17,0.0391895
2026-06-18,0.0388057
2026-06-19,0.03928
2026-06-22,0.039446
2026-06-23,0.039256
2026-06-24,0.0387844
2026-06-25,0.0383412
2026-06-26,0.0384049
2026-06-29,0.0384884
2026-06-30,0.0384998
2026-07-01,0.038938
2026-07-02,0.0393982
2026-07-03,0.0396205
2026-07-06,0.0396921
2026-07-07,0.0401125
2026-07-08,0.0406046
2026-07-09,0.040802399999999996
2026-07-10,0.0406536
2026-07-13,0.0405033
2026-07-14,0.0404448
2026-07-15,0.040727200000000005
2026-07-16,0.0408567
2026-07-17,0.0405873
2026-07-20,0.0404715
2026-07-21,0.0407923
2026-07-22,0.0407076
2026-07-23,0.0404807
2026-07-24,0.0404381
2026-07-27,0.0401426
2026-07-28,0.040008100000000005
2026-07-29,0.0399737
2026-07-30,0.040666900000000006
2026-07-31,0.0405329
2026-08-03,0.040569100000000004
2026-08-04,0.0406301
2026-08-05,0.0403113
2026-08-06,0.0403673
2026-08-07,0.040644
2026-08-10,0.0405513
2026-08-11,0.0409495
2026-08-12,0.0405875
2026-08-13,0.0408203
2026-08-14,0.0410174
2026-08-17,0.0415897
2026-08-18,0.041948299999999994
2026-08-19,0.0419963
2026-08-20,0.041693499999999994
2026-08-21,0.0418062
2026-08-24,0.041703000000000004
2026-08-25,0.041621
2026-08-26,0.041353
2026-08-27,0.0396275
2026-08-28,0.0398008
2026-08-31,0.0419178
2026-09-01,0.0403224
2026-09-02,0.042265199999999996
2026-09-03,0.042014199999999995
2026-09-04,0.0420096
2026-09-07,0.0420827
2026-09-08,0.0421785
2026-09-09,0.0419354
2026-09-10,0.0425173
2026-09-11,0.0421
2026-09-14,0.0420144
2026-09-15,0.041962400000000004
2026-09-16,0.0418607
2026-09-17,0.041505
2026-09-18,0.0412108
2026-09-21,0.040744499999999996
2026-09-22,0.0406206
2026-09-23,0.040828300000000005
2026-09-24,0.0410037
2026-09-25,0.0411627
2026-09-28,0.0417832
2026-09-29,0.042172799999999996
2026-09-30,0.0418173
2026-10-01,0.0422602
2026-10-02,0.0414138
2026-10-05,0.0415209
